"source","parameter","value","rho_it","it","N"
"10_10_est_GP_param.csv","alpha",3.354069365,10,10,4000
"10_10_est_GP_param.csv","rho",1.712429113,10,10,4000
"10_10_est_GP_param.csv","sigma",2.968051452,10,10,4000
"10_10_est_GP_param.csv","mu[1]",-1.655241108,10,10,4000
"10_10_est_GP_param.csv","mu[2]",-0.67525102,10,10,4000
"10_10_est_GP_param.csv","mu[3]",-1.706688459,10,10,4000
"10_10_est_GP_param.csv","mu[4]",0.255426719,10,10,4000
"10_10_est_GP_param.csv","mu[5]",4.365228942,10,10,4000
"10_11_est_GP_param.csv","alpha",2.046884393,10,11,4000
"10_11_est_GP_param.csv","rho",1.508765191,10,11,4000
"10_11_est_GP_param.csv","sigma",2.989799033,10,11,4000
"10_11_est_GP_param.csv","mu[1]",-2.058645521,10,11,4000
"10_11_est_GP_param.csv","mu[2]",-3.607336097,10,11,4000
"10_11_est_GP_param.csv","mu[3]",-3.175474151,10,11,4000
"10_11_est_GP_param.csv","mu[4]",-0.5394496,10,11,4000
"10_11_est_GP_param.csv","mu[5]",-3.263497929,10,11,4000
"10_12_est_GP_param.csv","alpha",3.357735236,10,12,4000
"10_12_est_GP_param.csv","rho",1.961802543,10,12,4000
"10_12_est_GP_param.csv","sigma",2.968156478,10,12,4000
"10_12_est_GP_param.csv","mu[1]",0.822431927,10,12,4000
"10_12_est_GP_param.csv","mu[2]",-2.590499425,10,12,4000
"10_12_est_GP_param.csv","mu[3]",1.209169188,10,12,4000
"10_12_est_GP_param.csv","mu[4]",-0.183767702,10,12,4000
"10_12_est_GP_param.csv","mu[5]",-0.467376317,10,12,4000
"10_13_est_GP_param.csv","alpha",3.337585828,10,13,4000
"10_13_est_GP_param.csv","rho",1.966193132,10,13,4000
"10_13_est_GP_param.csv","sigma",3.060783675,10,13,4000
"10_13_est_GP_param.csv","mu[1]",-3.213737837,10,13,4000
"10_13_est_GP_param.csv","mu[2]",1.569337211,10,13,4000
"10_13_est_GP_param.csv","mu[3]",0.323973222,10,13,4000
"10_13_est_GP_param.csv","mu[4]",2.56100772,10,13,4000
"10_13_est_GP_param.csv","mu[5]",5.815794973,10,13,4000
"10_14_est_GP_param.csv","alpha",2.088400686,10,14,4000
"10_14_est_GP_param.csv","rho",1.495879619,10,14,4000
"10_14_est_GP_param.csv","sigma",2.981475008,10,14,4000
"10_14_est_GP_param.csv","mu[1]",0.620431599,10,14,4000
"10_14_est_GP_param.csv","mu[2]",1.039661465,10,14,4000
"10_14_est_GP_param.csv","mu[3]",2.043622665,10,14,4000
"10_14_est_GP_param.csv","mu[4]",0.693560067,10,14,4000
"10_14_est_GP_param.csv","mu[5]",-2.103895498,10,14,4000
"10_15_est_GP_param.csv","alpha",3.589793129,10,15,4000
"10_15_est_GP_param.csv","rho",1.930353712,10,15,4000
"10_15_est_GP_param.csv","sigma",2.989921558,10,15,4000
"10_15_est_GP_param.csv","mu[1]",-0.606461388,10,15,4000
"10_15_est_GP_param.csv","mu[2]",-1.59701759,10,15,4000
"10_15_est_GP_param.csv","mu[3]",-2.4530757,10,15,4000
"10_15_est_GP_param.csv","mu[4]",3.429891498,10,15,4000
"10_15_est_GP_param.csv","mu[5]",-0.027596922,10,15,4000
"10_16_est_GP_param.csv","alpha",3.111032204,10,16,4000
"10_16_est_GP_param.csv","rho",1.729959457,10,16,4000
"10_16_est_GP_param.csv","sigma",3.030503118,10,16,4000
"10_16_est_GP_param.csv","mu[1]",-2.231117838,10,16,4000
"10_16_est_GP_param.csv","mu[2]",0.075374552,10,16,4000
"10_16_est_GP_param.csv","mu[3]",-0.705047153,10,16,4000
"10_16_est_GP_param.csv","mu[4]",0.133086719,10,16,4000
"10_16_est_GP_param.csv","mu[5]",-1.72956329,10,16,4000
"10_17_est_GP_param.csv","alpha",3.214670805,10,17,4000
"10_17_est_GP_param.csv","rho",2.120107558,10,17,4000
"10_17_est_GP_param.csv","sigma",3.062821583,10,17,4000
"10_17_est_GP_param.csv","mu[1]",2.114831452,10,17,4000
"10_17_est_GP_param.csv","mu[2]",0.360726633,10,17,4000
"10_17_est_GP_param.csv","mu[3]",-2.297596952,10,17,4000
"10_17_est_GP_param.csv","mu[4]",1.918078482,10,17,4000
"10_17_est_GP_param.csv","mu[5]",-2.694288057,10,17,4000
"10_18_est_GP_param.csv","alpha",2.547111884,10,18,4000
"10_18_est_GP_param.csv","rho",1.842297482,10,18,4000
"10_18_est_GP_param.csv","sigma",3.019391343,10,18,4000
"10_18_est_GP_param.csv","mu[1]",-1.00259773,10,18,4000
"10_18_est_GP_param.csv","mu[2]",1.401412266,10,18,4000
"10_18_est_GP_param.csv","mu[3]",0.662650608,10,18,4000
"10_18_est_GP_param.csv","mu[4]",-1.083836339,10,18,4000
"10_18_est_GP_param.csv","mu[5]",-0.634019339,10,18,4000
"10_19_est_GP_param.csv","alpha",3.327079971,10,19,4000
"10_19_est_GP_param.csv","rho",1.748229148,10,19,4000
"10_19_est_GP_param.csv","sigma",3.03944607,10,19,4000
"10_19_est_GP_param.csv","mu[1]",0.617440563,10,19,4000
"10_19_est_GP_param.csv","mu[2]",1.350608017,10,19,4000
"10_19_est_GP_param.csv","mu[3]",1.27100452,10,19,4000
"10_19_est_GP_param.csv","mu[4]",3.110677319,10,19,4000
"10_19_est_GP_param.csv","mu[5]",5.360888598,10,19,4000
"10_2_est_GP_param.csv","alpha",2.483678026,10,2,4000
"10_2_est_GP_param.csv","rho",1.503859145,10,2,4000
"10_2_est_GP_param.csv","sigma",2.948532432,10,2,4000
"10_2_est_GP_param.csv","mu[1]",-1.306537548,10,2,4000
"10_2_est_GP_param.csv","mu[2]",4.770621439,10,2,4000
"10_2_est_GP_param.csv","mu[3]",1.231002582,10,2,4000
"10_2_est_GP_param.csv","mu[4]",0.581013537,10,2,4000
"10_2_est_GP_param.csv","mu[5]",-1.279890347,10,2,4000
"10_20_est_GP_param.csv","alpha",2.773509448,10,20,4000
"10_20_est_GP_param.csv","rho",1.664584143,10,20,4000
"10_20_est_GP_param.csv","sigma",3.031563713,10,20,4000
"10_20_est_GP_param.csv","mu[1]",-0.627119297,10,20,4000
"10_20_est_GP_param.csv","mu[2]",4.208311089,10,20,4000
"10_20_est_GP_param.csv","mu[3]",0.976731539,10,20,4000
"10_20_est_GP_param.csv","mu[4]",1.894464535,10,20,4000
"10_20_est_GP_param.csv","mu[5]",1.522026863,10,20,4000
"10_3_est_GP_param.csv","alpha",3.774303194,10,3,4000
"10_3_est_GP_param.csv","rho",1.865731062,10,3,4000
"10_3_est_GP_param.csv","sigma",2.947845744,10,3,4000
"10_3_est_GP_param.csv","mu[1]",-2.294975338,10,3,4000
"10_3_est_GP_param.csv","mu[2]",3.589259146,10,3,4000
"10_3_est_GP_param.csv","mu[3]",8.508236297,10,3,4000
"10_3_est_GP_param.csv","mu[4]",-3.196836728,10,3,4000
"10_3_est_GP_param.csv","mu[5]",1.265941087,10,3,4000
"10_4_est_GP_param.csv","alpha",3.014386312,10,4,4000
"10_4_est_GP_param.csv","rho",1.766085414,10,4,4000
"10_4_est_GP_param.csv","sigma",2.949173667,10,4,4000
"10_4_est_GP_param.csv","mu[1]",6.384238649,10,4,4000
"10_4_est_GP_param.csv","mu[2]",0.62156394,10,4,4000
"10_4_est_GP_param.csv","mu[3]",0.976237918,10,4,4000
"10_4_est_GP_param.csv","mu[4]",-3.174884878,10,4,4000
"10_4_est_GP_param.csv","mu[5]",-2.044094125,10,4,4000
"10_5_est_GP_param.csv","alpha",2.603588337,10,5,4000
"10_5_est_GP_param.csv","rho",1.797178508,10,5,4000
"10_5_est_GP_param.csv","sigma",3.021801754,10,5,4000
"10_5_est_GP_param.csv","mu[1]",-3.56044026,10,5,4000
"10_5_est_GP_param.csv","mu[2]",-2.254686524,10,5,4000
"10_5_est_GP_param.csv","mu[3]",0.298516635,10,5,4000
"10_5_est_GP_param.csv","mu[4]",2.564724302,10,5,4000
"10_5_est_GP_param.csv","mu[5]",2.41523134,10,5,4000
"10_6_est_GP_param.csv","alpha",3.529727968,10,6,4000
"10_6_est_GP_param.csv","rho",1.964998689,10,6,4000
"10_6_est_GP_param.csv","sigma",2.984126551,10,6,4000
"10_6_est_GP_param.csv","mu[1]",-2.318564847,10,6,4000
"10_6_est_GP_param.csv","mu[2]",1.473588781,10,6,4000
"10_6_est_GP_param.csv","mu[3]",-2.260552689,10,6,4000
"10_6_est_GP_param.csv","mu[4]",-2.284249525,10,6,4000
"10_6_est_GP_param.csv","mu[5]",4.529084516,10,6,4000
"10_7_est_GP_param.csv","alpha",3.382885988,10,7,4000
"10_7_est_GP_param.csv","rho",2.030134067,10,7,4000
"10_7_est_GP_param.csv","sigma",3.00556053,10,7,4000
"10_7_est_GP_param.csv","mu[1]",3.781739524,10,7,4000
"10_7_est_GP_param.csv","mu[2]",0.906030324,10,7,4000
"10_7_est_GP_param.csv","mu[3]",-0.408182033,10,7,4000
"10_7_est_GP_param.csv","mu[4]",-0.533009936,10,7,4000
"10_7_est_GP_param.csv","mu[5]",-0.752251994,10,7,4000
"10_8_est_GP_param.csv","alpha",2.991696888,10,8,4000
"10_8_est_GP_param.csv","rho",1.961301675,10,8,4000
"10_8_est_GP_param.csv","sigma",2.978241743,10,8,4000
"10_8_est_GP_param.csv","mu[1]",0.845738863,10,8,4000
"10_8_est_GP_param.csv","mu[2]",0.442463924,10,8,4000
"10_8_est_GP_param.csv","mu[3]",7.540804639,10,8,4000
"10_8_est_GP_param.csv","mu[4]",2.280938572,10,8,4000
"10_8_est_GP_param.csv","mu[5]",1.352723079,10,8,4000
"10_9_est_GP_param.csv","alpha",2.677099107,10,9,4000
"10_9_est_GP_param.csv","rho",1.849079427,10,9,4000
"10_9_est_GP_param.csv","sigma",3.000883562,10,9,4000
"10_9_est_GP_param.csv","mu[1]",-0.061247876,10,9,4000
"10_9_est_GP_param.csv","mu[2]",-1.593389729,10,9,4000
"10_9_est_GP_param.csv","mu[3]",-1.61475203,10,9,4000
"10_9_est_GP_param.csv","mu[4]",-1.79116698,10,9,4000
"10_9_est_GP_param.csv","mu[5]",0.111853996,10,9,4000
"11_10_est_GP_param.csv","alpha",2.321893512,11,10,4000
"11_10_est_GP_param.csv","rho",2.41193953,11,10,4000
"11_10_est_GP_param.csv","sigma",2.995171134,11,10,4000
"11_10_est_GP_param.csv","mu[1]",0.026261537,11,10,4000
"11_10_est_GP_param.csv","mu[2]",-3.064010635,11,10,4000
"11_10_est_GP_param.csv","mu[3]",-2.334157992,11,10,4000
"11_10_est_GP_param.csv","mu[4]",3.365799025,11,10,4000
"11_10_est_GP_param.csv","mu[5]",4.624756625,11,10,4000
"11_11_est_GP_param.csv","alpha",2.615145094,11,11,4000
"11_11_est_GP_param.csv","rho",2.341765144,11,11,4000
"11_11_est_GP_param.csv","sigma",2.999064498,11,11,4000
"11_11_est_GP_param.csv","mu[1]",2.794563055,11,11,4000
"11_11_est_GP_param.csv","mu[2]",1.945522411,11,11,4000
"11_11_est_GP_param.csv","mu[3]",0.029966942,11,11,4000
"11_11_est_GP_param.csv","mu[4]",2.650067231,11,11,4000
"11_11_est_GP_param.csv","mu[5]",-1.834776254,11,11,4000
"11_12_est_GP_param.csv","alpha",3.217198708,11,12,4000
"11_12_est_GP_param.csv","rho",2.286187365,11,12,4000
"11_12_est_GP_param.csv","sigma",2.956726173,11,12,4000
"11_12_est_GP_param.csv","mu[1]",-1.724976968,11,12,4000
"11_12_est_GP_param.csv","mu[2]",0.659418202,11,12,4000
"11_12_est_GP_param.csv","mu[3]",-1.616155016,11,12,4000
"11_12_est_GP_param.csv","mu[4]",-1.175312266,11,12,4000
"11_12_est_GP_param.csv","mu[5]",1.56385584,11,12,4000
"11_13_est_GP_param.csv","alpha",3.334809446,11,13,4000
"11_13_est_GP_param.csv","rho",2.596425536,11,13,4000
"11_13_est_GP_param.csv","sigma",3.056292861,11,13,4000
"11_13_est_GP_param.csv","mu[1]",1.602454779,11,13,4000
"11_13_est_GP_param.csv","mu[2]",-2.277531494,11,13,4000
"11_13_est_GP_param.csv","mu[3]",-1.071062903,11,13,4000
"11_13_est_GP_param.csv","mu[4]",4.078171015,11,13,4000
"11_13_est_GP_param.csv","mu[5]",-3.133277371,11,13,4000
"11_14_est_GP_param.csv","alpha",3.246910462,11,14,4000
"11_14_est_GP_param.csv","rho",2.192476279,11,14,4000
"11_14_est_GP_param.csv","sigma",3.008594954,11,14,4000
"11_14_est_GP_param.csv","mu[1]",0.734255912,11,14,4000
"11_14_est_GP_param.csv","mu[2]",-2.282320121,11,14,4000
"11_14_est_GP_param.csv","mu[3]",-0.22024979,11,14,4000
"11_14_est_GP_param.csv","mu[4]",-2.46082517,11,14,4000
"11_14_est_GP_param.csv","mu[5]",1.38052404,11,14,4000
"11_15_est_GP_param.csv","alpha",2.945742782,11,15,4000
"11_15_est_GP_param.csv","rho",2.116624927,11,15,4000
"11_15_est_GP_param.csv","sigma",2.957426872,11,15,4000
"11_15_est_GP_param.csv","mu[1]",-0.04157381,11,15,4000
"11_15_est_GP_param.csv","mu[2]",-2.150047614,11,15,4000
"11_15_est_GP_param.csv","mu[3]",-1.562201083,11,15,4000
"11_15_est_GP_param.csv","mu[4]",5.429065242,11,15,4000
"11_15_est_GP_param.csv","mu[5]",-0.439233162,11,15,4000
"11_16_est_GP_param.csv","alpha",3.760865782,11,16,4000
"11_16_est_GP_param.csv","rho",2.547232338,11,16,4000
"11_16_est_GP_param.csv","sigma",3.027320418,11,16,4000
"11_16_est_GP_param.csv","mu[1]",1.282652882,11,16,4000
"11_16_est_GP_param.csv","mu[2]",0.013030383,11,16,4000
"11_16_est_GP_param.csv","mu[3]",0.565256466,11,16,4000
"11_16_est_GP_param.csv","mu[4]",-3.333362723,11,16,4000
"11_16_est_GP_param.csv","mu[5]",1.92282153,11,16,4000
"11_17_est_GP_param.csv","alpha",3.406147835,11,17,4000
"11_17_est_GP_param.csv","rho",2.704623841,11,17,4000
"11_17_est_GP_param.csv","sigma",2.993113166,11,17,4000
"11_17_est_GP_param.csv","mu[1]",-0.306022842,11,17,4000
"11_17_est_GP_param.csv","mu[2]",-0.061694097,11,17,4000
"11_17_est_GP_param.csv","mu[3]",-3.352878054,11,17,4000
"11_17_est_GP_param.csv","mu[4]",3.422521853,11,17,4000
"11_17_est_GP_param.csv","mu[5]",-1.685244201,11,17,4000
"11_18_est_GP_param.csv","alpha",2.338710872,11,18,4000
"11_18_est_GP_param.csv","rho",1.92252273,11,18,4000
"11_18_est_GP_param.csv","sigma",2.9726187,11,18,4000
"11_18_est_GP_param.csv","mu[1]",1.695137239,11,18,4000
"11_18_est_GP_param.csv","mu[2]",-1.206097828,11,18,4000
"11_18_est_GP_param.csv","mu[3]",0.496228021,11,18,4000
"11_18_est_GP_param.csv","mu[4]",0.550852005,11,18,4000
"11_18_est_GP_param.csv","mu[5]",-0.001834845,11,18,4000
"11_19_est_GP_param.csv","alpha",3.79334933,11,19,4000
"11_19_est_GP_param.csv","rho",2.814606997,11,19,4000
"11_19_est_GP_param.csv","sigma",3.023609908,11,19,4000
"11_19_est_GP_param.csv","mu[1]",-1.951883689,11,19,4000
"11_19_est_GP_param.csv","mu[2]",-2.504580849,11,19,4000
"11_19_est_GP_param.csv","mu[3]",1.783109003,11,19,4000
"11_19_est_GP_param.csv","mu[4]",-1.056469518,11,19,4000
"11_19_est_GP_param.csv","mu[5]",3.823152058,11,19,4000
"11_2_est_GP_param.csv","alpha",3.153599353,11,2,4000
"11_2_est_GP_param.csv","rho",2.383025531,11,2,4000
"11_2_est_GP_param.csv","sigma",2.990923676,11,2,4000
"11_2_est_GP_param.csv","mu[1]",4.588740354,11,2,4000
"11_2_est_GP_param.csv","mu[2]",1.053822707,11,2,4000
"11_2_est_GP_param.csv","mu[3]",0.244223552,11,2,4000
"11_2_est_GP_param.csv","mu[4]",-1.645628249,11,2,4000
"11_2_est_GP_param.csv","mu[5]",-3.705167526,11,2,4000
"11_20_est_GP_param.csv","alpha",2.697122363,11,20,4000
"11_20_est_GP_param.csv","rho",2.220823538,11,20,4000
"11_20_est_GP_param.csv","sigma",2.925045624,11,20,4000
"11_20_est_GP_param.csv","mu[1]",-2.390972179,11,20,4000
"11_20_est_GP_param.csv","mu[2]",-2.845343238,11,20,4000
"11_20_est_GP_param.csv","mu[3]",-2.483573126,11,20,4000
"11_20_est_GP_param.csv","mu[4]",-0.781048373,11,20,4000
"11_20_est_GP_param.csv","mu[5]",-0.996576261,11,20,4000
"11_3_est_GP_param.csv","alpha",2.06669813,11,3,4000
"11_3_est_GP_param.csv","rho",1.909667861,11,3,4000
"11_3_est_GP_param.csv","sigma",2.935056453,11,3,4000
"11_3_est_GP_param.csv","mu[1]",-0.307337614,11,3,4000
"11_3_est_GP_param.csv","mu[2]",0.704633842,11,3,4000
"11_3_est_GP_param.csv","mu[3]",-2.709476388,11,3,4000
"11_3_est_GP_param.csv","mu[4]",-0.419396135,11,3,4000
"11_3_est_GP_param.csv","mu[5]",-3.538833462,11,3,4000
"11_4_est_GP_param.csv","alpha",3.449022498,11,4,4000
"11_4_est_GP_param.csv","rho",2.581384031,11,4,4000
"11_4_est_GP_param.csv","sigma",3.061785818,11,4,4000
"11_4_est_GP_param.csv","mu[1]",0.345803313,11,4,4000
"11_4_est_GP_param.csv","mu[2]",-2.814342369,11,4,4000
"11_4_est_GP_param.csv","mu[3]",-1.029088585,11,4,4000
"11_4_est_GP_param.csv","mu[4]",1.332901581,11,4,4000
"11_4_est_GP_param.csv","mu[5]",0.570974834,11,4,4000
"11_5_est_GP_param.csv","alpha",2.972232386,11,5,4000
"11_5_est_GP_param.csv","rho",2.536751752,11,5,4000
"11_5_est_GP_param.csv","sigma",3.024017038,11,5,4000
"11_5_est_GP_param.csv","mu[1]",-0.358544061,11,5,4000
"11_5_est_GP_param.csv","mu[2]",1.366149914,11,5,4000
"11_5_est_GP_param.csv","mu[3]",2.001228593,11,5,4000
"11_5_est_GP_param.csv","mu[4]",-0.949439932,11,5,4000
"11_5_est_GP_param.csv","mu[5]",-0.370612951,11,5,4000
"11_6_est_GP_param.csv","alpha",4.256039608,11,6,4000
"11_6_est_GP_param.csv","rho",2.147875835,11,6,4000
"11_6_est_GP_param.csv","sigma",3.034405707,11,6,4000
"11_6_est_GP_param.csv","mu[1]",4.558159516,11,6,4000
"11_6_est_GP_param.csv","mu[2]",0.959825123,11,6,4000
"11_6_est_GP_param.csv","mu[3]",-3.840403785,11,6,4000
"11_6_est_GP_param.csv","mu[4]",1.410429175,11,6,4000
"11_6_est_GP_param.csv","mu[5]",1.992259435,11,6,4000
"11_7_est_GP_param.csv","alpha",3.492954276,11,7,4000
"11_7_est_GP_param.csv","rho",2.20673463,11,7,4000
"11_7_est_GP_param.csv","sigma",3.031271983,11,7,4000
"11_7_est_GP_param.csv","mu[1]",-1.523690267,11,7,4000
"11_7_est_GP_param.csv","mu[2]",-1.297410611,11,7,4000
"11_7_est_GP_param.csv","mu[3]",-0.661469155,11,7,4000
"11_7_est_GP_param.csv","mu[4]",4.830243886,11,7,4000
"11_7_est_GP_param.csv","mu[5]",2.940369321,11,7,4000
"11_8_est_GP_param.csv","alpha",2.295935313,11,8,4000
"11_8_est_GP_param.csv","rho",2.000251976,11,8,4000
"11_8_est_GP_param.csv","sigma",2.993113979,11,8,4000
"11_8_est_GP_param.csv","mu[1]",2.481901931,11,8,4000
"11_8_est_GP_param.csv","mu[2]",0.647331071,11,8,4000
"11_8_est_GP_param.csv","mu[3]",-2.437476384,11,8,4000
"11_8_est_GP_param.csv","mu[4]",-1.064394972,11,8,4000
"11_8_est_GP_param.csv","mu[5]",-0.352904927,11,8,4000
"11_9_est_GP_param.csv","alpha",2.829882005,11,9,4000
"11_9_est_GP_param.csv","rho",2.229929007,11,9,4000
"11_9_est_GP_param.csv","sigma",3.000260946,11,9,4000
"11_9_est_GP_param.csv","mu[1]",-2.580229127,11,9,4000
"11_9_est_GP_param.csv","mu[2]",0.310161457,11,9,4000
"11_9_est_GP_param.csv","mu[3]",0.629692795,11,9,4000
"11_9_est_GP_param.csv","mu[4]",-1.051776367,11,9,4000
"11_9_est_GP_param.csv","mu[5]",-3.212487925,11,9,4000
"12_10_est_GP_param.csv","alpha",3.121863907,12,10,4000
"12_10_est_GP_param.csv","rho",2.187794437,12,10,4000
"12_10_est_GP_param.csv","sigma",3.002165306,12,10,4000
"12_10_est_GP_param.csv","mu[1]",1.919086737,12,10,4000
"12_10_est_GP_param.csv","mu[2]",-1.950288785,12,10,4000
"12_10_est_GP_param.csv","mu[3]",-1.232853055,12,10,4000
"12_10_est_GP_param.csv","mu[4]",-1.111253046,12,10,4000
"12_10_est_GP_param.csv","mu[5]",0.005900478,12,10,4000
"12_11_est_GP_param.csv","alpha",3.015492339,12,11,4000
"12_11_est_GP_param.csv","rho",2.671063485,12,11,4000
"12_11_est_GP_param.csv","sigma",2.971751045,12,11,4000
"12_11_est_GP_param.csv","mu[1]",-0.779279396,12,11,4000
"12_11_est_GP_param.csv","mu[2]",2.039289114,12,11,4000
"12_11_est_GP_param.csv","mu[3]",2.270208562,12,11,4000
"12_11_est_GP_param.csv","mu[4]",3.830529391,12,11,4000
"12_11_est_GP_param.csv","mu[5]",1.089541866,12,11,4000
"12_12_est_GP_param.csv","alpha",3.195620774,12,12,4000
"12_12_est_GP_param.csv","rho",2.370563801,12,12,4000
"12_12_est_GP_param.csv","sigma",2.998376718,12,12,4000
"12_12_est_GP_param.csv","mu[1]",2.732708373,12,12,4000
"12_12_est_GP_param.csv","mu[2]",-0.19061985,12,12,4000
"12_12_est_GP_param.csv","mu[3]",-2.920684019,12,12,4000
"12_12_est_GP_param.csv","mu[4]",-2.880162088,12,12,4000
"12_12_est_GP_param.csv","mu[5]",-1.233165587,12,12,4000
"12_13_est_GP_param.csv","alpha",3.080449357,12,13,4000
"12_13_est_GP_param.csv","rho",2.624821435,12,13,4000
"12_13_est_GP_param.csv","sigma",3.031688443,12,13,4000
"12_13_est_GP_param.csv","mu[1]",-0.156106156,12,13,4000
"12_13_est_GP_param.csv","mu[2]",3.452322192,12,13,4000
"12_13_est_GP_param.csv","mu[3]",-1.042471769,12,13,4000
"12_13_est_GP_param.csv","mu[4]",-2.515213982,12,13,4000
"12_13_est_GP_param.csv","mu[5]",1.976208492,12,13,4000
"12_14_est_GP_param.csv","alpha",2.607014133,12,14,4000
"12_14_est_GP_param.csv","rho",2.238810044,12,14,4000
"12_14_est_GP_param.csv","sigma",3.062717474,12,14,4000
"12_14_est_GP_param.csv","mu[1]",5.79624258,12,14,4000
"12_14_est_GP_param.csv","mu[2]",-0.307455134,12,14,4000
"12_14_est_GP_param.csv","mu[3]",-2.049531375,12,14,4000
"12_14_est_GP_param.csv","mu[4]",1.509657685,12,14,4000
"12_14_est_GP_param.csv","mu[5]",-2.402137076,12,14,4000
"12_15_est_GP_param.csv","alpha",3.388225129,12,15,4000
"12_15_est_GP_param.csv","rho",2.76353528,12,15,4000
"12_15_est_GP_param.csv","sigma",3.010021867,12,15,4000
"12_15_est_GP_param.csv","mu[1]",1.319466289,12,15,4000
"12_15_est_GP_param.csv","mu[2]",2.451822506,12,15,4000
"12_15_est_GP_param.csv","mu[3]",-3.118386048,12,15,4000
"12_15_est_GP_param.csv","mu[4]",1.844545232,12,15,4000
"12_15_est_GP_param.csv","mu[5]",-1.394071386,12,15,4000
"12_16_est_GP_param.csv","alpha",3.765518714,12,16,4000
"12_16_est_GP_param.csv","rho",2.736652162,12,16,4000
"12_16_est_GP_param.csv","sigma",2.985745615,12,16,4000
"12_16_est_GP_param.csv","mu[1]",-2.716357081,12,16,4000
"12_16_est_GP_param.csv","mu[2]",5.143461487,12,16,4000
"12_16_est_GP_param.csv","mu[3]",1.270888223,12,16,4000
"12_16_est_GP_param.csv","mu[4]",5.456807373,12,16,4000
"12_16_est_GP_param.csv","mu[5]",-1.098950154,12,16,4000
"12_17_est_GP_param.csv","alpha",2.711733302,12,17,4000
"12_17_est_GP_param.csv","rho",2.595887884,12,17,4000
"12_17_est_GP_param.csv","sigma",3.009637283,12,17,4000
"12_17_est_GP_param.csv","mu[1]",0.621046156,12,17,4000
"12_17_est_GP_param.csv","mu[2]",-1.866810296,12,17,4000
"12_17_est_GP_param.csv","mu[3]",-2.955338101,12,17,4000
"12_17_est_GP_param.csv","mu[4]",0.474107739,12,17,4000
"12_17_est_GP_param.csv","mu[5]",-1.501650718,12,17,4000
"12_18_est_GP_param.csv","alpha",3.183453585,12,18,4000
"12_18_est_GP_param.csv","rho",2.281345929,12,18,4000
"12_18_est_GP_param.csv","sigma",2.961037265,12,18,4000
"12_18_est_GP_param.csv","mu[1]",-2.500693567,12,18,4000
"12_18_est_GP_param.csv","mu[2]",0.571102829,12,18,4000
"12_18_est_GP_param.csv","mu[3]",-2.96580236,12,18,4000
"12_18_est_GP_param.csv","mu[4]",4.369509117,12,18,4000
"12_18_est_GP_param.csv","mu[5]",2.850855336,12,18,4000
"12_19_est_GP_param.csv","alpha",2.620538226,12,19,4000
"12_19_est_GP_param.csv","rho",2.654777063,12,19,4000
"12_19_est_GP_param.csv","sigma",3.051207956,12,19,4000
"12_19_est_GP_param.csv","mu[1]",0.330635189,12,19,4000
"12_19_est_GP_param.csv","mu[2]",-2.759436803,12,19,4000
"12_19_est_GP_param.csv","mu[3]",-0.00406311,12,19,4000
"12_19_est_GP_param.csv","mu[4]",-3.238335829,12,19,4000
"12_19_est_GP_param.csv","mu[5]",0.452735391,12,19,4000
"12_2_est_GP_param.csv","alpha",2.879976407,12,2,4000
"12_2_est_GP_param.csv","rho",2.378112866,12,2,4000
"12_2_est_GP_param.csv","sigma",3.056645482,12,2,4000
"12_2_est_GP_param.csv","mu[1]",-2.189061926,12,2,4000
"12_2_est_GP_param.csv","mu[2]",-0.946706826,12,2,4000
"12_2_est_GP_param.csv","mu[3]",-1.05073183,12,2,4000
"12_2_est_GP_param.csv","mu[4]",2.097408808,12,2,4000
"12_2_est_GP_param.csv","mu[5]",-0.452814599,12,2,4000
"12_20_est_GP_param.csv","alpha",2.943327892,12,20,4000
"12_20_est_GP_param.csv","rho",2.502341277,12,20,4000
"12_20_est_GP_param.csv","sigma",2.981749818,12,20,4000
"12_20_est_GP_param.csv","mu[1]",0.423653887,12,20,4000
"12_20_est_GP_param.csv","mu[2]",1.458922949,12,20,4000
"12_20_est_GP_param.csv","mu[3]",0.111327739,12,20,4000
"12_20_est_GP_param.csv","mu[4]",4.24805177,12,20,4000
"12_20_est_GP_param.csv","mu[5]",0.999074096,12,20,4000
"12_3_est_GP_param.csv","alpha",2.568539957,12,3,4000
"12_3_est_GP_param.csv","rho",2.071195946,12,3,4000
"12_3_est_GP_param.csv","sigma",2.988180707,12,3,4000
"12_3_est_GP_param.csv","mu[1]",-0.191447847,12,3,4000
"12_3_est_GP_param.csv","mu[2]",1.495903316,12,3,4000
"12_3_est_GP_param.csv","mu[3]",-1.379030011,12,3,4000
"12_3_est_GP_param.csv","mu[4]",1.279709988,12,3,4000
"12_3_est_GP_param.csv","mu[5]",0.725413828,12,3,4000
"12_4_est_GP_param.csv","alpha",3.360493401,12,4,4000
"12_4_est_GP_param.csv","rho",2.550607699,12,4,4000
"12_4_est_GP_param.csv","sigma",3.004618203,12,4,4000
"12_4_est_GP_param.csv","mu[1]",4.95635727,12,4,4000
"12_4_est_GP_param.csv","mu[2]",0.841706426,12,4,4000
"12_4_est_GP_param.csv","mu[3]",1.031145388,12,4,4000
"12_4_est_GP_param.csv","mu[4]",-0.701199115,12,4,4000
"12_4_est_GP_param.csv","mu[5]",-1.470151669,12,4,4000
"12_5_est_GP_param.csv","alpha",3.612916495,12,5,4000
"12_5_est_GP_param.csv","rho",2.392578534,12,5,4000
"12_5_est_GP_param.csv","sigma",3.001943718,12,5,4000
"12_5_est_GP_param.csv","mu[1]",-0.210315726,12,5,4000
"12_5_est_GP_param.csv","mu[2]",-1.017354862,12,5,4000
"12_5_est_GP_param.csv","mu[3]",1.624872666,12,5,4000
"12_5_est_GP_param.csv","mu[4]",-3.30582748,12,5,4000
"12_5_est_GP_param.csv","mu[5]",1.972708707,12,5,4000
"12_6_est_GP_param.csv","alpha",2.593630126,12,6,4000
"12_6_est_GP_param.csv","rho",2.33916455,12,6,4000
"12_6_est_GP_param.csv","sigma",3.03228236,12,6,4000
"12_6_est_GP_param.csv","mu[1]",0.802236038,12,6,4000
"12_6_est_GP_param.csv","mu[2]",-0.2473428,12,6,4000
"12_6_est_GP_param.csv","mu[3]",3.96896708,12,6,4000
"12_6_est_GP_param.csv","mu[4]",-0.600377531,12,6,4000
"12_6_est_GP_param.csv","mu[5]",-1.714720057,12,6,4000
"12_7_est_GP_param.csv","alpha",2.299472663,12,7,4000
"12_7_est_GP_param.csv","rho",2.356042135,12,7,4000
"12_7_est_GP_param.csv","sigma",3.03314354,12,7,4000
"12_7_est_GP_param.csv","mu[1]",2.403829976,12,7,4000
"12_7_est_GP_param.csv","mu[2]",-3.258513874,12,7,4000
"12_7_est_GP_param.csv","mu[3]",-0.227704852,12,7,4000
"12_7_est_GP_param.csv","mu[4]",2.64860243,12,7,4000
"12_7_est_GP_param.csv","mu[5]",-1.329091956,12,7,4000
"12_8_est_GP_param.csv","alpha",3.110612876,12,8,4000
"12_8_est_GP_param.csv","rho",2.428361795,12,8,4000
"12_8_est_GP_param.csv","sigma",2.948412284,12,8,4000
"12_8_est_GP_param.csv","mu[1]",-0.88005896,12,8,4000
"12_8_est_GP_param.csv","mu[2]",1.499873377,12,8,4000
"12_8_est_GP_param.csv","mu[3]",1.378965669,12,8,4000
"12_8_est_GP_param.csv","mu[4]",4.328119739,12,8,4000
"12_8_est_GP_param.csv","mu[5]",0.570145564,12,8,4000
"12_9_est_GP_param.csv","alpha",3.06314855,12,9,4000
"12_9_est_GP_param.csv","rho",2.881859383,12,9,4000
"12_9_est_GP_param.csv","sigma",2.978480726,12,9,4000
"12_9_est_GP_param.csv","mu[1]",0.574658717,12,9,4000
"12_9_est_GP_param.csv","mu[2]",3.226157915,12,9,4000
"12_9_est_GP_param.csv","mu[3]",1.537309988,12,9,4000
"12_9_est_GP_param.csv","mu[4]",-1.634670125,12,9,4000
"12_9_est_GP_param.csv","mu[5]",-2.635174973,12,9,4000
"2_10_est_GP_param.csv","alpha",2.257225772,2,10,4000
"2_10_est_GP_param.csv","rho",-2.349489723,2,10,4000
"2_10_est_GP_param.csv","sigma",2.890217668,2,10,4000
"2_10_est_GP_param.csv","mu[1]",3.005774425,2,10,4000
"2_10_est_GP_param.csv","mu[2]",9.58603466,2,10,4000
"2_10_est_GP_param.csv","mu[3]",4.031681211,2,10,4000
"2_10_est_GP_param.csv","mu[4]",-3.616300704,2,10,4000
"2_10_est_GP_param.csv","mu[5]",5.070182629,2,10,4000
"2_11_est_GP_param.csv","alpha",1.931036422,2,11,4000
"2_11_est_GP_param.csv","rho",-2.211934253,2,11,4000
"2_11_est_GP_param.csv","sigma",3.044790736,2,11,4000
"2_11_est_GP_param.csv","mu[1]",-2.474354935,2,11,4000
"2_11_est_GP_param.csv","mu[2]",0.137464853,2,11,4000
"2_11_est_GP_param.csv","mu[3]",-2.203702092,2,11,4000
"2_11_est_GP_param.csv","mu[4]",0.003422372,2,11,4000
"2_11_est_GP_param.csv","mu[5]",3.436868141,2,11,4000
"2_12_est_GP_param.csv","alpha",2.243464678,2,12,4000
"2_12_est_GP_param.csv","rho",-2.147057642,2,12,4000
"2_12_est_GP_param.csv","sigma",3.008607781,2,12,4000
"2_12_est_GP_param.csv","mu[1]",3.331938508,2,12,4000
"2_12_est_GP_param.csv","mu[2]",-1.963560042,2,12,4000
"2_12_est_GP_param.csv","mu[3]",-4.974231135,2,12,4000
"2_12_est_GP_param.csv","mu[4]",1.753255185,2,12,4000
"2_12_est_GP_param.csv","mu[5]",-1.183892937,2,12,4000
"2_13_est_GP_param.csv","alpha",2.028701245,2,13,4000
"2_13_est_GP_param.csv","rho",-2.274863441,2,13,4000
"2_13_est_GP_param.csv","sigma",2.978315818,2,13,4000
"2_13_est_GP_param.csv","mu[1]",4.802951595,2,13,4000
"2_13_est_GP_param.csv","mu[2]",-4.396592735,2,13,4000
"2_13_est_GP_param.csv","mu[3]",-2.739649602,2,13,4000
"2_13_est_GP_param.csv","mu[4]",-1.167590414,2,13,4000
"2_13_est_GP_param.csv","mu[5]",0.643300077,2,13,4000
"2_14_est_GP_param.csv","alpha",2.017375524,2,14,4000
"2_14_est_GP_param.csv","rho",-2.373205514,2,14,4000
"2_14_est_GP_param.csv","sigma",2.964912657,2,14,4000
"2_14_est_GP_param.csv","mu[1]",-3.336166032,2,14,4000
"2_14_est_GP_param.csv","mu[2]",4.047960711,2,14,4000
"2_14_est_GP_param.csv","mu[3]",0.023884591,2,14,4000
"2_14_est_GP_param.csv","mu[4]",-0.845867684,2,14,4000
"2_14_est_GP_param.csv","mu[5]",-0.071763491,2,14,4000
"2_15_est_GP_param.csv","alpha",1.926354409,2,15,4000
"2_15_est_GP_param.csv","rho",-2.258355631,2,15,4000
"2_15_est_GP_param.csv","sigma",3.028791088,2,15,4000
"2_15_est_GP_param.csv","mu[1]",6.120977044,2,15,4000
"2_15_est_GP_param.csv","mu[2]",-2.629599871,2,15,4000
"2_15_est_GP_param.csv","mu[3]",2.935243845,2,15,4000
"2_15_est_GP_param.csv","mu[4]",-2.927075573,2,15,4000
"2_15_est_GP_param.csv","mu[5]",1.699533579,2,15,4000
"2_16_est_GP_param.csv","alpha",1.961616792,2,16,4000
"2_16_est_GP_param.csv","rho",-2.353616599,2,16,4000
"2_16_est_GP_param.csv","sigma",2.953879535,2,16,4000
"2_16_est_GP_param.csv","mu[1]",1.791846772,2,16,4000
"2_16_est_GP_param.csv","mu[2]",0.671595705,2,16,4000
"2_16_est_GP_param.csv","mu[3]",-1.529516381,2,16,4000
"2_16_est_GP_param.csv","mu[4]",-3.755105566,2,16,4000
"2_16_est_GP_param.csv","mu[5]",2.782802909,2,16,4000
"2_17_est_GP_param.csv","alpha",2.084545232,2,17,4000
"2_17_est_GP_param.csv","rho",-2.249011193,2,17,4000
"2_17_est_GP_param.csv","sigma",2.97950602,2,17,4000
"2_17_est_GP_param.csv","mu[1]",-4.957630787,2,17,4000
"2_17_est_GP_param.csv","mu[2]",3.628375193,2,17,4000
"2_17_est_GP_param.csv","mu[3]",-4.934153515,2,17,4000
"2_17_est_GP_param.csv","mu[4]",0.397262694,2,17,4000
"2_17_est_GP_param.csv","mu[5]",0.856682392,2,17,4000
"2_18_est_GP_param.csv","alpha",2.092296027,2,18,4000
"2_18_est_GP_param.csv","rho",-2.332911317,2,18,4000
"2_18_est_GP_param.csv","sigma",2.945554191,2,18,4000
"2_18_est_GP_param.csv","mu[1]",-2.169206357,2,18,4000
"2_18_est_GP_param.csv","mu[2]",0.327200659,2,18,4000
"2_18_est_GP_param.csv","mu[3]",-1.119660215,2,18,4000
"2_18_est_GP_param.csv","mu[4]",2.589266448,2,18,4000
"2_18_est_GP_param.csv","mu[5]",-1.432893185,2,18,4000
"2_19_est_GP_param.csv","alpha",2.017987643,2,19,4000
"2_19_est_GP_param.csv","rho",-2.304673214,2,19,4000
"2_19_est_GP_param.csv","sigma",3.019351477,2,19,4000
"2_19_est_GP_param.csv","mu[1]",0.411746383,2,19,4000
"2_19_est_GP_param.csv","mu[2]",-2.461624847,2,19,4000
"2_19_est_GP_param.csv","mu[3]",1.542928685,2,19,4000
"2_19_est_GP_param.csv","mu[4]",6.415513382,2,19,4000
"2_19_est_GP_param.csv","mu[5]",-4.906251628,2,19,4000
"2_2_est_GP_param.csv","alpha",1.989752572,2,2,4000
"2_2_est_GP_param.csv","rho",-2.266581237,2,2,4000
"2_2_est_GP_param.csv","sigma",3.028100432,2,2,4000
"2_2_est_GP_param.csv","mu[1]",0.203189976,2,2,4000
"2_2_est_GP_param.csv","mu[2]",1.76932508,2,2,4000
"2_2_est_GP_param.csv","mu[3]",-4.931088147,2,2,4000
"2_2_est_GP_param.csv","mu[4]",-3.502363267,2,2,4000
"2_2_est_GP_param.csv","mu[5]",-1.277857061,2,2,4000
"2_20_est_GP_param.csv","alpha",2.154470481,2,20,4000
"2_20_est_GP_param.csv","rho",-2.472313216,2,20,4000
"2_20_est_GP_param.csv","sigma",2.904940032,2,20,4000
"2_20_est_GP_param.csv","mu[1]",3.301936405,2,20,4000
"2_20_est_GP_param.csv","mu[2]",0.036460122,2,20,4000
"2_20_est_GP_param.csv","mu[3]",-4.355250712,2,20,4000
"2_20_est_GP_param.csv","mu[4]",-1.675808693,2,20,4000
"2_20_est_GP_param.csv","mu[5]",0.915978885,2,20,4000
"2_3_est_GP_param.csv","alpha",2.10324621,2,3,4000
"2_3_est_GP_param.csv","rho",-2.308173266,2,3,4000
"2_3_est_GP_param.csv","sigma",2.948083416,2,3,4000
"2_3_est_GP_param.csv","mu[1]",-0.836679003,2,3,4000
"2_3_est_GP_param.csv","mu[2]",5.681180226,2,3,4000
"2_3_est_GP_param.csv","mu[3]",4.393215294,2,3,4000
"2_3_est_GP_param.csv","mu[4]",0.166609571,2,3,4000
"2_3_est_GP_param.csv","mu[5]",0.617242422,2,3,4000
"2_4_est_GP_param.csv","alpha",2.054201399,2,4,4000
"2_4_est_GP_param.csv","rho",-2.302258196,2,4,4000
"2_4_est_GP_param.csv","sigma",2.934120467,2,4,4000
"2_4_est_GP_param.csv","mu[1]",-2.357272413,2,4,4000
"2_4_est_GP_param.csv","mu[2]",2.796935076,2,4,4000
"2_4_est_GP_param.csv","mu[3]",1.12163703,2,4,4000
"2_4_est_GP_param.csv","mu[4]",-4.953032351,2,4,4000
"2_4_est_GP_param.csv","mu[5]",-1.067806969,2,4,4000
"2_5_est_GP_param.csv","alpha",2.146435946,2,5,4000
"2_5_est_GP_param.csv","rho",-2.253937978,2,5,4000
"2_5_est_GP_param.csv","sigma",2.975626278,2,5,4000
"2_5_est_GP_param.csv","mu[1]",3.014118929,2,5,4000
"2_5_est_GP_param.csv","mu[2]",-0.285428932,2,5,4000
"2_5_est_GP_param.csv","mu[3]",-1.137242784,2,5,4000
"2_5_est_GP_param.csv","mu[4]",3.902010147,2,5,4000
"2_5_est_GP_param.csv","mu[5]",-0.343716577,2,5,4000
"2_6_est_GP_param.csv","alpha",1.997460075,2,6,4000
"2_6_est_GP_param.csv","rho",-2.352415349,2,6,4000
"2_6_est_GP_param.csv","sigma",2.916394936,2,6,4000
"2_6_est_GP_param.csv","mu[1]",-0.377082017,2,6,4000
"2_6_est_GP_param.csv","mu[2]",-3.08563414,2,6,4000
"2_6_est_GP_param.csv","mu[3]",2.230697763,2,6,4000
"2_6_est_GP_param.csv","mu[4]",-2.001390266,2,6,4000
"2_6_est_GP_param.csv","mu[5]",2.576688725,2,6,4000
"2_7_est_GP_param.csv","alpha",2.146782783,2,7,4000
"2_7_est_GP_param.csv","rho",-2.234642175,2,7,4000
"2_7_est_GP_param.csv","sigma",3.057438995,2,7,4000
"2_7_est_GP_param.csv","mu[1]",1.672253512,2,7,4000
"2_7_est_GP_param.csv","mu[2]",8.071662489,2,7,4000
"2_7_est_GP_param.csv","mu[3]",-0.3995889,2,7,4000
"2_7_est_GP_param.csv","mu[4]",3.494887383,2,7,4000
"2_7_est_GP_param.csv","mu[5]",4.886867917,2,7,4000
"2_8_est_GP_param.csv","alpha",2.009122772,2,8,4000
"2_8_est_GP_param.csv","rho",-2.282776188,2,8,4000
"2_8_est_GP_param.csv","sigma",2.992952561,2,8,4000
"2_8_est_GP_param.csv","mu[1]",-2.366323898,2,8,4000
"2_8_est_GP_param.csv","mu[2]",3.976330842,2,8,4000
"2_8_est_GP_param.csv","mu[3]",0.913667753,2,8,4000
"2_8_est_GP_param.csv","mu[4]",0.236740004,2,8,4000
"2_8_est_GP_param.csv","mu[5]",2.611988646,2,8,4000
"2_9_est_GP_param.csv","alpha",1.863213674,2,9,4000
"2_9_est_GP_param.csv","rho",-2.221560862,2,9,4000
"2_9_est_GP_param.csv","sigma",3.064683555,2,9,4000
"2_9_est_GP_param.csv","mu[1]",-2.81314078,2,9,4000
"2_9_est_GP_param.csv","mu[2]",-0.950621798,2,9,4000
"2_9_est_GP_param.csv","mu[3]",-0.790503503,2,9,4000
"2_9_est_GP_param.csv","mu[4]",-3.338778072,2,9,4000
"2_9_est_GP_param.csv","mu[5]",1.021025687,2,9,4000
"3_10_est_GP_param.csv","alpha",2.255725164,3,10,4000
"3_10_est_GP_param.csv","rho",-1.303114778,3,10,4000
"3_10_est_GP_param.csv","sigma",3.015510008,3,10,4000
"3_10_est_GP_param.csv","mu[1]",-2.063748551,3,10,4000
"3_10_est_GP_param.csv","mu[2]",2.162849664,3,10,4000
"3_10_est_GP_param.csv","mu[3]",2.383959355,3,10,4000
"3_10_est_GP_param.csv","mu[4]",-0.658855033,3,10,4000
"3_10_est_GP_param.csv","mu[5]",2.778308686,3,10,4000
"3_11_est_GP_param.csv","alpha",2.117339613,3,11,4000
"3_11_est_GP_param.csv","rho",-1.312499386,3,11,4000
"3_11_est_GP_param.csv","sigma",3.014491133,3,11,4000
"3_11_est_GP_param.csv","mu[1]",-0.235645467,3,11,4000
"3_11_est_GP_param.csv","mu[2]",-2.224351021,3,11,4000
"3_11_est_GP_param.csv","mu[3]",-4.815866744,3,11,4000
"3_11_est_GP_param.csv","mu[4]",1.918398387,3,11,4000
"3_11_est_GP_param.csv","mu[5]",-3.573111987,3,11,4000
"3_12_est_GP_param.csv","alpha",1.984467396,3,12,4000
"3_12_est_GP_param.csv","rho",-1.303527276,3,12,4000
"3_12_est_GP_param.csv","sigma",3.03376562,3,12,4000
"3_12_est_GP_param.csv","mu[1]",5.146548815,3,12,4000
"3_12_est_GP_param.csv","mu[2]",1.198117184,3,12,4000
"3_12_est_GP_param.csv","mu[3]",1.375365776,3,12,4000
"3_12_est_GP_param.csv","mu[4]",4.010458542,3,12,4000
"3_12_est_GP_param.csv","mu[5]",-1.538032389,3,12,4000
"3_13_est_GP_param.csv","alpha",2.127581525,3,13,4000
"3_13_est_GP_param.csv","rho",-1.368905826,3,13,4000
"3_13_est_GP_param.csv","sigma",3.007901934,3,13,4000
"3_13_est_GP_param.csv","mu[1]",-2.889947262,3,13,4000
"3_13_est_GP_param.csv","mu[2]",-2.683651066,3,13,4000
"3_13_est_GP_param.csv","mu[3]",-0.442519179,3,13,4000
"3_13_est_GP_param.csv","mu[4]",1.969736283,3,13,4000
"3_13_est_GP_param.csv","mu[5]",-0.971635278,3,13,4000
"3_14_est_GP_param.csv","alpha",1.9502025,3,14,4000
"3_14_est_GP_param.csv","rho",-1.337700541,3,14,4000
"3_14_est_GP_param.csv","sigma",3.004376546,3,14,4000
"3_14_est_GP_param.csv","mu[1]",-4.108987773,3,14,4000
"3_14_est_GP_param.csv","mu[2]",-0.901153519,3,14,4000
"3_14_est_GP_param.csv","mu[3]",1.328053504,3,14,4000
"3_14_est_GP_param.csv","mu[4]",-2.873698657,3,14,4000
"3_14_est_GP_param.csv","mu[5]",4.551969578,3,14,4000
"3_15_est_GP_param.csv","alpha",2.145590563,3,15,4000
"3_15_est_GP_param.csv","rho",-1.420885194,3,15,4000
"3_15_est_GP_param.csv","sigma",3.015213362,3,15,4000
"3_15_est_GP_param.csv","mu[1]",0.603338538,3,15,4000
"3_15_est_GP_param.csv","mu[2]",4.481089797,3,15,4000
"3_15_est_GP_param.csv","mu[3]",-1.719272243,3,15,4000
"3_15_est_GP_param.csv","mu[4]",0.595359745,3,15,4000
"3_15_est_GP_param.csv","mu[5]",5.529533163,3,15,4000
"3_16_est_GP_param.csv","alpha",2.103140669,3,16,4000
"3_16_est_GP_param.csv","rho",-1.415481583,3,16,4000
"3_16_est_GP_param.csv","sigma",3.002172459,3,16,4000
"3_16_est_GP_param.csv","mu[1]",0.326440132,3,16,4000
"3_16_est_GP_param.csv","mu[2]",2.472468259,3,16,4000
"3_16_est_GP_param.csv","mu[3]",0.888908348,3,16,4000
"3_16_est_GP_param.csv","mu[4]",-0.479236339,3,16,4000
"3_16_est_GP_param.csv","mu[5]",-3.66690367,3,16,4000
"3_17_est_GP_param.csv","alpha",1.981905713,3,17,4000
"3_17_est_GP_param.csv","rho",-1.340019293,3,17,4000
"3_17_est_GP_param.csv","sigma",3.067684863,3,17,4000
"3_17_est_GP_param.csv","mu[1]",-0.850052445,3,17,4000
"3_17_est_GP_param.csv","mu[2]",4.171328676,3,17,4000
"3_17_est_GP_param.csv","mu[3]",-2.753306537,3,17,4000
"3_17_est_GP_param.csv","mu[4]",2.080639975,3,17,4000
"3_17_est_GP_param.csv","mu[5]",-0.252889255,3,17,4000
"3_18_est_GP_param.csv","alpha",2.194392302,3,18,4000
"3_18_est_GP_param.csv","rho",-1.369972522,3,18,4000
"3_18_est_GP_param.csv","sigma",2.991248047,3,18,4000
"3_18_est_GP_param.csv","mu[1]",1.186124419,3,18,4000
"3_18_est_GP_param.csv","mu[2]",4.723824973,3,18,4000
"3_18_est_GP_param.csv","mu[3]",2.369780183,3,18,4000
"3_18_est_GP_param.csv","mu[4]",1.081842779,3,18,4000
"3_18_est_GP_param.csv","mu[5]",0.04250964,3,18,4000
"3_19_est_GP_param.csv","alpha",1.937144207,3,19,4000
"3_19_est_GP_param.csv","rho",-1.47157883,3,19,4000
"3_19_est_GP_param.csv","sigma",3.024974284,3,19,4000
"3_19_est_GP_param.csv","mu[1]",-1.580251839,3,19,4000
"3_19_est_GP_param.csv","mu[2]",3.919319334,3,19,4000
"3_19_est_GP_param.csv","mu[3]",1.027701258,3,19,4000
"3_19_est_GP_param.csv","mu[4]",-2.502936895,3,19,4000
"3_19_est_GP_param.csv","mu[5]",-3.571051317,3,19,4000
"3_2_est_GP_param.csv","alpha",2.024719025,3,2,4000
"3_2_est_GP_param.csv","rho",-1.402780813,3,2,4000
"3_2_est_GP_param.csv","sigma",2.958362562,3,2,4000
"3_2_est_GP_param.csv","mu[1]",-0.434780218,3,2,4000
"3_2_est_GP_param.csv","mu[2]",4.561998981,3,2,4000
"3_2_est_GP_param.csv","mu[3]",-2.195142984,3,2,4000
"3_2_est_GP_param.csv","mu[4]",-0.161984607,3,2,4000
"3_2_est_GP_param.csv","mu[5]",2.974859483,3,2,4000
"3_20_est_GP_param.csv","alpha",1.963859267,3,20,4000
"3_20_est_GP_param.csv","rho",-1.415690183,3,20,4000
"3_20_est_GP_param.csv","sigma",2.970876726,3,20,4000
"3_20_est_GP_param.csv","mu[1]",-0.004939819,3,20,4000
"3_20_est_GP_param.csv","mu[2]",-2.27484378,3,20,4000
"3_20_est_GP_param.csv","mu[3]",-0.177980767,3,20,4000
"3_20_est_GP_param.csv","mu[4]",7.138752698,3,20,4000
"3_20_est_GP_param.csv","mu[5]",3.850214638,3,20,4000
"3_3_est_GP_param.csv","alpha",1.936113623,3,3,4000
"3_3_est_GP_param.csv","rho",-1.461391058,3,3,4000
"3_3_est_GP_param.csv","sigma",3.023819889,3,3,4000
"3_3_est_GP_param.csv","mu[1]",2.392513031,3,3,4000
"3_3_est_GP_param.csv","mu[2]",-3.66570031,3,3,4000
"3_3_est_GP_param.csv","mu[3]",-1.432185773,3,3,4000
"3_3_est_GP_param.csv","mu[4]",-1.980781707,3,3,4000
"3_3_est_GP_param.csv","mu[5]",-3.431298851,3,3,4000
"3_4_est_GP_param.csv","alpha",2.073270955,3,4,4000
"3_4_est_GP_param.csv","rho",-1.456768079,3,4,4000
"3_4_est_GP_param.csv","sigma",2.976138323,3,4,4000
"3_4_est_GP_param.csv","mu[1]",5.513369127,3,4,4000
"3_4_est_GP_param.csv","mu[2]",0.653989931,3,4,4000
"3_4_est_GP_param.csv","mu[3]",5.097296102,3,4,4000
"3_4_est_GP_param.csv","mu[4]",-0.047169576,3,4,4000
"3_4_est_GP_param.csv","mu[5]",-2.477765168,3,4,4000
"3_5_est_GP_param.csv","alpha",2.28779872,3,5,4000
"3_5_est_GP_param.csv","rho",-1.241062441,3,5,4000
"3_5_est_GP_param.csv","sigma",3.005707474,3,5,4000
"3_5_est_GP_param.csv","mu[1]",3.086433091,3,5,4000
"3_5_est_GP_param.csv","mu[2]",-0.041976977,3,5,4000
"3_5_est_GP_param.csv","mu[3]",-4.94105095,3,5,4000
"3_5_est_GP_param.csv","mu[4]",5.039604714,3,5,4000
"3_5_est_GP_param.csv","mu[5]",-4.734563856,3,5,4000
"3_6_est_GP_param.csv","alpha",1.987525504,3,6,4000
"3_6_est_GP_param.csv","rho",-1.445157321,3,6,4000
"3_6_est_GP_param.csv","sigma",2.96040904,3,6,4000
"3_6_est_GP_param.csv","mu[1]",1.924455643,3,6,4000
"3_6_est_GP_param.csv","mu[2]",-3.380146895,3,6,4000
"3_6_est_GP_param.csv","mu[3]",2.626011782,3,6,4000
"3_6_est_GP_param.csv","mu[4]",3.684654063,3,6,4000
"3_6_est_GP_param.csv","mu[5]",-2.414710841,3,6,4000
"3_7_est_GP_param.csv","alpha",1.98356871,3,7,4000
"3_7_est_GP_param.csv","rho",-1.412958759,3,7,4000
"3_7_est_GP_param.csv","sigma",2.97844681,3,7,4000
"3_7_est_GP_param.csv","mu[1]",3.749797702,3,7,4000
"3_7_est_GP_param.csv","mu[2]",-4.583476867,3,7,4000
"3_7_est_GP_param.csv","mu[3]",4.118837325,3,7,4000
"3_7_est_GP_param.csv","mu[4]",2.882386773,3,7,4000
"3_7_est_GP_param.csv","mu[5]",2.731565727,3,7,4000
"3_8_est_GP_param.csv","alpha",2.054041034,3,8,4000
"3_8_est_GP_param.csv","rho",-1.409980681,3,8,4000
"3_8_est_GP_param.csv","sigma",3.061881622,3,8,4000
"3_8_est_GP_param.csv","mu[1]",1.637845739,3,8,4000
"3_8_est_GP_param.csv","mu[2]",4.881446379,3,8,4000
"3_8_est_GP_param.csv","mu[3]",3.276824297,3,8,4000
"3_8_est_GP_param.csv","mu[4]",1.321420179,3,8,4000
"3_8_est_GP_param.csv","mu[5]",7.107508898,3,8,4000
"3_9_est_GP_param.csv","alpha",1.963539076,3,9,4000
"3_9_est_GP_param.csv","rho",-1.344660649,3,9,4000
"3_9_est_GP_param.csv","sigma",2.96008342,3,9,4000
"3_9_est_GP_param.csv","mu[1]",-2.53893372,3,9,4000
"3_9_est_GP_param.csv","mu[2]",-1.918272261,3,9,4000
"3_9_est_GP_param.csv","mu[3]",-1.661704987,3,9,4000
"3_9_est_GP_param.csv","mu[4]",-2.03402655,3,9,4000
"3_9_est_GP_param.csv","mu[5]",-2.97954113,3,9,4000
"4_10_est_GP_param.csv","alpha",2.041070113,4,10,4000
"4_10_est_GP_param.csv","rho",-0.606670053,4,10,4000
"4_10_est_GP_param.csv","sigma",2.986873467,4,10,4000
"4_10_est_GP_param.csv","mu[1]",3.725425311,4,10,4000
"4_10_est_GP_param.csv","mu[2]",-0.989191865,4,10,4000
"4_10_est_GP_param.csv","mu[3]",0.523174288,4,10,4000
"4_10_est_GP_param.csv","mu[4]",1.228515,4,10,4000
"4_10_est_GP_param.csv","mu[5]",2.415121594,4,10,4000
"4_11_est_GP_param.csv","alpha",2.303109988,4,11,4000
"4_11_est_GP_param.csv","rho",-0.591496224,4,11,4000
"4_11_est_GP_param.csv","sigma",2.921092954,4,11,4000
"4_11_est_GP_param.csv","mu[1]",1.579016497,4,11,4000
"4_11_est_GP_param.csv","mu[2]",0.091085187,4,11,4000
"4_11_est_GP_param.csv","mu[3]",-3.556005299,4,11,4000
"4_11_est_GP_param.csv","mu[4]",1.240743883,4,11,4000
"4_11_est_GP_param.csv","mu[5]",2.63922444,4,11,4000
"4_12_est_GP_param.csv","alpha",1.923745015,4,12,4000
"4_12_est_GP_param.csv","rho",-0.739145188,4,12,4000
"4_12_est_GP_param.csv","sigma",3.010480204,4,12,4000
"4_12_est_GP_param.csv","mu[1]",-0.818481757,4,12,4000
"4_12_est_GP_param.csv","mu[2]",2.304502131,4,12,4000
"4_12_est_GP_param.csv","mu[3]",-0.062378399,4,12,4000
"4_12_est_GP_param.csv","mu[4]",0.539733734,4,12,4000
"4_12_est_GP_param.csv","mu[5]",-0.593643333,4,12,4000
"4_13_est_GP_param.csv","alpha",2.06218579,4,13,4000
"4_13_est_GP_param.csv","rho",-0.784424669,4,13,4000
"4_13_est_GP_param.csv","sigma",2.981049659,4,13,4000
"4_13_est_GP_param.csv","mu[1]",-1.862363969,4,13,4000
"4_13_est_GP_param.csv","mu[2]",3.219262837,4,13,4000
"4_13_est_GP_param.csv","mu[3]",0.051239957,4,13,4000
"4_13_est_GP_param.csv","mu[4]",-2.915712445,4,13,4000
"4_13_est_GP_param.csv","mu[5]",4.01656426,4,13,4000
"4_14_est_GP_param.csv","alpha",2.232942333,4,14,4000
"4_14_est_GP_param.csv","rho",-0.698287277,4,14,4000
"4_14_est_GP_param.csv","sigma",2.997001663,4,14,4000
"4_14_est_GP_param.csv","mu[1]",-1.739695641,4,14,4000
"4_14_est_GP_param.csv","mu[2]",-1.121246651,4,14,4000
"4_14_est_GP_param.csv","mu[3]",2.885610444,4,14,4000
"4_14_est_GP_param.csv","mu[4]",-1.647466158,4,14,4000
"4_14_est_GP_param.csv","mu[5]",3.000683135,4,14,4000
"4_15_est_GP_param.csv","alpha",3.088171984,4,15,4000
"4_15_est_GP_param.csv","rho",-0.412512315,4,15,4000
"4_15_est_GP_param.csv","sigma",2.958715206,4,15,4000
"4_15_est_GP_param.csv","mu[1]",-4.838707974,4,15,4000
"4_15_est_GP_param.csv","mu[2]",2.750036662,4,15,4000
"4_15_est_GP_param.csv","mu[3]",-2.867757274,4,15,4000
"4_15_est_GP_param.csv","mu[4]",1.644090022,4,15,4000
"4_15_est_GP_param.csv","mu[5]",1.102568699,4,15,4000
"4_16_est_GP_param.csv","alpha",1.90562229,4,16,4000
"4_16_est_GP_param.csv","rho",-0.716296512,4,16,4000
"4_16_est_GP_param.csv","sigma",3.029215113,4,16,4000
"4_16_est_GP_param.csv","mu[1]",2.231241983,4,16,4000
"4_16_est_GP_param.csv","mu[2]",0.462676277,4,16,4000
"4_16_est_GP_param.csv","mu[3]",2.425926513,4,16,4000
"4_16_est_GP_param.csv","mu[4]",0.585777207,4,16,4000
"4_16_est_GP_param.csv","mu[5]",-0.204876758,4,16,4000
"4_17_est_GP_param.csv","alpha",1.964972809,4,17,4000
"4_17_est_GP_param.csv","rho",-0.718129646,4,17,4000
"4_17_est_GP_param.csv","sigma",2.996787236,4,17,4000
"4_17_est_GP_param.csv","mu[1]",-3.099267078,4,17,4000
"4_17_est_GP_param.csv","mu[2]",-1.97237961,4,17,4000
"4_17_est_GP_param.csv","mu[3]",-0.362492171,4,17,4000
"4_17_est_GP_param.csv","mu[4]",0.4312996,4,17,4000
"4_17_est_GP_param.csv","mu[5]",-1.668149514,4,17,4000
"4_18_est_GP_param.csv","alpha",1.972712573,4,18,4000
"4_18_est_GP_param.csv","rho",-0.670028247,4,18,4000
"4_18_est_GP_param.csv","sigma",2.978538835,4,18,4000
"4_18_est_GP_param.csv","mu[1]",-0.486280512,4,18,4000
"4_18_est_GP_param.csv","mu[2]",0.110939429,4,18,4000
"4_18_est_GP_param.csv","mu[3]",2.35221788,4,18,4000
"4_18_est_GP_param.csv","mu[4]",-2.069181034,4,18,4000
"4_18_est_GP_param.csv","mu[5]",0.683826258,4,18,4000
"4_19_est_GP_param.csv","alpha",1.78140617,4,19,4000
"4_19_est_GP_param.csv","rho",-0.796640002,4,19,4000
"4_19_est_GP_param.csv","sigma",3.027395888,4,19,4000
"4_19_est_GP_param.csv","mu[1]",-3.378281949,4,19,4000
"4_19_est_GP_param.csv","mu[2]",0.872240905,4,19,4000
"4_19_est_GP_param.csv","mu[3]",1.154695867,4,19,4000
"4_19_est_GP_param.csv","mu[4]",-0.896836404,4,19,4000
"4_19_est_GP_param.csv","mu[5]",-2.835473391,4,19,4000
"4_2_est_GP_param.csv","alpha",2.207159282,4,2,4000
"4_2_est_GP_param.csv","rho",-0.549337432,4,2,4000
"4_2_est_GP_param.csv","sigma",3.015663814,4,2,4000
"4_2_est_GP_param.csv","mu[1]",2.24243413,4,2,4000
"4_2_est_GP_param.csv","mu[2]",-3.285184355,4,2,4000
"4_2_est_GP_param.csv","mu[3]",-4.133044598,4,2,4000
"4_2_est_GP_param.csv","mu[4]",-0.22385027,4,2,4000
"4_2_est_GP_param.csv","mu[5]",-0.54143314,4,2,4000
"4_20_est_GP_param.csv","alpha",2.039866634,4,20,4000
"4_20_est_GP_param.csv","rho",-0.627187975,4,20,4000
"4_20_est_GP_param.csv","sigma",3.007429715,4,20,4000
"4_20_est_GP_param.csv","mu[1]",-0.160750869,4,20,4000
"4_20_est_GP_param.csv","mu[2]",-0.222500018,4,20,4000
"4_20_est_GP_param.csv","mu[3]",-0.064176792,4,20,4000
"4_20_est_GP_param.csv","mu[4]",1.237821472,4,20,4000
"4_20_est_GP_param.csv","mu[5]",-2.928242944,4,20,4000
"4_3_est_GP_param.csv","alpha",2.071369448,4,3,4000
"4_3_est_GP_param.csv","rho",-0.629916623,4,3,4000
"4_3_est_GP_param.csv","sigma",3.00522639,4,3,4000
"4_3_est_GP_param.csv","mu[1]",-4.59691729,4,3,4000
"4_3_est_GP_param.csv","mu[2]",-0.806730151,4,3,4000
"4_3_est_GP_param.csv","mu[3]",-3.800980025,4,3,4000
"4_3_est_GP_param.csv","mu[4]",3.114405463,4,3,4000
"4_3_est_GP_param.csv","mu[5]",-4.437977114,4,3,4000
"4_4_est_GP_param.csv","alpha",2.314998775,4,4,4000
"4_4_est_GP_param.csv","rho",-0.628943043,4,4,4000
"4_4_est_GP_param.csv","sigma",3.0451877,4,4,4000
"4_4_est_GP_param.csv","mu[1]",-0.899827962,4,4,4000
"4_4_est_GP_param.csv","mu[2]",3.136328998,4,4,4000
"4_4_est_GP_param.csv","mu[3]",0.124757992,4,4,4000
"4_4_est_GP_param.csv","mu[4]",-4.78133742,4,4,4000
"4_4_est_GP_param.csv","mu[5]",-3.123735063,4,4,4000
"4_5_est_GP_param.csv","alpha",2.060462407,4,5,4000
"4_5_est_GP_param.csv","rho",-0.695414606,4,5,4000
"4_5_est_GP_param.csv","sigma",2.966246963,4,5,4000
"4_5_est_GP_param.csv","mu[1]",3.61726065,4,5,4000
"4_5_est_GP_param.csv","mu[2]",2.399295024,4,5,4000
"4_5_est_GP_param.csv","mu[3]",-2.828900544,4,5,4000
"4_5_est_GP_param.csv","mu[4]",-1.364728394,4,5,4000
"4_5_est_GP_param.csv","mu[5]",-0.141801433,4,5,4000
"4_6_est_GP_param.csv","alpha",1.942052444,4,6,4000
"4_6_est_GP_param.csv","rho",-0.728158958,4,6,4000
"4_6_est_GP_param.csv","sigma",2.988176818,4,6,4000
"4_6_est_GP_param.csv","mu[1]",0.752796621,4,6,4000
"4_6_est_GP_param.csv","mu[2]",2.425598581,4,6,4000
"4_6_est_GP_param.csv","mu[3]",-3.451848908,4,6,4000
"4_6_est_GP_param.csv","mu[4]",0.115842942,4,6,4000
"4_6_est_GP_param.csv","mu[5]",-0.881749008,4,6,4000
"4_7_est_GP_param.csv","alpha",1.899127554,4,7,4000
"4_7_est_GP_param.csv","rho",-0.698905015,4,7,4000
"4_7_est_GP_param.csv","sigma",3.039435558,4,7,4000
"4_7_est_GP_param.csv","mu[1]",3.602637645,4,7,4000
"4_7_est_GP_param.csv","mu[2]",-1.269705367,4,7,4000
"4_7_est_GP_param.csv","mu[3]",-2.745681319,4,7,4000
"4_7_est_GP_param.csv","mu[4]",-3.630729442,4,7,4000
"4_7_est_GP_param.csv","mu[5]",-0.512182635,4,7,4000
"4_8_est_GP_param.csv","alpha",2.484488542,4,8,4000
"4_8_est_GP_param.csv","rho",-0.491561833,4,8,4000
"4_8_est_GP_param.csv","sigma",2.952715927,4,8,4000
"4_8_est_GP_param.csv","mu[1]",1.277925814,4,8,4000
"4_8_est_GP_param.csv","mu[2]",3.014326783,4,8,4000
"4_8_est_GP_param.csv","mu[3]",9.081190035,4,8,4000
"4_8_est_GP_param.csv","mu[4]",2.860604859,4,8,4000
"4_8_est_GP_param.csv","mu[5]",-2.447714778,4,8,4000
"4_9_est_GP_param.csv","alpha",2.400167382,4,9,4000
"4_9_est_GP_param.csv","rho",-0.509115552,4,9,4000
"4_9_est_GP_param.csv","sigma",2.966636101,4,9,4000
"4_9_est_GP_param.csv","mu[1]",3.506908796,4,9,4000
"4_9_est_GP_param.csv","mu[2]",4.083400257,4,9,4000
"4_9_est_GP_param.csv","mu[3]",-2.047720361,4,9,4000
"4_9_est_GP_param.csv","mu[4]",-4.643050123,4,9,4000
"4_9_est_GP_param.csv","mu[5]",-4.645765379,4,9,4000
"5_10_est_GP_param.csv","alpha",2.394679609,5,10,4000
"5_10_est_GP_param.csv","rho",-0.250858774,5,10,4000
"5_10_est_GP_param.csv","sigma",3.027386342,5,10,4000
"5_10_est_GP_param.csv","mu[1]",2.365540745,5,10,4000
"5_10_est_GP_param.csv","mu[2]",0.942109582,5,10,4000
"5_10_est_GP_param.csv","mu[3]",-3.909456476,5,10,4000
"5_10_est_GP_param.csv","mu[4]",-0.200049932,5,10,4000
"5_10_est_GP_param.csv","mu[5]",3.184852415,5,10,4000
"5_11_est_GP_param.csv","alpha",2.124158212,5,11,4000
"5_11_est_GP_param.csv","rho",-0.240342762,5,11,4000
"5_11_est_GP_param.csv","sigma",2.98620314,5,11,4000
"5_11_est_GP_param.csv","mu[1]",2.502021441,5,11,4000
"5_11_est_GP_param.csv","mu[2]",-0.744148145,5,11,4000
"5_11_est_GP_param.csv","mu[3]",-0.808982494,5,11,4000
"5_11_est_GP_param.csv","mu[4]",6.089813189,5,11,4000
"5_11_est_GP_param.csv","mu[5]",-0.438806329,5,11,4000
"5_12_est_GP_param.csv","alpha",1.984112868,5,12,4000
"5_12_est_GP_param.csv","rho",-0.299723556,5,12,4000
"5_12_est_GP_param.csv","sigma",3.052929735,5,12,4000
"5_12_est_GP_param.csv","mu[1]",-2.4953017,5,12,4000
"5_12_est_GP_param.csv","mu[2]",0.797830154,5,12,4000
"5_12_est_GP_param.csv","mu[3]",-0.982849404,5,12,4000
"5_12_est_GP_param.csv","mu[4]",1.213760215,5,12,4000
"5_12_est_GP_param.csv","mu[5]",2.241262758,5,12,4000
"5_13_est_GP_param.csv","alpha",2.008198905,5,13,4000
"5_13_est_GP_param.csv","rho",-0.336498766,5,13,4000
"5_13_est_GP_param.csv","sigma",2.913405098,5,13,4000
"5_13_est_GP_param.csv","mu[1]",1.926462783,5,13,4000
"5_13_est_GP_param.csv","mu[2]",-0.796463727,5,13,4000
"5_13_est_GP_param.csv","mu[3]",0.872179822,5,13,4000
"5_13_est_GP_param.csv","mu[4]",1.519156451,5,13,4000
"5_13_est_GP_param.csv","mu[5]",0.208568764,5,13,4000
"5_14_est_GP_param.csv","alpha",1.86905037,5,14,4000
"5_14_est_GP_param.csv","rho",-0.237515701,5,14,4000
"5_14_est_GP_param.csv","sigma",2.943238515,5,14,4000
"5_14_est_GP_param.csv","mu[1]",3.938785653,5,14,4000
"5_14_est_GP_param.csv","mu[2]",-3.47721967,5,14,4000
"5_14_est_GP_param.csv","mu[3]",3.557897449,5,14,4000
"5_14_est_GP_param.csv","mu[4]",0.929794785,5,14,4000
"5_14_est_GP_param.csv","mu[5]",0.54212136,5,14,4000
"5_15_est_GP_param.csv","alpha",1.915244204,5,15,4000
"5_15_est_GP_param.csv","rho",-0.340353416,5,15,4000
"5_15_est_GP_param.csv","sigma",2.961122692,5,15,4000
"5_15_est_GP_param.csv","mu[1]",-1.87734744,5,15,4000
"5_15_est_GP_param.csv","mu[2]",-3.704705431,5,15,4000
"5_15_est_GP_param.csv","mu[3]",-4.458155543,5,15,4000
"5_15_est_GP_param.csv","mu[4]",-3.190513999,5,15,4000
"5_15_est_GP_param.csv","mu[5]",-3.054667179,5,15,4000
"5_16_est_GP_param.csv","alpha",2.272515144,5,16,4000
"5_16_est_GP_param.csv","rho",-0.222835613,5,16,4000
"5_16_est_GP_param.csv","sigma",2.998292238,5,16,4000
"5_16_est_GP_param.csv","mu[1]",0.919971708,5,16,4000
"5_16_est_GP_param.csv","mu[2]",1.214603545,5,16,4000
"5_16_est_GP_param.csv","mu[3]",-4.594522204,5,16,4000
"5_16_est_GP_param.csv","mu[4]",0.336835481,5,16,4000
"5_16_est_GP_param.csv","mu[5]",3.021448909,5,16,4000
"5_17_est_GP_param.csv","alpha",2.153061149,5,17,4000
"5_17_est_GP_param.csv","rho",-0.234544335,5,17,4000
"5_17_est_GP_param.csv","sigma",2.975678956,5,17,4000
"5_17_est_GP_param.csv","mu[1]",-0.638484071,5,17,4000
"5_17_est_GP_param.csv","mu[2]",-0.890966003,5,17,4000
"5_17_est_GP_param.csv","mu[3]",1.997820139,5,17,4000
"5_17_est_GP_param.csv","mu[4]",-0.634846622,5,17,4000
"5_17_est_GP_param.csv","mu[5]",-4.305730223,5,17,4000
"5_18_est_GP_param.csv","alpha",2.032894727,5,18,4000
"5_18_est_GP_param.csv","rho",-0.256368223,5,18,4000
"5_18_est_GP_param.csv","sigma",2.989638534,5,18,4000
"5_18_est_GP_param.csv","mu[1]",-1.551840404,5,18,4000
"5_18_est_GP_param.csv","mu[2]",0.946869633,5,18,4000
"5_18_est_GP_param.csv","mu[3]",-0.97012822,5,18,4000
"5_18_est_GP_param.csv","mu[4]",2.886236162,5,18,4000
"5_18_est_GP_param.csv","mu[5]",0.694949382,5,18,4000
"5_19_est_GP_param.csv","alpha",1.777955855,5,19,4000
"5_19_est_GP_param.csv","rho",-0.294925837,5,19,4000
"5_19_est_GP_param.csv","sigma",2.971524375,5,19,4000
"5_19_est_GP_param.csv","mu[1]",2.144900963,5,19,4000
"5_19_est_GP_param.csv","mu[2]",-0.54802756,5,19,4000
"5_19_est_GP_param.csv","mu[3]",-0.534646958,5,19,4000
"5_19_est_GP_param.csv","mu[4]",0.007772434,5,19,4000
"5_19_est_GP_param.csv","mu[5]",3.032477974,5,19,4000
"5_2_est_GP_param.csv","alpha",1.863048884,5,2,4000
"5_2_est_GP_param.csv","rho",-0.334691206,5,2,4000
"5_2_est_GP_param.csv","sigma",3.033100089,5,2,4000
"5_2_est_GP_param.csv","mu[1]",-0.280321028,5,2,4000
"5_2_est_GP_param.csv","mu[2]",4.649613546,5,2,4000
"5_2_est_GP_param.csv","mu[3]",1.052391613,5,2,4000
"5_2_est_GP_param.csv","mu[4]",3.702034556,5,2,4000
"5_2_est_GP_param.csv","mu[5]",3.091295442,5,2,4000
"5_20_est_GP_param.csv","alpha",2.374202348,5,20,4000
"5_20_est_GP_param.csv","rho",-0.178199372,5,20,4000
"5_20_est_GP_param.csv","sigma",2.960369472,5,20,4000
"5_20_est_GP_param.csv","mu[1]",1.083848331,5,20,4000
"5_20_est_GP_param.csv","mu[2]",0.060771059,5,20,4000
"5_20_est_GP_param.csv","mu[3]",0.013271362,5,20,4000
"5_20_est_GP_param.csv","mu[4]",3.55877087,5,20,4000
"5_20_est_GP_param.csv","mu[5]",-0.161840337,5,20,4000
"5_3_est_GP_param.csv","alpha",2.299368955,5,3,4000
"5_3_est_GP_param.csv","rho",-0.270407917,5,3,4000
"5_3_est_GP_param.csv","sigma",3.01108235,5,3,4000
"5_3_est_GP_param.csv","mu[1]",-0.104395852,5,3,4000
"5_3_est_GP_param.csv","mu[2]",1.969691081,5,3,4000
"5_3_est_GP_param.csv","mu[3]",1.178020341,5,3,4000
"5_3_est_GP_param.csv","mu[4]",-3.704219714,5,3,4000
"5_3_est_GP_param.csv","mu[5]",3.732322383,5,3,4000
"5_4_est_GP_param.csv","alpha",2.18180221,5,4,4000
"5_4_est_GP_param.csv","rho",-0.279596613,5,4,4000
"5_4_est_GP_param.csv","sigma",2.96576406,5,4,4000
"5_4_est_GP_param.csv","mu[1]",6.105225247,5,4,4000
"5_4_est_GP_param.csv","mu[2]",0.291753362,5,4,4000
"5_4_est_GP_param.csv","mu[3]",-4.202164256,5,4,4000
"5_4_est_GP_param.csv","mu[4]",-3.775585453,5,4,4000
"5_4_est_GP_param.csv","mu[5]",-2.751050278,5,4,4000
"5_5_est_GP_param.csv","alpha",2.193177471,5,5,4000
"5_5_est_GP_param.csv","rho",-0.268448161,5,5,4000
"5_5_est_GP_param.csv","sigma",2.984006327,5,5,4000
"5_5_est_GP_param.csv","mu[1]",-0.027633986,5,5,4000
"5_5_est_GP_param.csv","mu[2]",0.691642003,5,5,4000
"5_5_est_GP_param.csv","mu[3]",2.363202606,5,5,4000
"5_5_est_GP_param.csv","mu[4]",3.243284661,5,5,4000
"5_5_est_GP_param.csv","mu[5]",-0.623485694,5,5,4000
"5_6_est_GP_param.csv","alpha",2.242898334,5,6,4000
"5_6_est_GP_param.csv","rho",-0.220088854,5,6,4000
"5_6_est_GP_param.csv","sigma",2.978407421,5,6,4000
"5_6_est_GP_param.csv","mu[1]",-4.190749457,5,6,4000
"5_6_est_GP_param.csv","mu[2]",2.577521048,5,6,4000
"5_6_est_GP_param.csv","mu[3]",1.697772261,5,6,4000
"5_6_est_GP_param.csv","mu[4]",0.086209843,5,6,4000
"5_6_est_GP_param.csv","mu[5]",-2.954584465,5,6,4000
"5_7_est_GP_param.csv","alpha",2.302843377,5,7,4000
"5_7_est_GP_param.csv","rho",-0.198274917,5,7,4000
"5_7_est_GP_param.csv","sigma",3.029105588,5,7,4000
"5_7_est_GP_param.csv","mu[1]",-1.28210031,5,7,4000
"5_7_est_GP_param.csv","mu[2]",-1.976872461,5,7,4000
"5_7_est_GP_param.csv","mu[3]",3.779137564,5,7,4000
"5_7_est_GP_param.csv","mu[4]",1.633134021,5,7,4000
"5_7_est_GP_param.csv","mu[5]",2.192863138,5,7,4000
"5_8_est_GP_param.csv","alpha",2.251701191,5,8,4000
"5_8_est_GP_param.csv","rho",-0.146446038,5,8,4000
"5_8_est_GP_param.csv","sigma",3.017830373,5,8,4000
"5_8_est_GP_param.csv","mu[1]",0.393447727,5,8,4000
"5_8_est_GP_param.csv","mu[2]",0.2669203,5,8,4000
"5_8_est_GP_param.csv","mu[3]",-0.255306885,5,8,4000
"5_8_est_GP_param.csv","mu[4]",-2.133910323,5,8,4000
"5_8_est_GP_param.csv","mu[5]",1.818601604,5,8,4000
"5_9_est_GP_param.csv","alpha",2.240676222,5,9,4000
"5_9_est_GP_param.csv","rho",-0.203036168,5,9,4000
"5_9_est_GP_param.csv","sigma",2.989495519,5,9,4000
"5_9_est_GP_param.csv","mu[1]",-0.397491726,5,9,4000
"5_9_est_GP_param.csv","mu[2]",-2.260178979,5,9,4000
"5_9_est_GP_param.csv","mu[3]",3.489634544,5,9,4000
"5_9_est_GP_param.csv","mu[4]",-0.666145191,5,9,4000
"5_9_est_GP_param.csv","mu[5]",0.243144318,5,9,4000
"6_10_est_GP_param.csv","alpha",2.228635272,6,10,4000
"6_10_est_GP_param.csv","rho",0.115269884,6,10,4000
"6_10_est_GP_param.csv","sigma",2.995359929,6,10,4000
"6_10_est_GP_param.csv","mu[1]",-4.157073923,6,10,4000
"6_10_est_GP_param.csv","mu[2]",0.436055751,6,10,4000
"6_10_est_GP_param.csv","mu[3]",-0.373330136,6,10,4000
"6_10_est_GP_param.csv","mu[4]",-2.116439978,6,10,4000
"6_10_est_GP_param.csv","mu[5]",-1.056835051,6,10,4000
"6_11_est_GP_param.csv","alpha",1.924510979,6,11,4000
"6_11_est_GP_param.csv","rho",-0.035107738,6,11,4000
"6_11_est_GP_param.csv","sigma",2.995162138,6,11,4000
"6_11_est_GP_param.csv","mu[1]",-2.338724041,6,11,4000
"6_11_est_GP_param.csv","mu[2]",0.346688724,6,11,4000
"6_11_est_GP_param.csv","mu[3]",3.233794067,6,11,4000
"6_11_est_GP_param.csv","mu[4]",1.120877543,6,11,4000
"6_11_est_GP_param.csv","mu[5]",2.123000947,6,11,4000
"6_12_est_GP_param.csv","alpha",2.047610267,6,12,4000
"6_12_est_GP_param.csv","rho",0.072004826,6,12,4000
"6_12_est_GP_param.csv","sigma",3.01659333,6,12,4000
"6_12_est_GP_param.csv","mu[1]",5.800674544,6,12,4000
"6_12_est_GP_param.csv","mu[2]",-0.268957769,6,12,4000
"6_12_est_GP_param.csv","mu[3]",-4.464411519,6,12,4000
"6_12_est_GP_param.csv","mu[4]",3.897998357,6,12,4000
"6_12_est_GP_param.csv","mu[5]",-1.677626763,6,12,4000
"6_13_est_GP_param.csv","alpha",2.275084057,6,13,4000
"6_13_est_GP_param.csv","rho",0.025441486,6,13,4000
"6_13_est_GP_param.csv","sigma",2.968304139,6,13,4000
"6_13_est_GP_param.csv","mu[1]",-0.37729729,6,13,4000
"6_13_est_GP_param.csv","mu[2]",2.834556339,6,13,4000
"6_13_est_GP_param.csv","mu[3]",-1.487733793,6,13,4000
"6_13_est_GP_param.csv","mu[4]",7.678686365,6,13,4000
"6_13_est_GP_param.csv","mu[5]",-3.421384745,6,13,4000
"6_14_est_GP_param.csv","alpha",2.181251042,6,14,4000
"6_14_est_GP_param.csv","rho",-0.017926229,6,14,4000
"6_14_est_GP_param.csv","sigma",2.966551718,6,14,4000
"6_14_est_GP_param.csv","mu[1]",-0.136657404,6,14,4000
"6_14_est_GP_param.csv","mu[2]",0.739304351,6,14,4000
"6_14_est_GP_param.csv","mu[3]",0.245153799,6,14,4000
"6_14_est_GP_param.csv","mu[4]",-2.142739595,6,14,4000
"6_14_est_GP_param.csv","mu[5]",2.112068825,6,14,4000
"6_15_est_GP_param.csv","alpha",2.100089843,6,15,4000
"6_15_est_GP_param.csv","rho",0.065037043,6,15,4000
"6_15_est_GP_param.csv","sigma",2.96752748,6,15,4000
"6_15_est_GP_param.csv","mu[1]",1.728921495,6,15,4000
"6_15_est_GP_param.csv","mu[2]",1.915885505,6,15,4000
"6_15_est_GP_param.csv","mu[3]",0.673702216,6,15,4000
"6_15_est_GP_param.csv","mu[4]",2.650350857,6,15,4000
"6_15_est_GP_param.csv","mu[5]",-2.290695282,6,15,4000
"6_16_est_GP_param.csv","alpha",2.254029654,6,16,4000
"6_16_est_GP_param.csv","rho",0.156504634,6,16,4000
"6_16_est_GP_param.csv","sigma",3.037367293,6,16,4000
"6_16_est_GP_param.csv","mu[1]",0.268096728,6,16,4000
"6_16_est_GP_param.csv","mu[2]",-0.369618304,6,16,4000
"6_16_est_GP_param.csv","mu[3]",-2.266270098,6,16,4000
"6_16_est_GP_param.csv","mu[4]",0.694788827,6,16,4000
"6_16_est_GP_param.csv","mu[5]",4.2451835,6,16,4000
"6_17_est_GP_param.csv","alpha",1.978134933,6,17,4000
"6_17_est_GP_param.csv","rho",-0.098487949,6,17,4000
"6_17_est_GP_param.csv","sigma",2.933395079,6,17,4000
"6_17_est_GP_param.csv","mu[1]",3.468767324,6,17,4000
"6_17_est_GP_param.csv","mu[2]",1.457577572,6,17,4000
"6_17_est_GP_param.csv","mu[3]",-1.74789821,6,17,4000
"6_17_est_GP_param.csv","mu[4]",0.832401338,6,17,4000
"6_17_est_GP_param.csv","mu[5]",7.307907911,6,17,4000
"6_18_est_GP_param.csv","alpha",2.314944535,6,18,4000
"6_18_est_GP_param.csv","rho",0.041104583,6,18,4000
"6_18_est_GP_param.csv","sigma",2.991421654,6,18,4000
"6_18_est_GP_param.csv","mu[1]",-0.111041507,6,18,4000
"6_18_est_GP_param.csv","mu[2]",-2.277209763,6,18,4000
"6_18_est_GP_param.csv","mu[3]",-0.810097885,6,18,4000
"6_18_est_GP_param.csv","mu[4]",-0.179267799,6,18,4000
"6_18_est_GP_param.csv","mu[5]",-2.989425884,6,18,4000
"6_19_est_GP_param.csv","alpha",2.119377095,6,19,4000
"6_19_est_GP_param.csv","rho",0.022492427,6,19,4000
"6_19_est_GP_param.csv","sigma",3.018285668,6,19,4000
"6_19_est_GP_param.csv","mu[1]",-4.007214644,6,19,4000
"6_19_est_GP_param.csv","mu[2]",0.315077942,6,19,4000
"6_19_est_GP_param.csv","mu[3]",-0.846521682,6,19,4000
"6_19_est_GP_param.csv","mu[4]",2.347410705,6,19,4000
"6_19_est_GP_param.csv","mu[5]",-2.548011151,6,19,4000
"6_2_est_GP_param.csv","alpha",2.13991543,6,2,4000
"6_2_est_GP_param.csv","rho",0.126078125,6,2,4000
"6_2_est_GP_param.csv","sigma",2.99833612,6,2,4000
"6_2_est_GP_param.csv","mu[1]",-0.765437836,6,2,4000
"6_2_est_GP_param.csv","mu[2]",2.205926659,6,2,4000
"6_2_est_GP_param.csv","mu[3]",-3.613368537,6,2,4000
"6_2_est_GP_param.csv","mu[4]",-3.160708957,6,2,4000
"6_2_est_GP_param.csv","mu[5]",1.107741864,6,2,4000
"6_20_est_GP_param.csv","alpha",2.499565593,6,20,4000
"6_20_est_GP_param.csv","rho",0.08924728,6,20,4000
"6_20_est_GP_param.csv","sigma",3.009419126,6,20,4000
"6_20_est_GP_param.csv","mu[1]",0.971385974,6,20,4000
"6_20_est_GP_param.csv","mu[2]",-1.594119218,6,20,4000
"6_20_est_GP_param.csv","mu[3]",2.899334653,6,20,4000
"6_20_est_GP_param.csv","mu[4]",-2.867290276,6,20,4000
"6_20_est_GP_param.csv","mu[5]",-0.34210391,6,20,4000
"6_3_est_GP_param.csv","alpha",2.274348982,6,3,4000
"6_3_est_GP_param.csv","rho",0.059873324,6,3,4000
"6_3_est_GP_param.csv","sigma",3.01312795,6,3,4000
"6_3_est_GP_param.csv","mu[1]",-3.53195113,6,3,4000
"6_3_est_GP_param.csv","mu[2]",4.472924264,6,3,4000
"6_3_est_GP_param.csv","mu[3]",2.142526762,6,3,4000
"6_3_est_GP_param.csv","mu[4]",5.375579142,6,3,4000
"6_3_est_GP_param.csv","mu[5]",4.693466097,6,3,4000
"6_4_est_GP_param.csv","alpha",2.140688966,6,4,4000
"6_4_est_GP_param.csv","rho",0.104424167,6,4,4000
"6_4_est_GP_param.csv","sigma",2.966885271,6,4,4000
"6_4_est_GP_param.csv","mu[1]",-2.344734215,6,4,4000
"6_4_est_GP_param.csv","mu[2]",-1.096524117,6,4,4000
"6_4_est_GP_param.csv","mu[3]",-1.061259411,6,4,4000
"6_4_est_GP_param.csv","mu[4]",-2.516412911,6,4,4000
"6_4_est_GP_param.csv","mu[5]",-0.172586747,6,4,4000
"6_5_est_GP_param.csv","alpha",2.226512917,6,5,4000
"6_5_est_GP_param.csv","rho",-0.016517034,6,5,4000
"6_5_est_GP_param.csv","sigma",2.985532334,6,5,4000
"6_5_est_GP_param.csv","mu[1]",2.362817074,6,5,4000
"6_5_est_GP_param.csv","mu[2]",1.345594773,6,5,4000
"6_5_est_GP_param.csv","mu[3]",1.814133601,6,5,4000
"6_5_est_GP_param.csv","mu[4]",0.633182173,6,5,4000
"6_5_est_GP_param.csv","mu[5]",-4.41473817,6,5,4000
"6_6_est_GP_param.csv","alpha",2.17859101,6,6,4000
"6_6_est_GP_param.csv","rho",0.127929899,6,6,4000
"6_6_est_GP_param.csv","sigma",3.04156983,6,6,4000
"6_6_est_GP_param.csv","mu[1]",5.294071447,6,6,4000
"6_6_est_GP_param.csv","mu[2]",-2.693389131,6,6,4000
"6_6_est_GP_param.csv","mu[3]",-3.802478302,6,6,4000
"6_6_est_GP_param.csv","mu[4]",4.611833963,6,6,4000
"6_6_est_GP_param.csv","mu[5]",5.125646477,6,6,4000
"6_7_est_GP_param.csv","alpha",1.881272033,6,7,4000
"6_7_est_GP_param.csv","rho",-0.054172185,6,7,4000
"6_7_est_GP_param.csv","sigma",2.976415773,6,7,4000
"6_7_est_GP_param.csv","mu[1]",-3.563899265,6,7,4000
"6_7_est_GP_param.csv","mu[2]",5.576712245,6,7,4000
"6_7_est_GP_param.csv","mu[3]",-1.33563304,6,7,4000
"6_7_est_GP_param.csv","mu[4]",-2.203369476,6,7,4000
"6_7_est_GP_param.csv","mu[5]",2.313099729,6,7,4000
"6_8_est_GP_param.csv","alpha",1.947092084,6,8,4000
"6_8_est_GP_param.csv","rho",-0.073589568,6,8,4000
"6_8_est_GP_param.csv","sigma",2.99581793,6,8,4000
"6_8_est_GP_param.csv","mu[1]",2.938004076,6,8,4000
"6_8_est_GP_param.csv","mu[2]",0.896058259,6,8,4000
"6_8_est_GP_param.csv","mu[3]",-4.189360224,6,8,4000
"6_8_est_GP_param.csv","mu[4]",-1.999064841,6,8,4000
"6_8_est_GP_param.csv","mu[5]",2.248778883,6,8,4000
"6_9_est_GP_param.csv","alpha",2.194481073,6,9,4000
"6_9_est_GP_param.csv","rho",-0.017916432,6,9,4000
"6_9_est_GP_param.csv","sigma",3.012372593,6,9,4000
"6_9_est_GP_param.csv","mu[1]",3.934425703,6,9,4000
"6_9_est_GP_param.csv","mu[2]",0.333449392,6,9,4000
"6_9_est_GP_param.csv","mu[3]",-2.070660218,6,9,4000
"6_9_est_GP_param.csv","mu[4]",-4.081328077,6,9,4000
"6_9_est_GP_param.csv","mu[5]",2.102771555,6,9,4000
"7_10_est_GP_param.csv","alpha",2.513485087,7,10,4000
"7_10_est_GP_param.csv","rho",0.767339576,7,10,4000
"7_10_est_GP_param.csv","sigma",3.015416568,7,10,4000
"7_10_est_GP_param.csv","mu[1]",-0.29620943,7,10,4000
"7_10_est_GP_param.csv","mu[2]",3.229025345,7,10,4000
"7_10_est_GP_param.csv","mu[3]",0.66963726,7,10,4000
"7_10_est_GP_param.csv","mu[4]",0.830742213,7,10,4000
"7_10_est_GP_param.csv","mu[5]",4.76360057,7,10,4000
"7_11_est_GP_param.csv","alpha",2.394641522,7,11,4000
"7_11_est_GP_param.csv","rho",0.703403088,7,11,4000
"7_11_est_GP_param.csv","sigma",2.967837619,7,11,4000
"7_11_est_GP_param.csv","mu[1]",0.119496996,7,11,4000
"7_11_est_GP_param.csv","mu[2]",-0.404821972,7,11,4000
"7_11_est_GP_param.csv","mu[3]",2.551490193,7,11,4000
"7_11_est_GP_param.csv","mu[4]",-3.556269064,7,11,4000
"7_11_est_GP_param.csv","mu[5]",2.779721269,7,11,4000
"7_12_est_GP_param.csv","alpha",2.180696577,7,12,4000
"7_12_est_GP_param.csv","rho",0.737307855,7,12,4000
"7_12_est_GP_param.csv","sigma",3.061825699,7,12,4000
"7_12_est_GP_param.csv","mu[1]",-2.817090211,7,12,4000
"7_12_est_GP_param.csv","mu[2]",-3.715308855,7,12,4000
"7_12_est_GP_param.csv","mu[3]",5.642385112,7,12,4000
"7_12_est_GP_param.csv","mu[4]",-2.317410903,7,12,4000
"7_12_est_GP_param.csv","mu[5]",-1.055320655,7,12,4000
"7_13_est_GP_param.csv","alpha",2.63660516,7,13,4000
"7_13_est_GP_param.csv","rho",0.806753828,7,13,4000
"7_13_est_GP_param.csv","sigma",3.053368265,7,13,4000
"7_13_est_GP_param.csv","mu[1]",2.326701731,7,13,4000
"7_13_est_GP_param.csv","mu[2]",3.876428277,7,13,4000
"7_13_est_GP_param.csv","mu[3]",-4.163353719,7,13,4000
"7_13_est_GP_param.csv","mu[4]",-0.526450664,7,13,4000
"7_13_est_GP_param.csv","mu[5]",0.763957947,7,13,4000
"7_14_est_GP_param.csv","alpha",3.068181974,7,14,4000
"7_14_est_GP_param.csv","rho",0.854083062,7,14,4000
"7_14_est_GP_param.csv","sigma",2.97612764,7,14,4000
"7_14_est_GP_param.csv","mu[1]",3.345653109,7,14,4000
"7_14_est_GP_param.csv","mu[2]",-1.942185091,7,14,4000
"7_14_est_GP_param.csv","mu[3]",-0.424899983,7,14,4000
"7_14_est_GP_param.csv","mu[4]",1.873136014,7,14,4000
"7_14_est_GP_param.csv","mu[5]",-4.281091718,7,14,4000
"7_15_est_GP_param.csv","alpha",2.543689738,7,15,4000
"7_15_est_GP_param.csv","rho",0.850024371,7,15,4000
"7_15_est_GP_param.csv","sigma",2.924366737,7,15,4000
"7_15_est_GP_param.csv","mu[1]",2.330403583,7,15,4000
"7_15_est_GP_param.csv","mu[2]",-3.792245687,7,15,4000
"7_15_est_GP_param.csv","mu[3]",-3.233958446,7,15,4000
"7_15_est_GP_param.csv","mu[4]",0.346418324,7,15,4000
"7_15_est_GP_param.csv","mu[5]",-1.652330067,7,15,4000
"7_16_est_GP_param.csv","alpha",2.458571553,7,16,4000
"7_16_est_GP_param.csv","rho",0.843730826,7,16,4000
"7_16_est_GP_param.csv","sigma",2.981013146,7,16,4000
"7_16_est_GP_param.csv","mu[1]",-3.09033147,7,16,4000
"7_16_est_GP_param.csv","mu[2]",-0.335415713,7,16,4000
"7_16_est_GP_param.csv","mu[3]",-0.292309353,7,16,4000
"7_16_est_GP_param.csv","mu[4]",0.909979335,7,16,4000
"7_16_est_GP_param.csv","mu[5]",6.26844766,7,16,4000
"7_17_est_GP_param.csv","alpha",2.557547115,7,17,4000
"7_17_est_GP_param.csv","rho",0.775923782,7,17,4000
"7_17_est_GP_param.csv","sigma",3.00525306,7,17,4000
"7_17_est_GP_param.csv","mu[1]",0.26155857,7,17,4000
"7_17_est_GP_param.csv","mu[2]",-0.83022612,7,17,4000
"7_17_est_GP_param.csv","mu[3]",-0.0668816,7,17,4000
"7_17_est_GP_param.csv","mu[4]",-1.817370687,7,17,4000
"7_17_est_GP_param.csv","mu[5]",-0.274432143,7,17,4000
"7_18_est_GP_param.csv","alpha",3.33041161,7,18,4000
"7_18_est_GP_param.csv","rho",0.971101162,7,18,4000
"7_18_est_GP_param.csv","sigma",3.009874752,7,18,4000
"7_18_est_GP_param.csv","mu[1]",1.691558656,7,18,4000
"7_18_est_GP_param.csv","mu[2]",-3.973460939,7,18,4000
"7_18_est_GP_param.csv","mu[3]",4.071756872,7,18,4000
"7_18_est_GP_param.csv","mu[4]",1.754662137,7,18,4000
"7_18_est_GP_param.csv","mu[5]",-4.175802727,7,18,4000
"7_19_est_GP_param.csv","alpha",2.394058897,7,19,4000
"7_19_est_GP_param.csv","rho",0.82234272,7,19,4000
"7_19_est_GP_param.csv","sigma",3.01076008,7,19,4000
"7_19_est_GP_param.csv","mu[1]",-3.048047607,7,19,4000
"7_19_est_GP_param.csv","mu[2]",-0.70375946,7,19,4000
"7_19_est_GP_param.csv","mu[3]",-3.427792489,7,19,4000
"7_19_est_GP_param.csv","mu[4]",-2.419895078,7,19,4000
"7_19_est_GP_param.csv","mu[5]",-1.615152132,7,19,4000
"7_2_est_GP_param.csv","alpha",2.280558427,7,2,4000
"7_2_est_GP_param.csv","rho",0.700360617,7,2,4000
"7_2_est_GP_param.csv","sigma",2.970259342,7,2,4000
"7_2_est_GP_param.csv","mu[1]",-0.681322234,7,2,4000
"7_2_est_GP_param.csv","mu[2]",2.52836794,7,2,4000
"7_2_est_GP_param.csv","mu[3]",-0.518554785,7,2,4000
"7_2_est_GP_param.csv","mu[4]",3.572330426,7,2,4000
"7_2_est_GP_param.csv","mu[5]",0.325721491,7,2,4000
"7_20_est_GP_param.csv","alpha",2.891641375,7,20,4000
"7_20_est_GP_param.csv","rho",0.869068464,7,20,4000
"7_20_est_GP_param.csv","sigma",3.016597013,7,20,4000
"7_20_est_GP_param.csv","mu[1]",0.017257586,7,20,4000
"7_20_est_GP_param.csv","mu[2]",-3.472748056,7,20,4000
"7_20_est_GP_param.csv","mu[3]",3.249409602,7,20,4000
"7_20_est_GP_param.csv","mu[4]",-3.708564816,7,20,4000
"7_20_est_GP_param.csv","mu[5]",0.389068312,7,20,4000
"7_3_est_GP_param.csv","alpha",2.020364632,7,3,4000
"7_3_est_GP_param.csv","rho",0.910601942,7,3,4000
"7_3_est_GP_param.csv","sigma",2.976668139,7,3,4000
"7_3_est_GP_param.csv","mu[1]",1.540284954,7,3,4000
"7_3_est_GP_param.csv","mu[2]",2.949064156,7,3,4000
"7_3_est_GP_param.csv","mu[3]",1.628251647,7,3,4000
"7_3_est_GP_param.csv","mu[4]",0.509805857,7,3,4000
"7_3_est_GP_param.csv","mu[5]",4.169302542,7,3,4000
"7_4_est_GP_param.csv","alpha",2.434430397,7,4,4000
"7_4_est_GP_param.csv","rho",0.839372736,7,4,4000
"7_4_est_GP_param.csv","sigma",3.009656087,7,4,4000
"7_4_est_GP_param.csv","mu[1]",2.187802657,7,4,4000
"7_4_est_GP_param.csv","mu[2]",3.022652669,7,4,4000
"7_4_est_GP_param.csv","mu[3]",3.203841604,7,4,4000
"7_4_est_GP_param.csv","mu[4]",-3.593926074,7,4,4000
"7_4_est_GP_param.csv","mu[5]",-2.266051903,7,4,4000
"7_5_est_GP_param.csv","alpha",2.251321279,7,5,4000
"7_5_est_GP_param.csv","rho",0.688875118,7,5,4000
"7_5_est_GP_param.csv","sigma",3.003858421,7,5,4000
"7_5_est_GP_param.csv","mu[1]",-2.483698945,7,5,4000
"7_5_est_GP_param.csv","mu[2]",3.771229884,7,5,4000
"7_5_est_GP_param.csv","mu[3]",4.808483227,7,5,4000
"7_5_est_GP_param.csv","mu[4]",0.206270085,7,5,4000
"7_5_est_GP_param.csv","mu[5]",-3.081053037,7,5,4000
"7_6_est_GP_param.csv","alpha",1.724751937,7,6,4000
"7_6_est_GP_param.csv","rho",0.778194134,7,6,4000
"7_6_est_GP_param.csv","sigma",2.998056878,7,6,4000
"7_6_est_GP_param.csv","mu[1]",-3.604397276,7,6,4000
"7_6_est_GP_param.csv","mu[2]",-2.226435226,7,6,4000
"7_6_est_GP_param.csv","mu[3]",6.06638498,7,6,4000
"7_6_est_GP_param.csv","mu[4]",2.511396135,7,6,4000
"7_6_est_GP_param.csv","mu[5]",2.304471434,7,6,4000
"7_7_est_GP_param.csv","alpha",2.397721631,7,7,4000
"7_7_est_GP_param.csv","rho",0.784609433,7,7,4000
"7_7_est_GP_param.csv","sigma",2.987257083,7,7,4000
"7_7_est_GP_param.csv","mu[1]",-0.909366717,7,7,4000
"7_7_est_GP_param.csv","mu[2]",6.684340409,7,7,4000
"7_7_est_GP_param.csv","mu[3]",-0.943196529,7,7,4000
"7_7_est_GP_param.csv","mu[4]",1.928538039,7,7,4000
"7_7_est_GP_param.csv","mu[5]",0.433788404,7,7,4000
"7_8_est_GP_param.csv","alpha",2.817129508,7,8,4000
"7_8_est_GP_param.csv","rho",0.895839632,7,8,4000
"7_8_est_GP_param.csv","sigma",2.982710051,7,8,4000
"7_8_est_GP_param.csv","mu[1]",3.313345173,7,8,4000
"7_8_est_GP_param.csv","mu[2]",-2.330839484,7,8,4000
"7_8_est_GP_param.csv","mu[3]",3.195378169,7,8,4000
"7_8_est_GP_param.csv","mu[4]",-3.275248465,7,8,4000
"7_8_est_GP_param.csv","mu[5]",-4.177409139,7,8,4000
"7_9_est_GP_param.csv","alpha",2.627940519,7,9,4000
"7_9_est_GP_param.csv","rho",0.951008691,7,9,4000
"7_9_est_GP_param.csv","sigma",3.031750408,7,9,4000
"7_9_est_GP_param.csv","mu[1]",2.523813575,7,9,4000
"7_9_est_GP_param.csv","mu[2]",5.711859007,7,9,4000
"7_9_est_GP_param.csv","mu[3]",-2.67094973,7,9,4000
"7_9_est_GP_param.csv","mu[4]",2.495549933,7,9,4000
"7_9_est_GP_param.csv","mu[5]",4.228079877,7,9,4000
"8_10_est_GP_param.csv","alpha",3.073173323,8,10,4000
"8_10_est_GP_param.csv","rho",1.446710332,8,10,4000
"8_10_est_GP_param.csv","sigma",3.015460376,8,10,4000
"8_10_est_GP_param.csv","mu[1]",-0.104691342,8,10,4000
"8_10_est_GP_param.csv","mu[2]",-2.720028782,8,10,4000
"8_10_est_GP_param.csv","mu[3]",-2.042633433,8,10,4000
"8_10_est_GP_param.csv","mu[4]",4.565566791,8,10,4000
"8_10_est_GP_param.csv","mu[5]",2.892518972,8,10,4000
"8_11_est_GP_param.csv","alpha",2.72681705,8,11,4000
"8_11_est_GP_param.csv","rho",1.271408889,8,11,4000
"8_11_est_GP_param.csv","sigma",3.014470968,8,11,4000
"8_11_est_GP_param.csv","mu[1]",-1.940278191,8,11,4000
"8_11_est_GP_param.csv","mu[2]",-0.602375943,8,11,4000
"8_11_est_GP_param.csv","mu[3]",-2.458434974,8,11,4000
"8_11_est_GP_param.csv","mu[4]",-3.527570352,8,11,4000
"8_11_est_GP_param.csv","mu[5]",-3.333380011,8,11,4000
"8_12_est_GP_param.csv","alpha",3.014610886,8,12,4000
"8_12_est_GP_param.csv","rho",1.146938544,8,12,4000
"8_12_est_GP_param.csv","sigma",3.015893088,8,12,4000
"8_12_est_GP_param.csv","mu[1]",-0.937281246,8,12,4000
"8_12_est_GP_param.csv","mu[2]",3.335636994,8,12,4000
"8_12_est_GP_param.csv","mu[3]",1.367084817,8,12,4000
"8_12_est_GP_param.csv","mu[4]",-3.703291526,8,12,4000
"8_12_est_GP_param.csv","mu[5]",2.438296411,8,12,4000
"8_13_est_GP_param.csv","alpha",2.900242888,8,13,4000
"8_13_est_GP_param.csv","rho",1.115189059,8,13,4000
"8_13_est_GP_param.csv","sigma",2.957047945,8,13,4000
"8_13_est_GP_param.csv","mu[1]",2.005039712,8,13,4000
"8_13_est_GP_param.csv","mu[2]",-3.035046171,8,13,4000
"8_13_est_GP_param.csv","mu[3]",2.174556186,8,13,4000
"8_13_est_GP_param.csv","mu[4]",6.284920066,8,13,4000
"8_13_est_GP_param.csv","mu[5]",-1.780727709,8,13,4000
"8_14_est_GP_param.csv","alpha",2.931798181,8,14,4000
"8_14_est_GP_param.csv","rho",1.1913913,8,14,4000
"8_14_est_GP_param.csv","sigma",3.015017492,8,14,4000
"8_14_est_GP_param.csv","mu[1]",-3.570725581,8,14,4000
"8_14_est_GP_param.csv","mu[2]",3.177834695,8,14,4000
"8_14_est_GP_param.csv","mu[3]",-0.741198342,8,14,4000
"8_14_est_GP_param.csv","mu[4]",-1.046562175,8,14,4000
"8_14_est_GP_param.csv","mu[5]",-2.117223638,8,14,4000
"8_15_est_GP_param.csv","alpha",2.43447884,8,15,4000
"8_15_est_GP_param.csv","rho",1.146092037,8,15,4000
"8_15_est_GP_param.csv","sigma",3.03727929,8,15,4000
"8_15_est_GP_param.csv","mu[1]",0.082665132,8,15,4000
"8_15_est_GP_param.csv","mu[2]",2.449177217,8,15,4000
"8_15_est_GP_param.csv","mu[3]",5.039440866,8,15,4000
"8_15_est_GP_param.csv","mu[4]",-3.311320878,8,15,4000
"8_15_est_GP_param.csv","mu[5]",-1.209115474,8,15,4000
"8_16_est_GP_param.csv","alpha",2.860825224,8,16,4000
"8_16_est_GP_param.csv","rho",1.506885644,8,16,4000
"8_16_est_GP_param.csv","sigma",2.950075601,8,16,4000
"8_16_est_GP_param.csv","mu[1]",-2.856535073,8,16,4000
"8_16_est_GP_param.csv","mu[2]",-1.723048923,8,16,4000
"8_16_est_GP_param.csv","mu[3]",-0.156735437,8,16,4000
"8_16_est_GP_param.csv","mu[4]",-3.255825397,8,16,4000
"8_16_est_GP_param.csv","mu[5]",-0.761193789,8,16,4000
"8_17_est_GP_param.csv","alpha",2.592641641,8,17,4000
"8_17_est_GP_param.csv","rho",1.354617598,8,17,4000
"8_17_est_GP_param.csv","sigma",3.029026478,8,17,4000
"8_17_est_GP_param.csv","mu[1]",1.622008681,8,17,4000
"8_17_est_GP_param.csv","mu[2]",-0.104185439,8,17,4000
"8_17_est_GP_param.csv","mu[3]",-0.80572141,8,17,4000
"8_17_est_GP_param.csv","mu[4]",3.495719096,8,17,4000
"8_17_est_GP_param.csv","mu[5]",-1.163100272,8,17,4000
"8_18_est_GP_param.csv","alpha",2.253225298,8,18,4000
"8_18_est_GP_param.csv","rho",1.051043886,8,18,4000
"8_18_est_GP_param.csv","sigma",3.011458693,8,18,4000
"8_18_est_GP_param.csv","mu[1]",-2.887388654,8,18,4000
"8_18_est_GP_param.csv","mu[2]",3.344086975,8,18,4000
"8_18_est_GP_param.csv","mu[3]",1.807737886,8,18,4000
"8_18_est_GP_param.csv","mu[4]",-2.823674053,8,18,4000
"8_18_est_GP_param.csv","mu[5]",1.946179389,8,18,4000
"8_19_est_GP_param.csv","alpha",3.629434574,8,19,4000
"8_19_est_GP_param.csv","rho",1.229365965,8,19,4000
"8_19_est_GP_param.csv","sigma",3.042667621,8,19,4000
"8_19_est_GP_param.csv","mu[1]",0.423835783,8,19,4000
"8_19_est_GP_param.csv","mu[2]",3.908995686,8,19,4000
"8_19_est_GP_param.csv","mu[3]",0.255407939,8,19,4000
"8_19_est_GP_param.csv","mu[4]",-0.008115729,8,19,4000
"8_19_est_GP_param.csv","mu[5]",0.151490152,8,19,4000
"8_2_est_GP_param.csv","alpha",2.006219662,8,2,4000
"8_2_est_GP_param.csv","rho",1.067452973,8,2,4000
"8_2_est_GP_param.csv","sigma",3.077688076,8,2,4000
"8_2_est_GP_param.csv","mu[1]",1.113497596,8,2,4000
"8_2_est_GP_param.csv","mu[2]",1.141378496,8,2,4000
"8_2_est_GP_param.csv","mu[3]",5.826566564,8,2,4000
"8_2_est_GP_param.csv","mu[4]",0.602446152,8,2,4000
"8_2_est_GP_param.csv","mu[5]",-3.947390565,8,2,4000
"8_20_est_GP_param.csv","alpha",2.78540149,8,20,4000
"8_20_est_GP_param.csv","rho",1.088147816,8,20,4000
"8_20_est_GP_param.csv","sigma",3.005678079,8,20,4000
"8_20_est_GP_param.csv","mu[1]",5.028819364,8,20,4000
"8_20_est_GP_param.csv","mu[2]",-2.943667393,8,20,4000
"8_20_est_GP_param.csv","mu[3]",2.994212252,8,20,4000
"8_20_est_GP_param.csv","mu[4]",2.265180292,8,20,4000
"8_20_est_GP_param.csv","mu[5]",-0.121628283,8,20,4000
"8_3_est_GP_param.csv","alpha",1.742293996,8,3,4000
"8_3_est_GP_param.csv","rho",0.814436951,8,3,4000
"8_3_est_GP_param.csv","sigma",3.020004437,8,3,4000
"8_3_est_GP_param.csv","mu[1]",1.39871508,8,3,4000
"8_3_est_GP_param.csv","mu[2]",-1.464577772,8,3,4000
"8_3_est_GP_param.csv","mu[3]",-0.66323776,8,3,4000
"8_3_est_GP_param.csv","mu[4]",1.751831178,8,3,4000
"8_3_est_GP_param.csv","mu[5]",1.141399011,8,3,4000
"8_4_est_GP_param.csv","alpha",2.836284848,8,4,4000
"8_4_est_GP_param.csv","rho",1.278428306,8,4,4000
"8_4_est_GP_param.csv","sigma",2.929693578,8,4,4000
"8_4_est_GP_param.csv","mu[1]",-3.894047787,8,4,4000
"8_4_est_GP_param.csv","mu[2]",3.409359287,8,4,4000
"8_4_est_GP_param.csv","mu[3]",-1.265656417,8,4,4000
"8_4_est_GP_param.csv","mu[4]",0.459191108,8,4,4000
"8_4_est_GP_param.csv","mu[5]",7.96804866,8,4,4000
"8_5_est_GP_param.csv","alpha",2.58022641,8,5,4000
"8_5_est_GP_param.csv","rho",1.08061739,8,5,4000
"8_5_est_GP_param.csv","sigma",2.990611984,8,5,4000
"8_5_est_GP_param.csv","mu[1]",-1.80492802,8,5,4000
"8_5_est_GP_param.csv","mu[2]",1.228777474,8,5,4000
"8_5_est_GP_param.csv","mu[3]",-1.769782869,8,5,4000
"8_5_est_GP_param.csv","mu[4]",-2.88249165,8,5,4000
"8_5_est_GP_param.csv","mu[5]",-2.216546013,8,5,4000
"8_6_est_GP_param.csv","alpha",1.963584393,8,6,4000
"8_6_est_GP_param.csv","rho",1.047787906,8,6,4000
"8_6_est_GP_param.csv","sigma",2.975845988,8,6,4000
"8_6_est_GP_param.csv","mu[1]",-1.607075123,8,6,4000
"8_6_est_GP_param.csv","mu[2]",1.126115233,8,6,4000
"8_6_est_GP_param.csv","mu[3]",2.25949768,8,6,4000
"8_6_est_GP_param.csv","mu[4]",-1.599889236,8,6,4000
"8_6_est_GP_param.csv","mu[5]",-0.907363907,8,6,4000
"8_7_est_GP_param.csv","alpha",3.469496202,8,7,4000
"8_7_est_GP_param.csv","rho",1.262904738,8,7,4000
"8_7_est_GP_param.csv","sigma",3.022869808,8,7,4000
"8_7_est_GP_param.csv","mu[1]",2.954731342,8,7,4000
"8_7_est_GP_param.csv","mu[2]",-3.962022627,8,7,4000
"8_7_est_GP_param.csv","mu[3]",-2.266299654,8,7,4000
"8_7_est_GP_param.csv","mu[4]",-3.112554659,8,7,4000
"8_7_est_GP_param.csv","mu[5]",-0.329879634,8,7,4000
"8_8_est_GP_param.csv","alpha",2.274693094,8,8,4000
"8_8_est_GP_param.csv","rho",1.007577365,8,8,4000
"8_8_est_GP_param.csv","sigma",2.987606697,8,8,4000
"8_8_est_GP_param.csv","mu[1]",-2.607633687,8,8,4000
"8_8_est_GP_param.csv","mu[2]",0.791299426,8,8,4000
"8_8_est_GP_param.csv","mu[3]",5.081732528,8,8,4000
"8_8_est_GP_param.csv","mu[4]",0.25547502,8,8,4000
"8_8_est_GP_param.csv","mu[5]",1.698255256,8,8,4000
"8_9_est_GP_param.csv","alpha",2.770352363,8,9,4000
"8_9_est_GP_param.csv","rho",1.188938106,8,9,4000
"8_9_est_GP_param.csv","sigma",2.974383222,8,9,4000
"8_9_est_GP_param.csv","mu[1]",-2.385194207,8,9,4000
"8_9_est_GP_param.csv","mu[2]",4.855688805,8,9,4000
"8_9_est_GP_param.csv","mu[3]",-3.288637023,8,9,4000
"8_9_est_GP_param.csv","mu[4]",-0.604244763,8,9,4000
"8_9_est_GP_param.csv","mu[5]",1.413419468,8,9,4000
"9_10_est_GP_param.csv","alpha",2.239842418,9,10,4000
"9_10_est_GP_param.csv","rho",1.433062656,9,10,4000
"9_10_est_GP_param.csv","sigma",3.012410297,9,10,4000
"9_10_est_GP_param.csv","mu[1]",-0.330644711,9,10,4000
"9_10_est_GP_param.csv","mu[2]",-1.721283714,9,10,4000
"9_10_est_GP_param.csv","mu[3]",-2.995644338,9,10,4000
"9_10_est_GP_param.csv","mu[4]",-1.000016776,9,10,4000
"9_10_est_GP_param.csv","mu[5]",-1.623161281,9,10,4000
"9_11_est_GP_param.csv","alpha",3.953717223,9,11,4000
"9_11_est_GP_param.csv","rho",1.640491721,9,11,4000
"9_11_est_GP_param.csv","sigma",2.996104702,9,11,4000
"9_11_est_GP_param.csv","mu[1]",1.392496263,9,11,4000
"9_11_est_GP_param.csv","mu[2]",0.552950442,9,11,4000
"9_11_est_GP_param.csv","mu[3]",0.272093978,9,11,4000
"9_11_est_GP_param.csv","mu[4]",-3.787186062,9,11,4000
"9_11_est_GP_param.csv","mu[5]",0.838824541,9,11,4000
"9_12_est_GP_param.csv","alpha",2.229624468,9,12,4000
"9_12_est_GP_param.csv","rho",1.408518263,9,12,4000
"9_12_est_GP_param.csv","sigma",2.994405374,9,12,4000
"9_12_est_GP_param.csv","mu[1]",2.554398883,9,12,4000
"9_12_est_GP_param.csv","mu[2]",3.645846337,9,12,4000
"9_12_est_GP_param.csv","mu[3]",2.072724294,9,12,4000
"9_12_est_GP_param.csv","mu[4]",2.196575645,9,12,4000
"9_12_est_GP_param.csv","mu[5]",-1.395505447,9,12,4000
"9_13_est_GP_param.csv","alpha",2.773301289,9,13,4000
"9_13_est_GP_param.csv","rho",1.864542772,9,13,4000
"9_13_est_GP_param.csv","sigma",3.038634999,9,13,4000
"9_13_est_GP_param.csv","mu[1]",5.145904817,9,13,4000
"9_13_est_GP_param.csv","mu[2]",3.347546492,9,13,4000
"9_13_est_GP_param.csv","mu[3]",0.78840548,9,13,4000
"9_13_est_GP_param.csv","mu[4]",0.530330491,9,13,4000
"9_13_est_GP_param.csv","mu[5]",0.581221999,9,13,4000
"9_14_est_GP_param.csv","alpha",2.968450299,9,14,4000
"9_14_est_GP_param.csv","rho",1.555004835,9,14,4000
"9_14_est_GP_param.csv","sigma",2.960263119,9,14,4000
"9_14_est_GP_param.csv","mu[1]",-0.352289324,9,14,4000
"9_14_est_GP_param.csv","mu[2]",1.898358456,9,14,4000
"9_14_est_GP_param.csv","mu[3]",6.299617151,9,14,4000
"9_14_est_GP_param.csv","mu[4]",1.198313311,9,14,4000
"9_14_est_GP_param.csv","mu[5]",5.624447864,9,14,4000
"9_15_est_GP_param.csv","alpha",3.106327812,9,15,4000
"9_15_est_GP_param.csv","rho",1.865164855,9,15,4000
"9_15_est_GP_param.csv","sigma",2.94523023,9,15,4000
"9_15_est_GP_param.csv","mu[1]",0.05629802,9,15,4000
"9_15_est_GP_param.csv","mu[2]",-2.210504279,9,15,4000
"9_15_est_GP_param.csv","mu[3]",-3.277823633,9,15,4000
"9_15_est_GP_param.csv","mu[4]",-2.77805542,9,15,4000
"9_15_est_GP_param.csv","mu[5]",-2.007150194,9,15,4000
"9_16_est_GP_param.csv","alpha",2.060513855,9,16,4000
"9_16_est_GP_param.csv","rho",1.197903148,9,16,4000
"9_16_est_GP_param.csv","sigma",2.950605159,9,16,4000
"9_16_est_GP_param.csv","mu[1]",-0.543805278,9,16,4000
"9_16_est_GP_param.csv","mu[2]",-1.503816014,9,16,4000
"9_16_est_GP_param.csv","mu[3]",5.119006425,9,16,4000
"9_16_est_GP_param.csv","mu[4]",4.938346025,9,16,4000
"9_16_est_GP_param.csv","mu[5]",-1.175788764,9,16,4000
"9_17_est_GP_param.csv","alpha",3.258047445,9,17,4000
"9_17_est_GP_param.csv","rho",1.73015726,9,17,4000
"9_17_est_GP_param.csv","sigma",2.93680311,9,17,4000
"9_17_est_GP_param.csv","mu[1]",-0.542900323,9,17,4000
"9_17_est_GP_param.csv","mu[2]",4.500551693,9,17,4000
"9_17_est_GP_param.csv","mu[3]",6.619370909,9,17,4000
"9_17_est_GP_param.csv","mu[4]",1.668243619,9,17,4000
"9_17_est_GP_param.csv","mu[5]",2.66294769,9,17,4000
"9_18_est_GP_param.csv","alpha",2.194270422,9,18,4000
"9_18_est_GP_param.csv","rho",1.201455414,9,18,4000
"9_18_est_GP_param.csv","sigma",2.981400751,9,18,4000
"9_18_est_GP_param.csv","mu[1]",-0.557204688,9,18,4000
"9_18_est_GP_param.csv","mu[2]",3.753548117,9,18,4000
"9_18_est_GP_param.csv","mu[3]",2.328821557,9,18,4000
"9_18_est_GP_param.csv","mu[4]",-1.788430127,9,18,4000
"9_18_est_GP_param.csv","mu[5]",0.008721942,9,18,4000
"9_19_est_GP_param.csv","alpha",3.21905824,9,19,4000
"9_19_est_GP_param.csv","rho",1.748627618,9,19,4000
"9_19_est_GP_param.csv","sigma",2.974288106,9,19,4000
"9_19_est_GP_param.csv","mu[1]",-0.607020511,9,19,4000
"9_19_est_GP_param.csv","mu[2]",1.155224871,9,19,4000
"9_19_est_GP_param.csv","mu[3]",3.243349866,9,19,4000
"9_19_est_GP_param.csv","mu[4]",-0.071107356,9,19,4000
"9_19_est_GP_param.csv","mu[5]",3.212690497,9,19,4000
"9_2_est_GP_param.csv","alpha",1.765180779,9,2,4000
"9_2_est_GP_param.csv","rho",1.077700341,9,2,4000
"9_2_est_GP_param.csv","sigma",2.980549158,9,2,4000
"9_2_est_GP_param.csv","mu[1]",-1.769051786,9,2,4000
"9_2_est_GP_param.csv","mu[2]",-3.247702324,9,2,4000
"9_2_est_GP_param.csv","mu[3]",4.426565244,9,2,4000
"9_2_est_GP_param.csv","mu[4]",0.93955507,9,2,4000
"9_2_est_GP_param.csv","mu[5]",-2.805128853,9,2,4000
"9_20_est_GP_param.csv","alpha",2.866855347,9,20,4000
"9_20_est_GP_param.csv","rho",1.439178902,9,20,4000
"9_20_est_GP_param.csv","sigma",2.969749589,9,20,4000
"9_20_est_GP_param.csv","mu[1]",5.443975388,9,20,4000
"9_20_est_GP_param.csv","mu[2]",-3.176051221,9,20,4000
"9_20_est_GP_param.csv","mu[3]",-1.26831955,9,20,4000
"9_20_est_GP_param.csv","mu[4]",1.224886677,9,20,4000
"9_20_est_GP_param.csv","mu[5]",-2.618383014,9,20,4000
"9_3_est_GP_param.csv","alpha",2.665075547,9,3,4000
"9_3_est_GP_param.csv","rho",1.654912858,9,3,4000
"9_3_est_GP_param.csv","sigma",2.982689012,9,3,4000
"9_3_est_GP_param.csv","mu[1]",1.710436854,9,3,4000
"9_3_est_GP_param.csv","mu[2]",-1.038145617,9,3,4000
"9_3_est_GP_param.csv","mu[3]",0.280204282,9,3,4000
"9_3_est_GP_param.csv","mu[4]",1.098788244,9,3,4000
"9_3_est_GP_param.csv","mu[5]",2.659934047,9,3,4000
"9_4_est_GP_param.csv","alpha",2.298492917,9,4,4000
"9_4_est_GP_param.csv","rho",1.485956561,9,4,4000
"9_4_est_GP_param.csv","sigma",2.956529906,9,4,4000
"9_4_est_GP_param.csv","mu[1]",3.165073164,9,4,4000
"9_4_est_GP_param.csv","mu[2]",3.179723128,9,4,4000
"9_4_est_GP_param.csv","mu[3]",-2.868168769,9,4,4000
"9_4_est_GP_param.csv","mu[4]",-3.191320562,9,4,4000
"9_4_est_GP_param.csv","mu[5]",-2.522657042,9,4,4000
"9_5_est_GP_param.csv","alpha",1.41449867,9,5,4000
"9_5_est_GP_param.csv","rho",1.091842342,9,5,4000
"9_5_est_GP_param.csv","sigma",3.008946108,9,5,4000
"9_5_est_GP_param.csv","mu[1]",-4.354133946,9,5,4000
"9_5_est_GP_param.csv","mu[2]",1.514813555,9,5,4000
"9_5_est_GP_param.csv","mu[3]",2.588697489,9,5,4000
"9_5_est_GP_param.csv","mu[4]",-1.192111806,9,5,4000
"9_5_est_GP_param.csv","mu[5]",-0.273185453,9,5,4000
"9_6_est_GP_param.csv","alpha",3.077786699,9,6,4000
"9_6_est_GP_param.csv","rho",1.508097633,9,6,4000
"9_6_est_GP_param.csv","sigma",3.032251877,9,6,4000
"9_6_est_GP_param.csv","mu[1]",-1.770796,9,6,4000
"9_6_est_GP_param.csv","mu[2]",-0.048953094,9,6,4000
"9_6_est_GP_param.csv","mu[3]",4.169010568,9,6,4000
"9_6_est_GP_param.csv","mu[4]",-0.860498353,9,6,4000
"9_6_est_GP_param.csv","mu[5]",-2.350346041,9,6,4000
"9_7_est_GP_param.csv","alpha",2.827124237,9,7,4000
"9_7_est_GP_param.csv","rho",1.646742585,9,7,4000
"9_7_est_GP_param.csv","sigma",3.045033942,9,7,4000
"9_7_est_GP_param.csv","mu[1]",4.319326745,9,7,4000
"9_7_est_GP_param.csv","mu[2]",0.483852457,9,7,4000
"9_7_est_GP_param.csv","mu[3]",1.882415144,9,7,4000
"9_7_est_GP_param.csv","mu[4]",-0.262452863,9,7,4000
"9_7_est_GP_param.csv","mu[5]",2.850861059,9,7,4000
"9_8_est_GP_param.csv","alpha",2.252553083,9,8,4000
"9_8_est_GP_param.csv","rho",1.236608046,9,8,4000
"9_8_est_GP_param.csv","sigma",3.050367704,9,8,4000
"9_8_est_GP_param.csv","mu[1]",0.517789919,9,8,4000
"9_8_est_GP_param.csv","mu[2]",2.004337238,9,8,4000
"9_8_est_GP_param.csv","mu[3]",-1.196689276,9,8,4000
"9_8_est_GP_param.csv","mu[4]",-2.661438864,9,8,4000
"9_8_est_GP_param.csv","mu[5]",0.924336475,9,8,4000
"9_9_est_GP_param.csv","alpha",2.673123752,9,9,4000
"9_9_est_GP_param.csv","rho",1.408464242,9,9,4000
"9_9_est_GP_param.csv","sigma",3.000916211,9,9,4000
"9_9_est_GP_param.csv","mu[1]",5.958099715,9,9,4000
"9_9_est_GP_param.csv","mu[2]",-1.037230773,9,9,4000
"9_9_est_GP_param.csv","mu[3]",2.645825681,9,9,4000
"9_9_est_GP_param.csv","mu[4]",2.583232732,9,9,4000
"9_9_est_GP_param.csv","mu[5]",-2.416926976,9,9,4000
"10_10_est_GP_param.csv","alpha",3.408429813,10,10,3000
"10_10_est_GP_param.csv","rho",1.756543264,10,10,3000
"10_10_est_GP_param.csv","sigma",2.949524427,10,10,3000
"10_10_est_GP_param.csv","mu[1]",-1.503024604,10,10,3000
"10_10_est_GP_param.csv","mu[2]",-0.393730526,10,10,3000
"10_10_est_GP_param.csv","mu[3]",-1.717916171,10,10,3000
"10_10_est_GP_param.csv","mu[4]",0.208863776,10,10,3000
"10_10_est_GP_param.csv","mu[5]",4.211487489,10,10,3000
"10_11_est_GP_param.csv","alpha",1.987715245,10,11,3000
"10_11_est_GP_param.csv","rho",1.48914692,10,11,3000
"10_11_est_GP_param.csv","sigma",3.001192292,10,11,3000
"10_11_est_GP_param.csv","mu[1]",-2.089343354,10,11,3000
"10_11_est_GP_param.csv","mu[2]",-3.529586163,10,11,3000
"10_11_est_GP_param.csv","mu[3]",-3.304510873,10,11,3000
"10_11_est_GP_param.csv","mu[4]",-0.604430679,10,11,3000
"10_11_est_GP_param.csv","mu[5]",-3.306575371,10,11,3000
"10_12_est_GP_param.csv","alpha",3.252268427,10,12,3000
"10_12_est_GP_param.csv","rho",1.905824078,10,12,3000
"10_12_est_GP_param.csv","sigma",2.96072597,10,12,3000
"10_12_est_GP_param.csv","mu[1]",0.880745981,10,12,3000
"10_12_est_GP_param.csv","mu[2]",-2.747372806,10,12,3000
"10_12_est_GP_param.csv","mu[3]",1.332471032,10,12,3000
"10_12_est_GP_param.csv","mu[4]",-0.35158147,10,12,3000
"10_12_est_GP_param.csv","mu[5]",-0.795322003,10,12,3000
"10_13_est_GP_param.csv","alpha",3.493376136,10,13,3000
"10_13_est_GP_param.csv","rho",2.028922491,10,13,3000
"10_13_est_GP_param.csv","sigma",3.034359641,10,13,3000
"10_13_est_GP_param.csv","mu[1]",-3.052500946,10,13,3000
"10_13_est_GP_param.csv","mu[2]",1.694721154,10,13,3000
"10_13_est_GP_param.csv","mu[3]",0.135248535,10,13,3000
"10_13_est_GP_param.csv","mu[4]",2.360586008,10,13,3000
"10_13_est_GP_param.csv","mu[5]",5.770595294,10,13,3000
"10_14_est_GP_param.csv","alpha",2.27308191,10,14,3000
"10_14_est_GP_param.csv","rho",1.483075808,10,14,3000
"10_14_est_GP_param.csv","sigma",2.966728701,10,14,3000
"10_14_est_GP_param.csv","mu[1]",0.48757957,10,14,3000
"10_14_est_GP_param.csv","mu[2]",1.153125583,10,14,3000
"10_14_est_GP_param.csv","mu[3]",2.074677007,10,14,3000
"10_14_est_GP_param.csv","mu[4]",0.567513201,10,14,3000
"10_14_est_GP_param.csv","mu[5]",-2.170016081,10,14,3000
"10_15_est_GP_param.csv","alpha",3.729819372,10,15,3000
"10_15_est_GP_param.csv","rho",1.952500995,10,15,3000
"10_15_est_GP_param.csv","sigma",2.990572202,10,15,3000
"10_15_est_GP_param.csv","mu[1]",-0.667687419,10,15,3000
"10_15_est_GP_param.csv","mu[2]",-1.569122135,10,15,3000
"10_15_est_GP_param.csv","mu[3]",-2.472030023,10,15,3000
"10_15_est_GP_param.csv","mu[4]",3.082941943,10,15,3000
"10_15_est_GP_param.csv","mu[5]",-0.19257638,10,15,3000
"10_16_est_GP_param.csv","alpha",3.272824511,10,16,3000
"10_16_est_GP_param.csv","rho",1.810451916,10,16,3000
"10_16_est_GP_param.csv","sigma",3.081364118,10,16,3000
"10_16_est_GP_param.csv","mu[1]",-2.204796396,10,16,3000
"10_16_est_GP_param.csv","mu[2]",0.173865648,10,16,3000
"10_16_est_GP_param.csv","mu[3]",-0.833242341,10,16,3000
"10_16_est_GP_param.csv","mu[4]",0.163586919,10,16,3000
"10_16_est_GP_param.csv","mu[5]",-1.882965176,10,16,3000
"10_17_est_GP_param.csv","alpha",3.236701207,10,17,3000
"10_17_est_GP_param.csv","rho",2.039213068,10,17,3000
"10_17_est_GP_param.csv","sigma",3.024747404,10,17,3000
"10_17_est_GP_param.csv","mu[1]",2.262004543,10,17,3000
"10_17_est_GP_param.csv","mu[2]",0.245361637,10,17,3000
"10_17_est_GP_param.csv","mu[3]",-2.347435177,10,17,3000
"10_17_est_GP_param.csv","mu[4]",1.764885238,10,17,3000
"10_17_est_GP_param.csv","mu[5]",-2.617910459,10,17,3000
"10_18_est_GP_param.csv","alpha",2.66642791,10,18,3000
"10_18_est_GP_param.csv","rho",1.900938174,10,18,3000
"10_18_est_GP_param.csv","sigma",3.017960375,10,18,3000
"10_18_est_GP_param.csv","mu[1]",-1.111766559,10,18,3000
"10_18_est_GP_param.csv","mu[2]",1.781531383,10,18,3000
"10_18_est_GP_param.csv","mu[3]",0.554344663,10,18,3000
"10_18_est_GP_param.csv","mu[4]",-1.263211422,10,18,3000
"10_18_est_GP_param.csv","mu[5]",-0.883087858,10,18,3000
"10_19_est_GP_param.csv","alpha",3.350690248,10,19,3000
"10_19_est_GP_param.csv","rho",1.701409914,10,19,3000
"10_19_est_GP_param.csv","sigma",3.048786401,10,19,3000
"10_19_est_GP_param.csv","mu[1]",0.414134599,10,19,3000
"10_19_est_GP_param.csv","mu[2]",0.866224972,10,19,3000
"10_19_est_GP_param.csv","mu[3]",1.244717124,10,19,3000
"10_19_est_GP_param.csv","mu[4]",2.959826883,10,19,3000
"10_19_est_GP_param.csv","mu[5]",5.10699954,10,19,3000
"10_2_est_GP_param.csv","alpha",2.55365908,10,2,3000
"10_2_est_GP_param.csv","rho",1.497457028,10,2,3000
"10_2_est_GP_param.csv","sigma",2.964697874,10,2,3000
"10_2_est_GP_param.csv","mu[1]",-1.367220619,10,2,3000
"10_2_est_GP_param.csv","mu[2]",4.815653788,10,2,3000
"10_2_est_GP_param.csv","mu[3]",1.175337698,10,2,3000
"10_2_est_GP_param.csv","mu[4]",0.36700605,10,2,3000
"10_2_est_GP_param.csv","mu[5]",-1.012695258,10,2,3000
"10_20_est_GP_param.csv","alpha",2.501448679,10,20,3000
"10_20_est_GP_param.csv","rho",1.561018005,10,20,3000
"10_20_est_GP_param.csv","sigma",3.015940154,10,20,3000
"10_20_est_GP_param.csv","mu[1]",-0.827895101,10,20,3000
"10_20_est_GP_param.csv","mu[2]",3.845026188,10,20,3000
"10_20_est_GP_param.csv","mu[3]",0.920455189,10,20,3000
"10_20_est_GP_param.csv","mu[4]",2.203810049,10,20,3000
"10_20_est_GP_param.csv","mu[5]",1.605835855,10,20,3000
"10_3_est_GP_param.csv","alpha",3.729102188,10,3,3000
"10_3_est_GP_param.csv","rho",1.790244757,10,3,3000
"10_3_est_GP_param.csv","sigma",2.957226814,10,3,3000
"10_3_est_GP_param.csv","mu[1]",-2.457826378,10,3,3000
"10_3_est_GP_param.csv","mu[2]",3.951477877,10,3,3000
"10_3_est_GP_param.csv","mu[3]",8.557626556,10,3,3000
"10_3_est_GP_param.csv","mu[4]",-3.232590044,10,3,3000
"10_3_est_GP_param.csv","mu[5]",1.128908683,10,3,3000
"10_4_est_GP_param.csv","alpha",3.205300631,10,4,3000
"10_4_est_GP_param.csv","rho",1.825730751,10,4,3000
"10_4_est_GP_param.csv","sigma",2.944869362,10,4,3000
"10_4_est_GP_param.csv","mu[1]",6.162263899,10,4,3000
"10_4_est_GP_param.csv","mu[2]",0.482448242,10,4,3000
"10_4_est_GP_param.csv","mu[3]",0.642272659,10,4,3000
"10_4_est_GP_param.csv","mu[4]",-2.985455879,10,4,3000
"10_4_est_GP_param.csv","mu[5]",-1.784210602,10,4,3000
"10_5_est_GP_param.csv","alpha",2.682693694,10,5,3000
"10_5_est_GP_param.csv","rho",1.859381362,10,5,3000
"10_5_est_GP_param.csv","sigma",3.017449987,10,5,3000
"10_5_est_GP_param.csv","mu[1]",-3.478864316,10,5,3000
"10_5_est_GP_param.csv","mu[2]",-2.107077481,10,5,3000
"10_5_est_GP_param.csv","mu[3]",0.399282286,10,5,3000
"10_5_est_GP_param.csv","mu[4]",2.778564086,10,5,3000
"10_5_est_GP_param.csv","mu[5]",2.444885484,10,5,3000
"10_6_est_GP_param.csv","alpha",3.458103775,10,6,3000
"10_6_est_GP_param.csv","rho",2.007618704,10,6,3000
"10_6_est_GP_param.csv","sigma",2.991084031,10,6,3000
"10_6_est_GP_param.csv","mu[1]",-2.413059005,10,6,3000
"10_6_est_GP_param.csv","mu[2]",1.103008249,10,6,3000
"10_6_est_GP_param.csv","mu[3]",-2.419416532,10,6,3000
"10_6_est_GP_param.csv","mu[4]",-2.408695063,10,6,3000
"10_6_est_GP_param.csv","mu[5]",4.947946584,10,6,3000
"10_7_est_GP_param.csv","alpha",3.267050236,10,7,3000
"10_7_est_GP_param.csv","rho",1.945823985,10,7,3000
"10_7_est_GP_param.csv","sigma",3.023849423,10,7,3000
"10_7_est_GP_param.csv","mu[1]",4.043229199,10,7,3000
"10_7_est_GP_param.csv","mu[2]",0.553266841,10,7,3000
"10_7_est_GP_param.csv","mu[3]",-0.646228445,10,7,3000
"10_7_est_GP_param.csv","mu[4]",-0.15426053,10,7,3000
"10_7_est_GP_param.csv","mu[5]",-0.692192683,10,7,3000
"10_8_est_GP_param.csv","alpha",3.142684709,10,8,3000
"10_8_est_GP_param.csv","rho",2.001751816,10,8,3000
"10_8_est_GP_param.csv","sigma",2.942516211,10,8,3000
"10_8_est_GP_param.csv","mu[1]",0.597180645,10,8,3000
"10_8_est_GP_param.csv","mu[2]",0.555450783,10,8,3000
"10_8_est_GP_param.csv","mu[3]",7.616469938,10,8,3000
"10_8_est_GP_param.csv","mu[4]",2.255144282,10,8,3000
"10_8_est_GP_param.csv","mu[5]",1.469029863,10,8,3000
"10_9_est_GP_param.csv","alpha",2.769780476,10,9,3000
"10_9_est_GP_param.csv","rho",1.857663264,10,9,3000
"10_9_est_GP_param.csv","sigma",3.019066005,10,9,3000
"10_9_est_GP_param.csv","mu[1]",-0.184131349,10,9,3000
"10_9_est_GP_param.csv","mu[2]",-1.497150191,10,9,3000
"10_9_est_GP_param.csv","mu[3]",-1.249461042,10,9,3000
"10_9_est_GP_param.csv","mu[4]",-1.685609898,10,9,3000
"10_9_est_GP_param.csv","mu[5]",-0.06452098,10,9,3000
"11_10_est_GP_param.csv","alpha",2.572669352,11,10,3000
"11_10_est_GP_param.csv","rho",2.706420342,11,10,3000
"11_10_est_GP_param.csv","sigma",3.008958572,11,10,3000
"11_10_est_GP_param.csv","mu[1]",0.069087116,11,10,3000
"11_10_est_GP_param.csv","mu[2]",-2.568282618,11,10,3000
"11_10_est_GP_param.csv","mu[3]",-2.27787271,11,10,3000
"11_10_est_GP_param.csv","mu[4]",3.384452024,11,10,3000
"11_10_est_GP_param.csv","mu[5]",4.425558841,11,10,3000
"11_11_est_GP_param.csv","alpha",2.381739066,11,11,3000
"11_11_est_GP_param.csv","rho",2.18338388,11,11,3000
"11_11_est_GP_param.csv","sigma",2.974942334,11,11,3000
"11_11_est_GP_param.csv","mu[1]",2.502997909,11,11,3000
"11_11_est_GP_param.csv","mu[2]",2.248854272,11,11,3000
"11_11_est_GP_param.csv","mu[3]",0.522863485,11,11,3000
"11_11_est_GP_param.csv","mu[4]",2.992701061,11,11,3000
"11_11_est_GP_param.csv","mu[5]",-2.042728519,11,11,3000
"11_12_est_GP_param.csv","alpha",3.23240201,11,12,3000
"11_12_est_GP_param.csv","rho",2.286087214,11,12,3000
"11_12_est_GP_param.csv","sigma",2.988101908,11,12,3000
"11_12_est_GP_param.csv","mu[1]",-1.678429202,11,12,3000
"11_12_est_GP_param.csv","mu[2]",0.798142232,11,12,3000
"11_12_est_GP_param.csv","mu[3]",-1.64225691,11,12,3000
"11_12_est_GP_param.csv","mu[4]",-1.062436172,11,12,3000
"11_12_est_GP_param.csv","mu[5]",1.730821668,11,12,3000
"11_13_est_GP_param.csv","alpha",3.475761536,11,13,3000
"11_13_est_GP_param.csv","rho",2.702324036,11,13,3000
"11_13_est_GP_param.csv","sigma",3.050724512,11,13,3000
"11_13_est_GP_param.csv","mu[1]",1.443724024,11,13,3000
"11_13_est_GP_param.csv","mu[2]",-2.233629396,11,13,3000
"11_13_est_GP_param.csv","mu[3]",-0.690625258,11,13,3000
"11_13_est_GP_param.csv","mu[4]",3.930576114,11,13,3000
"11_13_est_GP_param.csv","mu[5]",-2.857310274,11,13,3000
"11_14_est_GP_param.csv","alpha",3.300552354,11,14,3000
"11_14_est_GP_param.csv","rho",2.243789789,11,14,3000
"11_14_est_GP_param.csv","sigma",3.013916033,11,14,3000
"11_14_est_GP_param.csv","mu[1]",0.597753835,11,14,3000
"11_14_est_GP_param.csv","mu[2]",-2.259132313,11,14,3000
"11_14_est_GP_param.csv","mu[3]",0.041335848,11,14,3000
"11_14_est_GP_param.csv","mu[4]",-2.545076741,11,14,3000
"11_14_est_GP_param.csv","mu[5]",1.444076026,11,14,3000
"11_15_est_GP_param.csv","alpha",3.188178069,11,15,3000
"11_15_est_GP_param.csv","rho",2.189134194,11,15,3000
"11_15_est_GP_param.csv","sigma",2.954696999,11,15,3000
"11_15_est_GP_param.csv","mu[1]",-0.175265139,11,15,3000
"11_15_est_GP_param.csv","mu[2]",-1.695484378,11,15,3000
"11_15_est_GP_param.csv","mu[3]",-1.466526643,11,15,3000
"11_15_est_GP_param.csv","mu[4]",5.016015439,11,15,3000
"11_15_est_GP_param.csv","mu[5]",-0.391264156,11,15,3000
"11_16_est_GP_param.csv","alpha",3.753992057,11,16,3000
"11_16_est_GP_param.csv","rho",2.464918173,11,16,3000
"11_16_est_GP_param.csv","sigma",3.045230489,11,16,3000
"11_16_est_GP_param.csv","mu[1]",1.567566829,11,16,3000
"11_16_est_GP_param.csv","mu[2]",0.061213808,11,16,3000
"11_16_est_GP_param.csv","mu[3]",0.209649421,11,16,3000
"11_16_est_GP_param.csv","mu[4]",-3.434925017,11,16,3000
"11_16_est_GP_param.csv","mu[5]",1.874034085,11,16,3000
"11_17_est_GP_param.csv","alpha",3.399692709,11,17,3000
"11_17_est_GP_param.csv","rho",2.747104083,11,17,3000
"11_17_est_GP_param.csv","sigma",3.010290435,11,17,3000
"11_17_est_GP_param.csv","mu[1]",-0.092037572,11,17,3000
"11_17_est_GP_param.csv","mu[2]",-0.03080043,11,17,3000
"11_17_est_GP_param.csv","mu[3]",-3.153080069,11,17,3000
"11_17_est_GP_param.csv","mu[4]",3.283373629,11,17,3000
"11_17_est_GP_param.csv","mu[5]",-1.625719798,11,17,3000
"11_18_est_GP_param.csv","alpha",2.478703621,11,18,3000
"11_18_est_GP_param.csv","rho",2.035796041,11,18,3000
"11_18_est_GP_param.csv","sigma",2.971679359,11,18,3000
"11_18_est_GP_param.csv","mu[1]",1.520495966,11,18,3000
"11_18_est_GP_param.csv","mu[2]",-1.096174116,11,18,3000
"11_18_est_GP_param.csv","mu[3]",0.340382351,11,18,3000
"11_18_est_GP_param.csv","mu[4]",0.560474493,11,18,3000
"11_18_est_GP_param.csv","mu[5]",0.042824873,11,18,3000
"11_19_est_GP_param.csv","alpha",3.818854958,11,19,3000
"11_19_est_GP_param.csv","rho",2.730312058,11,19,3000
"11_19_est_GP_param.csv","sigma",3.085712245,11,19,3000
"11_19_est_GP_param.csv","mu[1]",-2.085038377,11,19,3000
"11_19_est_GP_param.csv","mu[2]",-2.515292824,11,19,3000
"11_19_est_GP_param.csv","mu[3]",1.776000796,11,19,3000
"11_19_est_GP_param.csv","mu[4]",-0.971815915,11,19,3000
"11_19_est_GP_param.csv","mu[5]",4.247669603,11,19,3000
"11_2_est_GP_param.csv","alpha",3.174552399,11,2,3000
"11_2_est_GP_param.csv","rho",2.607147989,11,2,3000
"11_2_est_GP_param.csv","sigma",3.004672557,11,2,3000
"11_2_est_GP_param.csv","mu[1]",4.502226578,11,2,3000
"11_2_est_GP_param.csv","mu[2]",0.976757317,11,2,3000
"11_2_est_GP_param.csv","mu[3]",0.498387913,11,2,3000
"11_2_est_GP_param.csv","mu[4]",-1.639365473,11,2,3000
"11_2_est_GP_param.csv","mu[5]",-3.565313372,11,2,3000
"11_20_est_GP_param.csv","alpha",2.762463209,11,20,3000
"11_20_est_GP_param.csv","rho",2.229448782,11,20,3000
"11_20_est_GP_param.csv","sigma",2.911653551,11,20,3000
"11_20_est_GP_param.csv","mu[1]",-2.314469402,11,20,3000
"11_20_est_GP_param.csv","mu[2]",-2.829940477,11,20,3000
"11_20_est_GP_param.csv","mu[3]",-2.458656962,11,20,3000
"11_20_est_GP_param.csv","mu[4]",-0.688502518,11,20,3000
"11_20_est_GP_param.csv","mu[5]",-0.965451358,11,20,3000
"11_3_est_GP_param.csv","alpha",2.217392732,11,3,3000
"11_3_est_GP_param.csv","rho",1.930504797,11,3,3000
"11_3_est_GP_param.csv","sigma",2.91400773,11,3,3000
"11_3_est_GP_param.csv","mu[1]",-0.155104538,11,3,3000
"11_3_est_GP_param.csv","mu[2]",0.422784841,11,3,3000
"11_3_est_GP_param.csv","mu[3]",-2.590305479,11,3,3000
"11_3_est_GP_param.csv","mu[4]",-0.118319279,11,3,3000
"11_3_est_GP_param.csv","mu[5]",-3.239179433,11,3,3000
"11_4_est_GP_param.csv","alpha",3.302780624,11,4,3000
"11_4_est_GP_param.csv","rho",2.474768293,11,4,3000
"11_4_est_GP_param.csv","sigma",3.076726777,11,4,3000
"11_4_est_GP_param.csv","mu[1]",0.482006105,11,4,3000
"11_4_est_GP_param.csv","mu[2]",-2.928526948,11,4,3000
"11_4_est_GP_param.csv","mu[3]",-1.096183126,11,4,3000
"11_4_est_GP_param.csv","mu[4]",1.297103249,11,4,3000
"11_4_est_GP_param.csv","mu[5]",0.882828539,11,4,3000
"11_5_est_GP_param.csv","alpha",2.995400995,11,5,3000
"11_5_est_GP_param.csv","rho",2.462363467,11,5,3000
"11_5_est_GP_param.csv","sigma",3.008771399,11,5,3000
"11_5_est_GP_param.csv","mu[1]",-0.640792406,11,5,3000
"11_5_est_GP_param.csv","mu[2]",1.793863204,11,5,3000
"11_5_est_GP_param.csv","mu[3]",2.425029445,11,5,3000
"11_5_est_GP_param.csv","mu[4]",-0.773586726,11,5,3000
"11_5_est_GP_param.csv","mu[5]",-0.107162734,11,5,3000
"11_6_est_GP_param.csv","alpha",4.186136853,11,6,3000
"11_6_est_GP_param.csv","rho",2.058633602,11,6,3000
"11_6_est_GP_param.csv","sigma",3.065231144,11,6,3000
"11_6_est_GP_param.csv","mu[1]",4.476134834,11,6,3000
"11_6_est_GP_param.csv","mu[2]",0.977511142,11,6,3000
"11_6_est_GP_param.csv","mu[3]",-3.830153846,11,6,3000
"11_6_est_GP_param.csv","mu[4]",1.353795969,11,6,3000
"11_6_est_GP_param.csv","mu[5]",1.932619558,11,6,3000
"11_7_est_GP_param.csv","alpha",3.499640177,11,7,3000
"11_7_est_GP_param.csv","rho",2.09171921,11,7,3000
"11_7_est_GP_param.csv","sigma",3.044713832,11,7,3000
"11_7_est_GP_param.csv","mu[1]",-1.512371692,11,7,3000
"11_7_est_GP_param.csv","mu[2]",-1.158617941,11,7,3000
"11_7_est_GP_param.csv","mu[3]",-0.745003811,11,7,3000
"11_7_est_GP_param.csv","mu[4]",4.696159672,11,7,3000
"11_7_est_GP_param.csv","mu[5]",3.005388515,11,7,3000
"11_8_est_GP_param.csv","alpha",2.176423705,11,8,3000
"11_8_est_GP_param.csv","rho",1.933297203,11,8,3000
"11_8_est_GP_param.csv","sigma",2.989082583,11,8,3000
"11_8_est_GP_param.csv","mu[1]",2.37930962,11,8,3000
"11_8_est_GP_param.csv","mu[2]",0.387192903,11,8,3000
"11_8_est_GP_param.csv","mu[3]",-2.352628836,11,8,3000
"11_8_est_GP_param.csv","mu[4]",-1.022184228,11,8,3000
"11_8_est_GP_param.csv","mu[5]",-0.605934667,11,8,3000
"11_9_est_GP_param.csv","alpha",2.820093055,11,9,3000
"11_9_est_GP_param.csv","rho",2.23946742,11,9,3000
"11_9_est_GP_param.csv","sigma",2.981897893,11,9,3000
"11_9_est_GP_param.csv","mu[1]",-2.332220456,11,9,3000
"11_9_est_GP_param.csv","mu[2]",-0.005540092,11,9,3000
"11_9_est_GP_param.csv","mu[3]",0.558184081,11,9,3000
"11_9_est_GP_param.csv","mu[4]",-1.089591922,11,9,3000
"11_9_est_GP_param.csv","mu[5]",-3.271036547,11,9,3000
"12_10_est_GP_param.csv","alpha",3.026711425,12,10,3000
"12_10_est_GP_param.csv","rho",2.301779075,12,10,3000
"12_10_est_GP_param.csv","sigma",3.064143421,12,10,3000
"12_10_est_GP_param.csv","mu[1]",2.004061476,12,10,3000
"12_10_est_GP_param.csv","mu[2]",-1.819849249,12,10,3000
"12_10_est_GP_param.csv","mu[3]",-1.080362042,12,10,3000
"12_10_est_GP_param.csv","mu[4]",-1.226663251,12,10,3000
"12_10_est_GP_param.csv","mu[5]",0.011340969,12,10,3000
"12_11_est_GP_param.csv","alpha",3.136319007,12,11,3000
"12_11_est_GP_param.csv","rho",2.75276783,12,11,3000
"12_11_est_GP_param.csv","sigma",2.932158965,12,11,3000
"12_11_est_GP_param.csv","mu[1]",-0.783680562,12,11,3000
"12_11_est_GP_param.csv","mu[2]",2.250855181,12,11,3000
"12_11_est_GP_param.csv","mu[3]",2.35004911,12,11,3000
"12_11_est_GP_param.csv","mu[4]",3.4562853,12,11,3000
"12_11_est_GP_param.csv","mu[5]",1.728161088,12,11,3000
"12_12_est_GP_param.csv","alpha",3.438013866,12,12,3000
"12_12_est_GP_param.csv","rho",2.45637821,12,12,3000
"12_12_est_GP_param.csv","sigma",3.010859563,12,12,3000
"12_12_est_GP_param.csv","mu[1]",2.163249082,12,12,3000
"12_12_est_GP_param.csv","mu[2]",-0.494332031,12,12,3000
"12_12_est_GP_param.csv","mu[3]",-2.86322987,12,12,3000
"12_12_est_GP_param.csv","mu[4]",-2.71638562,12,12,3000
"12_12_est_GP_param.csv","mu[5]",-1.149763221,12,12,3000
"12_13_est_GP_param.csv","alpha",3.070219009,12,13,3000
"12_13_est_GP_param.csv","rho",2.390657773,12,13,3000
"12_13_est_GP_param.csv","sigma",3.023574028,12,13,3000
"12_13_est_GP_param.csv","mu[1]",0.03963332,12,13,3000
"12_13_est_GP_param.csv","mu[2]",3.902572581,12,13,3000
"12_13_est_GP_param.csv","mu[3]",-1.236825541,12,13,3000
"12_13_est_GP_param.csv","mu[4]",-2.584223914,12,13,3000
"12_13_est_GP_param.csv","mu[5]",1.67716209,12,13,3000
"12_14_est_GP_param.csv","alpha",2.66900695,12,14,3000
"12_14_est_GP_param.csv","rho",2.234012944,12,14,3000
"12_14_est_GP_param.csv","sigma",3.059639293,12,14,3000
"12_14_est_GP_param.csv","mu[1]",5.59948194,12,14,3000
"12_14_est_GP_param.csv","mu[2]",-0.25294712,12,14,3000
"12_14_est_GP_param.csv","mu[3]",-1.756733552,12,14,3000
"12_14_est_GP_param.csv","mu[4]",1.254598411,12,14,3000
"12_14_est_GP_param.csv","mu[5]",-2.39466827,12,14,3000
"12_15_est_GP_param.csv","alpha",3.336804247,12,15,3000
"12_15_est_GP_param.csv","rho",2.636935121,12,15,3000
"12_15_est_GP_param.csv","sigma",3.01811573,12,15,3000
"12_15_est_GP_param.csv","mu[1]",1.660790788,12,15,3000
"12_15_est_GP_param.csv","mu[2]",2.576357328,12,15,3000
"12_15_est_GP_param.csv","mu[3]",-3.285208401,12,15,3000
"12_15_est_GP_param.csv","mu[4]",1.687743128,12,15,3000
"12_15_est_GP_param.csv","mu[5]",-1.334972549,12,15,3000
"12_16_est_GP_param.csv","alpha",3.932708642,12,16,3000
"12_16_est_GP_param.csv","rho",2.81166808,12,16,3000
"12_16_est_GP_param.csv","sigma",3.021892773,12,16,3000
"12_16_est_GP_param.csv","mu[1]",-2.754692326,12,16,3000
"12_16_est_GP_param.csv","mu[2]",5.244348998,12,16,3000
"12_16_est_GP_param.csv","mu[3]",1.418705044,12,16,3000
"12_16_est_GP_param.csv","mu[4]",4.849927211,12,16,3000
"12_16_est_GP_param.csv","mu[5]",-0.612361839,12,16,3000
"12_17_est_GP_param.csv","alpha",2.732817062,12,17,3000
"12_17_est_GP_param.csv","rho",2.54227947,12,17,3000
"12_17_est_GP_param.csv","sigma",3.02727293,12,17,3000
"12_17_est_GP_param.csv","mu[1]",0.493789993,12,17,3000
"12_17_est_GP_param.csv","mu[2]",-1.971882168,12,17,3000
"12_17_est_GP_param.csv","mu[3]",-2.908270069,12,17,3000
"12_17_est_GP_param.csv","mu[4]",0.489575472,12,17,3000
"12_17_est_GP_param.csv","mu[5]",-1.380256235,12,17,3000
"12_18_est_GP_param.csv","alpha",3.152532545,12,18,3000
"12_18_est_GP_param.csv","rho",2.305935051,12,18,3000
"12_18_est_GP_param.csv","sigma",2.954428067,12,18,3000
"12_18_est_GP_param.csv","mu[1]",-2.306292931,12,18,3000
"12_18_est_GP_param.csv","mu[2]",0.459576531,12,18,3000
"12_18_est_GP_param.csv","mu[3]",-2.869955319,12,18,3000
"12_18_est_GP_param.csv","mu[4]",4.426688584,12,18,3000
"12_18_est_GP_param.csv","mu[5]",3.234878155,12,18,3000
"12_19_est_GP_param.csv","alpha",3.012488037,12,19,3000
"12_19_est_GP_param.csv","rho",2.932747236,12,19,3000
"12_19_est_GP_param.csv","sigma",3.005319253,12,19,3000
"12_19_est_GP_param.csv","mu[1]",0.40794578,12,19,3000
"12_19_est_GP_param.csv","mu[2]",-2.564266932,12,19,3000
"12_19_est_GP_param.csv","mu[3]",0.031023019,12,19,3000
"12_19_est_GP_param.csv","mu[4]",-2.898714134,12,19,3000
"12_19_est_GP_param.csv","mu[5]",0.59976973,12,19,3000
"12_2_est_GP_param.csv","alpha",3.013390178,12,2,3000
"12_2_est_GP_param.csv","rho",2.468686173,12,2,3000
"12_2_est_GP_param.csv","sigma",3.062354776,12,2,3000
"12_2_est_GP_param.csv","mu[1]",-2.433494326,12,2,3000
"12_2_est_GP_param.csv","mu[2]",-0.521898807,12,2,3000
"12_2_est_GP_param.csv","mu[3]",-0.680397739,12,2,3000
"12_2_est_GP_param.csv","mu[4]",2.350744409,12,2,3000
"12_2_est_GP_param.csv","mu[5]",-0.673029739,12,2,3000
"12_20_est_GP_param.csv","alpha",2.878460547,12,20,3000
"12_20_est_GP_param.csv","rho",2.38876026,12,20,3000
"12_20_est_GP_param.csv","sigma",2.999566687,12,20,3000
"12_20_est_GP_param.csv","mu[1]",0.684928992,12,20,3000
"12_20_est_GP_param.csv","mu[2]",1.679940213,12,20,3000
"12_20_est_GP_param.csv","mu[3]",0.292112244,12,20,3000
"12_20_est_GP_param.csv","mu[4]",3.961294485,12,20,3000
"12_20_est_GP_param.csv","mu[5]",1.131823405,12,20,3000
"12_3_est_GP_param.csv","alpha",2.609583016,12,3,3000
"12_3_est_GP_param.csv","rho",2.113530506,12,3,3000
"12_3_est_GP_param.csv","sigma",2.978909498,12,3,3000
"12_3_est_GP_param.csv","mu[1]",-0.354410573,12,3,3000
"12_3_est_GP_param.csv","mu[2]",1.53138226,12,3,3000
"12_3_est_GP_param.csv","mu[3]",-1.474386884,12,3,3000
"12_3_est_GP_param.csv","mu[4]",1.073477047,12,3,3000
"12_3_est_GP_param.csv","mu[5]",0.363046971,12,3,3000
"12_4_est_GP_param.csv","alpha",3.16762563,12,4,3000
"12_4_est_GP_param.csv","rho",2.486696941,12,4,3000
"12_4_est_GP_param.csv","sigma",2.985654771,12,4,3000
"12_4_est_GP_param.csv","mu[1]",5.380986155,12,4,3000
"12_4_est_GP_param.csv","mu[2]",0.584679609,12,4,3000
"12_4_est_GP_param.csv","mu[3]",1.423892857,12,4,3000
"12_4_est_GP_param.csv","mu[4]",-0.612634706,12,4,3000
"12_4_est_GP_param.csv","mu[5]",-1.706340258,12,4,3000
"12_5_est_GP_param.csv","alpha",3.644454521,12,5,3000
"12_5_est_GP_param.csv","rho",2.538195965,12,5,3000
"12_5_est_GP_param.csv","sigma",3.02487073,12,5,3000
"12_5_est_GP_param.csv","mu[1]",-0.035747196,12,5,3000
"12_5_est_GP_param.csv","mu[2]",-0.910469912,12,5,3000
"12_5_est_GP_param.csv","mu[3]",1.443432705,12,5,3000
"12_5_est_GP_param.csv","mu[4]",-3.172359336,12,5,3000
"12_5_est_GP_param.csv","mu[5]",1.589644132,12,5,3000
"12_6_est_GP_param.csv","alpha",2.649518778,12,6,3000
"12_6_est_GP_param.csv","rho",2.481650825,12,6,3000
"12_6_est_GP_param.csv","sigma",3.046745388,12,6,3000
"12_6_est_GP_param.csv","mu[1]",0.742100493,12,6,3000
"12_6_est_GP_param.csv","mu[2]",-0.274330682,12,6,3000
"12_6_est_GP_param.csv","mu[3]",3.613770158,12,6,3000
"12_6_est_GP_param.csv","mu[4]",-0.616546053,12,6,3000
"12_6_est_GP_param.csv","mu[5]",-1.426102652,12,6,3000
"12_7_est_GP_param.csv","alpha",2.196811411,12,7,3000
"12_7_est_GP_param.csv","rho",2.268790513,12,7,3000
"12_7_est_GP_param.csv","sigma",3.023509388,12,7,3000
"12_7_est_GP_param.csv","mu[1]",2.504973012,12,7,3000
"12_7_est_GP_param.csv","mu[2]",-3.411547085,12,7,3000
"12_7_est_GP_param.csv","mu[3]",-0.165475141,12,7,3000
"12_7_est_GP_param.csv","mu[4]",2.402187288,12,7,3000
"12_7_est_GP_param.csv","mu[5]",-1.164480112,12,7,3000
"12_8_est_GP_param.csv","alpha",3.212517316,12,8,3000
"12_8_est_GP_param.csv","rho",2.498539958,12,8,3000
"12_8_est_GP_param.csv","sigma",2.962143057,12,8,3000
"12_8_est_GP_param.csv","mu[1]",-0.845106475,12,8,3000
"12_8_est_GP_param.csv","mu[2]",1.484271566,12,8,3000
"12_8_est_GP_param.csv","mu[3]",0.894289246,12,8,3000
"12_8_est_GP_param.csv","mu[4]",4.192355842,12,8,3000
"12_8_est_GP_param.csv","mu[5]",0.610483185,12,8,3000
"12_9_est_GP_param.csv","alpha",2.986384248,12,9,3000
"12_9_est_GP_param.csv","rho",2.701054934,12,9,3000
"12_9_est_GP_param.csv","sigma",2.971673649,12,9,3000
"12_9_est_GP_param.csv","mu[1]",0.743055027,12,9,3000
"12_9_est_GP_param.csv","mu[2]",2.823363828,12,9,3000
"12_9_est_GP_param.csv","mu[3]",1.919584833,12,9,3000
"12_9_est_GP_param.csv","mu[4]",-1.533436877,12,9,3000
"12_9_est_GP_param.csv","mu[5]",-2.79883969,12,9,3000
"2_10_est_GP_param.csv","alpha",2.294202632,2,10,3000
"2_10_est_GP_param.csv","rho",-2.372583989,2,10,3000
"2_10_est_GP_param.csv","sigma",2.874879561,2,10,3000
"2_10_est_GP_param.csv","mu[1]",3.026154743,2,10,3000
"2_10_est_GP_param.csv","mu[2]",9.658088817,2,10,3000
"2_10_est_GP_param.csv","mu[3]",4.106333139,2,10,3000
"2_10_est_GP_param.csv","mu[4]",-3.716314836,2,10,3000
"2_10_est_GP_param.csv","mu[5]",5.053654798,2,10,3000
"2_11_est_GP_param.csv","alpha",1.947082583,2,11,3000
"2_11_est_GP_param.csv","rho",-2.16766453,2,11,3000
"2_11_est_GP_param.csv","sigma",3.036493817,2,11,3000
"2_11_est_GP_param.csv","mu[1]",-2.395472349,2,11,3000
"2_11_est_GP_param.csv","mu[2]",0.078943464,2,11,3000
"2_11_est_GP_param.csv","mu[3]",-2.146165719,2,11,3000
"2_11_est_GP_param.csv","mu[4]",0.008201585,2,11,3000
"2_11_est_GP_param.csv","mu[5]",3.385252254,2,11,3000
"2_12_est_GP_param.csv","alpha",2.284664692,2,12,3000
"2_12_est_GP_param.csv","rho",-2.191286023,2,12,3000
"2_12_est_GP_param.csv","sigma",2.950145301,2,12,3000
"2_12_est_GP_param.csv","mu[1]",3.277248377,2,12,3000
"2_12_est_GP_param.csv","mu[2]",-2.00814623,2,12,3000
"2_12_est_GP_param.csv","mu[3]",-4.97245892,2,12,3000
"2_12_est_GP_param.csv","mu[4]",1.846209779,2,12,3000
"2_12_est_GP_param.csv","mu[5]",-1.021493746,2,12,3000
"2_13_est_GP_param.csv","alpha",2.087159071,2,13,3000
"2_13_est_GP_param.csv","rho",-2.285333047,2,13,3000
"2_13_est_GP_param.csv","sigma",2.956362063,2,13,3000
"2_13_est_GP_param.csv","mu[1]",4.847056297,2,13,3000
"2_13_est_GP_param.csv","mu[2]",-4.43343321,2,13,3000
"2_13_est_GP_param.csv","mu[3]",-2.63052853,2,13,3000
"2_13_est_GP_param.csv","mu[4]",-1.249022989,2,13,3000
"2_13_est_GP_param.csv","mu[5]",0.67501435,2,13,3000
"2_14_est_GP_param.csv","alpha",1.98054284,2,14,3000
"2_14_est_GP_param.csv","rho",-2.355657619,2,14,3000
"2_14_est_GP_param.csv","sigma",2.941923456,2,14,3000
"2_14_est_GP_param.csv","mu[1]",-3.289710905,2,14,3000
"2_14_est_GP_param.csv","mu[2]",4.020450145,2,14,3000
"2_14_est_GP_param.csv","mu[3]",0.01312253,2,14,3000
"2_14_est_GP_param.csv","mu[4]",-0.804916213,2,14,3000
"2_14_est_GP_param.csv","mu[5]",-0.081464341,2,14,3000
"2_15_est_GP_param.csv","alpha",1.928323909,2,15,3000
"2_15_est_GP_param.csv","rho",-2.278915224,2,15,3000
"2_15_est_GP_param.csv","sigma",3.021298504,2,15,3000
"2_15_est_GP_param.csv","mu[1]",6.137244246,2,15,3000
"2_15_est_GP_param.csv","mu[2]",-2.540815568,2,15,3000
"2_15_est_GP_param.csv","mu[3]",2.894586983,2,15,3000
"2_15_est_GP_param.csv","mu[4]",-2.921131887,2,15,3000
"2_15_est_GP_param.csv","mu[5]",1.696165168,2,15,3000
"2_16_est_GP_param.csv","alpha",1.964505216,2,16,3000
"2_16_est_GP_param.csv","rho",-2.367162906,2,16,3000
"2_16_est_GP_param.csv","sigma",2.98845195,2,16,3000
"2_16_est_GP_param.csv","mu[1]",1.751618575,2,16,3000
"2_16_est_GP_param.csv","mu[2]",0.851909502,2,16,3000
"2_16_est_GP_param.csv","mu[3]",-1.500447287,2,16,3000
"2_16_est_GP_param.csv","mu[4]",-3.556576823,2,16,3000
"2_16_est_GP_param.csv","mu[5]",2.791750073,2,16,3000
"2_17_est_GP_param.csv","alpha",2.061722928,2,17,3000
"2_17_est_GP_param.csv","rho",-2.128978617,2,17,3000
"2_17_est_GP_param.csv","sigma",3.002932834,2,17,3000
"2_17_est_GP_param.csv","mu[1]",-4.952128475,2,17,3000
"2_17_est_GP_param.csv","mu[2]",3.44282191,2,17,3000
"2_17_est_GP_param.csv","mu[3]",-4.909326782,2,17,3000
"2_17_est_GP_param.csv","mu[4]",0.456234065,2,17,3000
"2_17_est_GP_param.csv","mu[5]",0.851056952,2,17,3000
"2_18_est_GP_param.csv","alpha",2.004655765,2,18,3000
"2_18_est_GP_param.csv","rho",-2.236392227,2,18,3000
"2_18_est_GP_param.csv","sigma",3.022381856,2,18,3000
"2_18_est_GP_param.csv","mu[1]",-2.174030128,2,18,3000
"2_18_est_GP_param.csv","mu[2]",0.161369725,2,18,3000
"2_18_est_GP_param.csv","mu[3]",-1.103752289,2,18,3000
"2_18_est_GP_param.csv","mu[4]",2.549042409,2,18,3000
"2_18_est_GP_param.csv","mu[5]",-1.395260212,2,18,3000
"2_19_est_GP_param.csv","alpha",2.05102383,2,19,3000
"2_19_est_GP_param.csv","rho",-2.309330495,2,19,3000
"2_19_est_GP_param.csv","sigma",3.020783391,2,19,3000
"2_19_est_GP_param.csv","mu[1]",0.539527289,2,19,3000
"2_19_est_GP_param.csv","mu[2]",-2.488670553,2,19,3000
"2_19_est_GP_param.csv","mu[3]",1.623345661,2,19,3000
"2_19_est_GP_param.csv","mu[4]",6.401683101,2,19,3000
"2_19_est_GP_param.csv","mu[5]",-4.892910602,2,19,3000
"2_2_est_GP_param.csv","alpha",1.967181096,2,2,3000
"2_2_est_GP_param.csv","rho",-2.152869319,2,2,3000
"2_2_est_GP_param.csv","sigma",3.056683783,2,2,3000
"2_2_est_GP_param.csv","mu[1]",0.13085966,2,2,3000
"2_2_est_GP_param.csv","mu[2]",1.825898063,2,2,3000
"2_2_est_GP_param.csv","mu[3]",-4.911672485,2,2,3000
"2_2_est_GP_param.csv","mu[4]",-3.515559199,2,2,3000
"2_2_est_GP_param.csv","mu[5]",-1.19379335,2,2,3000
"2_20_est_GP_param.csv","alpha",2.297404387,2,20,3000
"2_20_est_GP_param.csv","rho",-2.530355821,2,20,3000
"2_20_est_GP_param.csv","sigma",2.850773993,2,20,3000
"2_20_est_GP_param.csv","mu[1]",3.320848036,2,20,3000
"2_20_est_GP_param.csv","mu[2]",0.032148995,2,20,3000
"2_20_est_GP_param.csv","mu[3]",-4.488347274,2,20,3000
"2_20_est_GP_param.csv","mu[4]",-1.790516872,2,20,3000
"2_20_est_GP_param.csv","mu[5]",0.749183564,2,20,3000
"2_3_est_GP_param.csv","alpha",2.175947856,2,3,3000
"2_3_est_GP_param.csv","rho",-2.192157885,2,3,3000
"2_3_est_GP_param.csv","sigma",2.94716689,2,3,3000
"2_3_est_GP_param.csv","mu[1]",-0.848833892,2,3,3000
"2_3_est_GP_param.csv","mu[2]",5.61860784,2,3,3000
"2_3_est_GP_param.csv","mu[3]",4.404079531,2,3,3000
"2_3_est_GP_param.csv","mu[4]",0.274050752,2,3,3000
"2_3_est_GP_param.csv","mu[5]",0.526067119,2,3,3000
"2_4_est_GP_param.csv","alpha",2.024053002,2,4,3000
"2_4_est_GP_param.csv","rho",-2.331390171,2,4,3000
"2_4_est_GP_param.csv","sigma",2.92304436,2,4,3000
"2_4_est_GP_param.csv","mu[1]",-2.309747034,2,4,3000
"2_4_est_GP_param.csv","mu[2]",2.736210985,2,4,3000
"2_4_est_GP_param.csv","mu[3]",1.095159144,2,4,3000
"2_4_est_GP_param.csv","mu[4]",-4.947442733,2,4,3000
"2_4_est_GP_param.csv","mu[5]",-1.160834821,2,4,3000
"2_5_est_GP_param.csv","alpha",2.238629827,2,5,3000
"2_5_est_GP_param.csv","rho",-2.324915231,2,5,3000
"2_5_est_GP_param.csv","sigma",2.862589698,2,5,3000
"2_5_est_GP_param.csv","mu[1]",3.099773795,2,5,3000
"2_5_est_GP_param.csv","mu[2]",-0.436001021,2,5,3000
"2_5_est_GP_param.csv","mu[3]",-1.066644411,2,5,3000
"2_5_est_GP_param.csv","mu[4]",3.819487647,2,5,3000
"2_5_est_GP_param.csv","mu[5]",-0.338746519,2,5,3000
"2_6_est_GP_param.csv","alpha",2.018737357,2,6,3000
"2_6_est_GP_param.csv","rho",-2.419965867,2,6,3000
"2_6_est_GP_param.csv","sigma",2.90097865,2,6,3000
"2_6_est_GP_param.csv","mu[1]",-0.44706821,2,6,3000
"2_6_est_GP_param.csv","mu[2]",-3.133625211,2,6,3000
"2_6_est_GP_param.csv","mu[3]",2.198358296,2,6,3000
"2_6_est_GP_param.csv","mu[4]",-2.010951808,2,6,3000
"2_6_est_GP_param.csv","mu[5]",2.529258621,2,6,3000
"2_7_est_GP_param.csv","alpha",2.204902084,2,7,3000
"2_7_est_GP_param.csv","rho",-2.276262595,2,7,3000
"2_7_est_GP_param.csv","sigma",3.010675874,2,7,3000
"2_7_est_GP_param.csv","mu[1]",1.801895054,2,7,3000
"2_7_est_GP_param.csv","mu[2]",7.953902071,2,7,3000
"2_7_est_GP_param.csv","mu[3]",-0.460532366,2,7,3000
"2_7_est_GP_param.csv","mu[4]",3.564706246,2,7,3000
"2_7_est_GP_param.csv","mu[5]",5.028696493,2,7,3000
"2_8_est_GP_param.csv","alpha",2.028870892,2,8,3000
"2_8_est_GP_param.csv","rho",-2.275662509,2,8,3000
"2_8_est_GP_param.csv","sigma",3.020154606,2,8,3000
"2_8_est_GP_param.csv","mu[1]",-2.347320772,2,8,3000
"2_8_est_GP_param.csv","mu[2]",3.934909099,2,8,3000
"2_8_est_GP_param.csv","mu[3]",0.831073148,2,8,3000
"2_8_est_GP_param.csv","mu[4]",0.239561126,2,8,3000
"2_8_est_GP_param.csv","mu[5]",2.636953063,2,8,3000
"2_9_est_GP_param.csv","alpha",1.832404403,2,9,3000
"2_9_est_GP_param.csv","rho",-2.224581464,2,9,3000
"2_9_est_GP_param.csv","sigma",3.084215653,2,9,3000
"2_9_est_GP_param.csv","mu[1]",-2.90628703,2,9,3000
"2_9_est_GP_param.csv","mu[2]",-0.788952975,2,9,3000
"2_9_est_GP_param.csv","mu[3]",-0.956913559,2,9,3000
"2_9_est_GP_param.csv","mu[4]",-3.348390729,2,9,3000
"2_9_est_GP_param.csv","mu[5]",0.877087876,2,9,3000
"3_10_est_GP_param.csv","alpha",2.278187755,3,10,3000
"3_10_est_GP_param.csv","rho",-1.268672021,3,10,3000
"3_10_est_GP_param.csv","sigma",3.022151212,3,10,3000
"3_10_est_GP_param.csv","mu[1]",-2.119400243,3,10,3000
"3_10_est_GP_param.csv","mu[2]",2.198732892,3,10,3000
"3_10_est_GP_param.csv","mu[3]",2.322207581,3,10,3000
"3_10_est_GP_param.csv","mu[4]",-0.821796055,3,10,3000
"3_10_est_GP_param.csv","mu[5]",2.773348061,3,10,3000
"3_11_est_GP_param.csv","alpha",2.119548707,3,11,3000
"3_11_est_GP_param.csv","rho",-1.292948838,3,11,3000
"3_11_est_GP_param.csv","sigma",3.030237584,3,11,3000
"3_11_est_GP_param.csv","mu[1]",-0.214173215,3,11,3000
"3_11_est_GP_param.csv","mu[2]",-2.26059956,3,11,3000
"3_11_est_GP_param.csv","mu[3]",-4.797475947,3,11,3000
"3_11_est_GP_param.csv","mu[4]",1.959470333,3,11,3000
"3_11_est_GP_param.csv","mu[5]",-3.745171016,3,11,3000
"3_12_est_GP_param.csv","alpha",1.955039861,3,12,3000
"3_12_est_GP_param.csv","rho",-1.331300943,3,12,3000
"3_12_est_GP_param.csv","sigma",3.017353217,3,12,3000
"3_12_est_GP_param.csv","mu[1]",5.068349914,3,12,3000
"3_12_est_GP_param.csv","mu[2]",1.122669039,3,12,3000
"3_12_est_GP_param.csv","mu[3]",1.241249717,3,12,3000
"3_12_est_GP_param.csv","mu[4]",3.93058325,3,12,3000
"3_12_est_GP_param.csv","mu[5]",-1.527164067,3,12,3000
"3_13_est_GP_param.csv","alpha",2.145318442,3,13,3000
"3_13_est_GP_param.csv","rho",-1.34957465,3,13,3000
"3_13_est_GP_param.csv","sigma",2.971245075,3,13,3000
"3_13_est_GP_param.csv","mu[1]",-2.846230818,3,13,3000
"3_13_est_GP_param.csv","mu[2]",-2.723339601,3,13,3000
"3_13_est_GP_param.csv","mu[3]",-0.232683448,3,13,3000
"3_13_est_GP_param.csv","mu[4]",1.873759478,3,13,3000
"3_13_est_GP_param.csv","mu[5]",-1.074030574,3,13,3000
"3_14_est_GP_param.csv","alpha",1.954498425,3,14,3000
"3_14_est_GP_param.csv","rho",-1.353564566,3,14,3000
"3_14_est_GP_param.csv","sigma",3.005161316,3,14,3000
"3_14_est_GP_param.csv","mu[1]",-4.153520512,3,14,3000
"3_14_est_GP_param.csv","mu[2]",-0.828445341,3,14,3000
"3_14_est_GP_param.csv","mu[3]",1.340330713,3,14,3000
"3_14_est_GP_param.csv","mu[4]",-2.948138448,3,14,3000
"3_14_est_GP_param.csv","mu[5]",4.572145575,3,14,3000
"3_15_est_GP_param.csv","alpha",2.133319714,3,15,3000
"3_15_est_GP_param.csv","rho",-1.379438324,3,15,3000
"3_15_est_GP_param.csv","sigma",3.041063349,3,15,3000
"3_15_est_GP_param.csv","mu[1]",0.504314601,3,15,3000
"3_15_est_GP_param.csv","mu[2]",4.590210078,3,15,3000
"3_15_est_GP_param.csv","mu[3]",-1.690443447,3,15,3000
"3_15_est_GP_param.csv","mu[4]",0.554149036,3,15,3000
"3_15_est_GP_param.csv","mu[5]",5.504317287,3,15,3000
"3_16_est_GP_param.csv","alpha",2.145919133,3,16,3000
"3_16_est_GP_param.csv","rho",-1.423019537,3,16,3000
"3_16_est_GP_param.csv","sigma",2.984624438,3,16,3000
"3_16_est_GP_param.csv","mu[1]",0.278724549,3,16,3000
"3_16_est_GP_param.csv","mu[2]",2.447149605,3,16,3000
"3_16_est_GP_param.csv","mu[3]",0.950145212,3,16,3000
"3_16_est_GP_param.csv","mu[4]",-0.539558721,3,16,3000
"3_16_est_GP_param.csv","mu[5]",-3.743937501,3,16,3000
"3_17_est_GP_param.csv","alpha",2.07462422,3,17,3000
"3_17_est_GP_param.csv","rho",-1.277068944,3,17,3000
"3_17_est_GP_param.csv","sigma",3.049524267,3,17,3000
"3_17_est_GP_param.csv","mu[1]",-0.876951616,3,17,3000
"3_17_est_GP_param.csv","mu[2]",4.17114953,3,17,3000
"3_17_est_GP_param.csv","mu[3]",-2.702261754,3,17,3000
"3_17_est_GP_param.csv","mu[4]",2.177315485,3,17,3000
"3_17_est_GP_param.csv","mu[5]",-0.258754725,3,17,3000
"3_18_est_GP_param.csv","alpha",2.166932219,3,18,3000
"3_18_est_GP_param.csv","rho",-1.356354683,3,18,3000
"3_18_est_GP_param.csv","sigma",2.97333555,3,18,3000
"3_18_est_GP_param.csv","mu[1]",1.155032332,3,18,3000
"3_18_est_GP_param.csv","mu[2]",4.672019373,3,18,3000
"3_18_est_GP_param.csv","mu[3]",2.219767502,3,18,3000
"3_18_est_GP_param.csv","mu[4]",1.138861788,3,18,3000
"3_18_est_GP_param.csv","mu[5]",0.141093687,3,18,3000
"3_19_est_GP_param.csv","alpha",2.003986434,3,19,3000
"3_19_est_GP_param.csv","rho",-1.560148958,3,19,3000
"3_19_est_GP_param.csv","sigma",2.971036397,3,19,3000
"3_19_est_GP_param.csv","mu[1]",-1.583250136,3,19,3000
"3_19_est_GP_param.csv","mu[2]",3.936854087,3,19,3000
"3_19_est_GP_param.csv","mu[3]",0.985225561,3,19,3000
"3_19_est_GP_param.csv","mu[4]",-2.476367732,3,19,3000
"3_19_est_GP_param.csv","mu[5]",-3.500114957,3,19,3000
"3_2_est_GP_param.csv","alpha",2.000081788,3,2,3000
"3_2_est_GP_param.csv","rho",-1.381561063,3,2,3000
"3_2_est_GP_param.csv","sigma",3.009161035,3,2,3000
"3_2_est_GP_param.csv","mu[1]",-0.503326352,3,2,3000
"3_2_est_GP_param.csv","mu[2]",4.532525853,3,2,3000
"3_2_est_GP_param.csv","mu[3]",-2.217253044,3,2,3000
"3_2_est_GP_param.csv","mu[4]",-0.224270301,3,2,3000
"3_2_est_GP_param.csv","mu[5]",3.1178584,3,2,3000
"3_20_est_GP_param.csv","alpha",2.024544253,3,20,3000
"3_20_est_GP_param.csv","rho",-1.480645473,3,20,3000
"3_20_est_GP_param.csv","sigma",2.907841215,3,20,3000
"3_20_est_GP_param.csv","mu[1]",-0.034927969,3,20,3000
"3_20_est_GP_param.csv","mu[2]",-2.218141617,3,20,3000
"3_20_est_GP_param.csv","mu[3]",-0.097678398,3,20,3000
"3_20_est_GP_param.csv","mu[4]",6.999407232,3,20,3000
"3_20_est_GP_param.csv","mu[5]",3.959804308,3,20,3000
"3_3_est_GP_param.csv","alpha",1.956799653,3,3,3000
"3_3_est_GP_param.csv","rho",-1.486152474,3,3,3000
"3_3_est_GP_param.csv","sigma",3.017911301,3,3,3000
"3_3_est_GP_param.csv","mu[1]",2.338467135,3,3,3000
"3_3_est_GP_param.csv","mu[2]",-3.625115146,3,3,3000
"3_3_est_GP_param.csv","mu[3]",-1.394868281,3,3,3000
"3_3_est_GP_param.csv","mu[4]",-2.099586706,3,3,3000
"3_3_est_GP_param.csv","mu[5]",-3.564644447,3,3,3000
"3_4_est_GP_param.csv","alpha",2.07396875,3,4,3000
"3_4_est_GP_param.csv","rho",-1.470069533,3,4,3000
"3_4_est_GP_param.csv","sigma",2.995984585,3,4,3000
"3_4_est_GP_param.csv","mu[1]",5.543215693,3,4,3000
"3_4_est_GP_param.csv","mu[2]",0.59970262,3,4,3000
"3_4_est_GP_param.csv","mu[3]",5.088114569,3,4,3000
"3_4_est_GP_param.csv","mu[4]",-0.150916425,3,4,3000
"3_4_est_GP_param.csv","mu[5]",-2.529075813,3,4,3000
"3_5_est_GP_param.csv","alpha",2.300669756,3,5,3000
"3_5_est_GP_param.csv","rho",-1.197528041,3,5,3000
"3_5_est_GP_param.csv","sigma",3.016795467,3,5,3000
"3_5_est_GP_param.csv","mu[1]",3.103558211,3,5,3000
"3_5_est_GP_param.csv","mu[2]",-0.164997149,3,5,3000
"3_5_est_GP_param.csv","mu[3]",-4.92967975,3,5,3000
"3_5_est_GP_param.csv","mu[4]",4.908851558,3,5,3000
"3_5_est_GP_param.csv","mu[5]",-4.711584304,3,5,3000
"3_6_est_GP_param.csv","alpha",1.999118739,3,6,3000
"3_6_est_GP_param.csv","rho",-1.416449222,3,6,3000
"3_6_est_GP_param.csv","sigma",2.967772758,3,6,3000
"3_6_est_GP_param.csv","mu[1]",1.764595118,3,6,3000
"3_6_est_GP_param.csv","mu[2]",-3.560724726,3,6,3000
"3_6_est_GP_param.csv","mu[3]",2.651106311,3,6,3000
"3_6_est_GP_param.csv","mu[4]",3.634224557,3,6,3000
"3_6_est_GP_param.csv","mu[5]",-2.456186891,3,6,3000
"3_7_est_GP_param.csv","alpha",1.996558776,3,7,3000
"3_7_est_GP_param.csv","rho",-1.449183395,3,7,3000
"3_7_est_GP_param.csv","sigma",2.966087169,3,7,3000
"3_7_est_GP_param.csv","mu[1]",3.665896979,3,7,3000
"3_7_est_GP_param.csv","mu[2]",-4.578049271,3,7,3000
"3_7_est_GP_param.csv","mu[3]",4.155986036,3,7,3000
"3_7_est_GP_param.csv","mu[4]",2.818176769,3,7,3000
"3_7_est_GP_param.csv","mu[5]",2.701830547,3,7,3000
"3_8_est_GP_param.csv","alpha",2.07684302,3,8,3000
"3_8_est_GP_param.csv","rho",-1.38537011,3,8,3000
"3_8_est_GP_param.csv","sigma",3.061254702,3,8,3000
"3_8_est_GP_param.csv","mu[1]",1.502051739,3,8,3000
"3_8_est_GP_param.csv","mu[2]",4.86261502,3,8,3000
"3_8_est_GP_param.csv","mu[3]",3.228517643,3,8,3000
"3_8_est_GP_param.csv","mu[4]",1.291754103,3,8,3000
"3_8_est_GP_param.csv","mu[5]",7.141027272,3,8,3000
"3_9_est_GP_param.csv","alpha",1.95207811,3,9,3000
"3_9_est_GP_param.csv","rho",-1.366583748,3,9,3000
"3_9_est_GP_param.csv","sigma",2.954332031,3,9,3000
"3_9_est_GP_param.csv","mu[1]",-2.558170124,3,9,3000
"3_9_est_GP_param.csv","mu[2]",-1.977196072,3,9,3000
"3_9_est_GP_param.csv","mu[3]",-1.586791067,3,9,3000
"3_9_est_GP_param.csv","mu[4]",-2.100244016,3,9,3000
"3_9_est_GP_param.csv","mu[5]",-2.834244112,3,9,3000
"4_10_est_GP_param.csv","alpha",2.055435658,4,10,3000
"4_10_est_GP_param.csv","rho",-0.549703219,4,10,3000
"4_10_est_GP_param.csv","sigma",2.980605368,4,10,3000
"4_10_est_GP_param.csv","mu[1]",3.743188509,4,10,3000
"4_10_est_GP_param.csv","mu[2]",-0.877461304,4,10,3000
"4_10_est_GP_param.csv","mu[3]",0.560104706,4,10,3000
"4_10_est_GP_param.csv","mu[4]",1.260316582,4,10,3000
"4_10_est_GP_param.csv","mu[5]",2.558843621,4,10,3000
"4_11_est_GP_param.csv","alpha",2.285220791,4,11,3000
"4_11_est_GP_param.csv","rho",-0.580830067,4,11,3000
"4_11_est_GP_param.csv","sigma",2.931421982,4,11,3000
"4_11_est_GP_param.csv","mu[1]",1.495452535,4,11,3000
"4_11_est_GP_param.csv","mu[2]",0.078751294,4,11,3000
"4_11_est_GP_param.csv","mu[3]",-3.328901152,4,11,3000
"4_11_est_GP_param.csv","mu[4]",1.176043123,4,11,3000
"4_11_est_GP_param.csv","mu[5]",2.608345397,4,11,3000
"4_12_est_GP_param.csv","alpha",1.948697533,4,12,3000
"4_12_est_GP_param.csv","rho",-0.80285051,4,12,3000
"4_12_est_GP_param.csv","sigma",2.984211573,4,12,3000
"4_12_est_GP_param.csv","mu[1]",-0.847678655,4,12,3000
"4_12_est_GP_param.csv","mu[2]",2.293746692,4,12,3000
"4_12_est_GP_param.csv","mu[3]",-0.070417031,4,12,3000
"4_12_est_GP_param.csv","mu[4]",0.51584176,4,12,3000
"4_12_est_GP_param.csv","mu[5]",-0.513070474,4,12,3000
"4_13_est_GP_param.csv","alpha",2.057603019,4,13,3000
"4_13_est_GP_param.csv","rho",-0.757398227,4,13,3000
"4_13_est_GP_param.csv","sigma",2.978452321,4,13,3000
"4_13_est_GP_param.csv","mu[1]",-1.833613264,4,13,3000
"4_13_est_GP_param.csv","mu[2]",3.246312211,4,13,3000
"4_13_est_GP_param.csv","mu[3]",0.123139224,4,13,3000
"4_13_est_GP_param.csv","mu[4]",-2.93299562,4,13,3000
"4_13_est_GP_param.csv","mu[5]",4.151174295,4,13,3000
"4_14_est_GP_param.csv","alpha",2.203292244,4,14,3000
"4_14_est_GP_param.csv","rho",-0.705595476,4,14,3000
"4_14_est_GP_param.csv","sigma",2.98721688,4,14,3000
"4_14_est_GP_param.csv","mu[1]",-1.769742139,4,14,3000
"4_14_est_GP_param.csv","mu[2]",-1.025539059,4,14,3000
"4_14_est_GP_param.csv","mu[3]",2.913529749,4,14,3000
"4_14_est_GP_param.csv","mu[4]",-1.786166138,4,14,3000
"4_14_est_GP_param.csv","mu[5]",3.117654617,4,14,3000
"4_15_est_GP_param.csv","alpha",3.023584436,4,15,3000
"4_15_est_GP_param.csv","rho",-0.385258899,4,15,3000
"4_15_est_GP_param.csv","sigma",2.989246075,4,15,3000
"4_15_est_GP_param.csv","mu[1]",-4.829388256,4,15,3000
"4_15_est_GP_param.csv","mu[2]",2.912623432,4,15,3000
"4_15_est_GP_param.csv","mu[3]",-2.885855923,4,15,3000
"4_15_est_GP_param.csv","mu[4]",1.721208705,4,15,3000
"4_15_est_GP_param.csv","mu[5]",1.437359792,4,15,3000
"4_16_est_GP_param.csv","alpha",1.985958451,4,16,3000
"4_16_est_GP_param.csv","rho",-0.674011374,4,16,3000
"4_16_est_GP_param.csv","sigma",3.029093309,4,16,3000
"4_16_est_GP_param.csv","mu[1]",2.293579293,4,16,3000
"4_16_est_GP_param.csv","mu[2]",0.532491862,4,16,3000
"4_16_est_GP_param.csv","mu[3]",2.49355389,4,16,3000
"4_16_est_GP_param.csv","mu[4]",0.623836729,4,16,3000
"4_16_est_GP_param.csv","mu[5]",-0.091550554,4,16,3000
"4_17_est_GP_param.csv","alpha",1.88276292,4,17,3000
"4_17_est_GP_param.csv","rho",-0.741320256,4,17,3000
"4_17_est_GP_param.csv","sigma",3.035297353,4,17,3000
"4_17_est_GP_param.csv","mu[1]",-3.079018366,4,17,3000
"4_17_est_GP_param.csv","mu[2]",-2.083699037,4,17,3000
"4_17_est_GP_param.csv","mu[3]",-0.445689651,4,17,3000
"4_17_est_GP_param.csv","mu[4]",0.264277613,4,17,3000
"4_17_est_GP_param.csv","mu[5]",-1.629903554,4,17,3000
"4_18_est_GP_param.csv","alpha",1.920401665,4,18,3000
"4_18_est_GP_param.csv","rho",-0.674993379,4,18,3000
"4_18_est_GP_param.csv","sigma",2.987496648,4,18,3000
"4_18_est_GP_param.csv","mu[1]",-0.205629344,4,18,3000
"4_18_est_GP_param.csv","mu[2]",0.148532311,4,18,3000
"4_18_est_GP_param.csv","mu[3]",2.36928059,4,18,3000
"4_18_est_GP_param.csv","mu[4]",-1.995678809,4,18,3000
"4_18_est_GP_param.csv","mu[5]",0.80292424,4,18,3000
"4_19_est_GP_param.csv","alpha",1.800751707,4,19,3000
"4_19_est_GP_param.csv","rho",-0.810607833,4,19,3000
"4_19_est_GP_param.csv","sigma",3.026122325,4,19,3000
"4_19_est_GP_param.csv","mu[1]",-3.448717332,4,19,3000
"4_19_est_GP_param.csv","mu[2]",0.985719181,4,19,3000
"4_19_est_GP_param.csv","mu[3]",1.059128695,4,19,3000
"4_19_est_GP_param.csv","mu[4]",-0.931780466,4,19,3000
"4_19_est_GP_param.csv","mu[5]",-2.885340659,4,19,3000
"4_2_est_GP_param.csv","alpha",2.201919406,4,2,3000
"4_2_est_GP_param.csv","rho",-0.576727398,4,2,3000
"4_2_est_GP_param.csv","sigma",3.02964077,4,2,3000
"4_2_est_GP_param.csv","mu[1]",2.437552111,4,2,3000
"4_2_est_GP_param.csv","mu[2]",-3.328320315,4,2,3000
"4_2_est_GP_param.csv","mu[3]",-4.077131036,4,2,3000
"4_2_est_GP_param.csv","mu[4]",-0.208559801,4,2,3000
"4_2_est_GP_param.csv","mu[5]",-0.473953465,4,2,3000
"4_20_est_GP_param.csv","alpha",2.10058145,4,20,3000
"4_20_est_GP_param.csv","rho",-0.62415917,4,20,3000
"4_20_est_GP_param.csv","sigma",2.998704129,4,20,3000
"4_20_est_GP_param.csv","mu[1]",-0.168231898,4,20,3000
"4_20_est_GP_param.csv","mu[2]",-0.243280057,4,20,3000
"4_20_est_GP_param.csv","mu[3]",-0.247810487,4,20,3000
"4_20_est_GP_param.csv","mu[4]",1.233415053,4,20,3000
"4_20_est_GP_param.csv","mu[5]",-3.024387545,4,20,3000
"4_3_est_GP_param.csv","alpha",2.159533143,4,3,3000
"4_3_est_GP_param.csv","rho",-0.609952291,4,3,3000
"4_3_est_GP_param.csv","sigma",3.009276222,4,3,3000
"4_3_est_GP_param.csv","mu[1]",-4.565303066,4,3,3000
"4_3_est_GP_param.csv","mu[2]",-0.793656746,4,3,3000
"4_3_est_GP_param.csv","mu[3]",-3.82824109,4,3,3000
"4_3_est_GP_param.csv","mu[4]",3.03625204,4,3,3000
"4_3_est_GP_param.csv","mu[5]",-4.389155243,4,3,3000
"4_4_est_GP_param.csv","alpha",2.317050528,4,4,3000
"4_4_est_GP_param.csv","rho",-0.638747202,4,4,3000
"4_4_est_GP_param.csv","sigma",3.033517944,4,4,3000
"4_4_est_GP_param.csv","mu[1]",-0.854805687,4,4,3000
"4_4_est_GP_param.csv","mu[2]",3.118142427,4,4,3000
"4_4_est_GP_param.csv","mu[3]",0.03177711,4,4,3000
"4_4_est_GP_param.csv","mu[4]",-4.774389363,4,4,3000
"4_4_est_GP_param.csv","mu[5]",-3.103235977,4,4,3000
"4_5_est_GP_param.csv","alpha",2.031755151,4,5,3000
"4_5_est_GP_param.csv","rho",-0.653585935,4,5,3000
"4_5_est_GP_param.csv","sigma",3.004997385,4,5,3000
"4_5_est_GP_param.csv","mu[1]",3.573702447,4,5,3000
"4_5_est_GP_param.csv","mu[2]",2.511353092,4,5,3000
"4_5_est_GP_param.csv","mu[3]",-2.933253827,4,5,3000
"4_5_est_GP_param.csv","mu[4]",-1.302650109,4,5,3000
"4_5_est_GP_param.csv","mu[5]",-0.385761946,4,5,3000
"4_6_est_GP_param.csv","alpha",1.94850383,4,6,3000
"4_6_est_GP_param.csv","rho",-0.681781529,4,6,3000
"4_6_est_GP_param.csv","sigma",2.971101107,4,6,3000
"4_6_est_GP_param.csv","mu[1]",0.739958182,4,6,3000
"4_6_est_GP_param.csv","mu[2]",2.398986535,4,6,3000
"4_6_est_GP_param.csv","mu[3]",-3.408594136,4,6,3000
"4_6_est_GP_param.csv","mu[4]",-0.001073139,4,6,3000
"4_6_est_GP_param.csv","mu[5]",-0.877701096,4,6,3000
"4_7_est_GP_param.csv","alpha",1.874402641,4,7,3000
"4_7_est_GP_param.csv","rho",-0.677854251,4,7,3000
"4_7_est_GP_param.csv","sigma",3.044794884,4,7,3000
"4_7_est_GP_param.csv","mu[1]",3.661621171,4,7,3000
"4_7_est_GP_param.csv","mu[2]",-1.369469179,4,7,3000
"4_7_est_GP_param.csv","mu[3]",-2.849645932,4,7,3000
"4_7_est_GP_param.csv","mu[4]",-3.671222866,4,7,3000
"4_7_est_GP_param.csv","mu[5]",-0.684247365,4,7,3000
"4_8_est_GP_param.csv","alpha",2.472769181,4,8,3000
"4_8_est_GP_param.csv","rho",-0.50955551,4,8,3000
"4_8_est_GP_param.csv","sigma",2.964702958,4,8,3000
"4_8_est_GP_param.csv","mu[1]",1.391881142,4,8,3000
"4_8_est_GP_param.csv","mu[2]",2.992397192,4,8,3000
"4_8_est_GP_param.csv","mu[3]",9.225952893,4,8,3000
"4_8_est_GP_param.csv","mu[4]",2.784530532,4,8,3000
"4_8_est_GP_param.csv","mu[5]",-2.215643873,4,8,3000
"4_9_est_GP_param.csv","alpha",2.371166101,4,9,3000
"4_9_est_GP_param.csv","rho",-0.497969232,4,9,3000
"4_9_est_GP_param.csv","sigma",2.981443849,4,9,3000
"4_9_est_GP_param.csv","mu[1]",3.732362547,4,9,3000
"4_9_est_GP_param.csv","mu[2]",4.183421215,4,9,3000
"4_9_est_GP_param.csv","mu[3]",-2.096209078,4,9,3000
"4_9_est_GP_param.csv","mu[4]",-4.657093022,4,9,3000
"4_9_est_GP_param.csv","mu[5]",-4.620523305,4,9,3000
"5_10_est_GP_param.csv","alpha",2.381832652,5,10,3000
"5_10_est_GP_param.csv","rho",-0.25570247,5,10,3000
"5_10_est_GP_param.csv","sigma",3.044013367,5,10,3000
"5_10_est_GP_param.csv","mu[1]",2.343621992,5,10,3000
"5_10_est_GP_param.csv","mu[2]",1.101663151,5,10,3000
"5_10_est_GP_param.csv","mu[3]",-3.85658052,5,10,3000
"5_10_est_GP_param.csv","mu[4]",-0.01782124,5,10,3000
"5_10_est_GP_param.csv","mu[5]",3.050852166,5,10,3000
"5_11_est_GP_param.csv","alpha",2.029478299,5,11,3000
"5_11_est_GP_param.csv","rho",-0.262252833,5,11,3000
"5_11_est_GP_param.csv","sigma",3.017676334,5,11,3000
"5_11_est_GP_param.csv","mu[1]",2.416674429,5,11,3000
"5_11_est_GP_param.csv","mu[2]",-0.60348106,5,11,3000
"5_11_est_GP_param.csv","mu[3]",-0.697607407,5,11,3000
"5_11_est_GP_param.csv","mu[4]",6.032967909,5,11,3000
"5_11_est_GP_param.csv","mu[5]",-0.456533248,5,11,3000
"5_12_est_GP_param.csv","alpha",1.928479593,5,12,3000
"5_12_est_GP_param.csv","rho",-0.342059212,5,12,3000
"5_12_est_GP_param.csv","sigma",3.060806537,5,12,3000
"5_12_est_GP_param.csv","mu[1]",-2.503853568,5,12,3000
"5_12_est_GP_param.csv","mu[2]",0.70108725,5,12,3000
"5_12_est_GP_param.csv","mu[3]",-0.953992698,5,12,3000
"5_12_est_GP_param.csv","mu[4]",1.001560477,5,12,3000
"5_12_est_GP_param.csv","mu[5]",2.190287126,5,12,3000
"5_13_est_GP_param.csv","alpha",2.001183457,5,13,3000
"5_13_est_GP_param.csv","rho",-0.331429855,5,13,3000
"5_13_est_GP_param.csv","sigma",2.899775712,5,13,3000
"5_13_est_GP_param.csv","mu[1]",1.888088328,5,13,3000
"5_13_est_GP_param.csv","mu[2]",-0.531080082,5,13,3000
"5_13_est_GP_param.csv","mu[3]",0.920958559,5,13,3000
"5_13_est_GP_param.csv","mu[4]",1.441522971,5,13,3000
"5_13_est_GP_param.csv","mu[5]",0.345891974,5,13,3000
"5_14_est_GP_param.csv","alpha",1.788596419,5,14,3000
"5_14_est_GP_param.csv","rho",-0.216238015,5,14,3000
"5_14_est_GP_param.csv","sigma",2.940837456,5,14,3000
"5_14_est_GP_param.csv","mu[1]",4.019529903,5,14,3000
"5_14_est_GP_param.csv","mu[2]",-3.41568608,5,14,3000
"5_14_est_GP_param.csv","mu[3]",3.627627074,5,14,3000
"5_14_est_GP_param.csv","mu[4]",0.978763295,5,14,3000
"5_14_est_GP_param.csv","mu[5]",0.631293458,5,14,3000
"5_15_est_GP_param.csv","alpha",1.926416577,5,15,3000
"5_15_est_GP_param.csv","rho",-0.307903573,5,15,3000
"5_15_est_GP_param.csv","sigma",2.970701694,5,15,3000
"5_15_est_GP_param.csv","mu[1]",-1.947266883,5,15,3000
"5_15_est_GP_param.csv","mu[2]",-3.645041165,5,15,3000
"5_15_est_GP_param.csv","mu[3]",-4.400513319,5,15,3000
"5_15_est_GP_param.csv","mu[4]",-3.274690429,5,15,3000
"5_15_est_GP_param.csv","mu[5]",-2.860158203,5,15,3000
"5_16_est_GP_param.csv","alpha",2.324725707,5,16,3000
"5_16_est_GP_param.csv","rho",-0.17751109,5,16,3000
"5_16_est_GP_param.csv","sigma",2.996448555,5,16,3000
"5_16_est_GP_param.csv","mu[1]",0.791078327,5,16,3000
"5_16_est_GP_param.csv","mu[2]",1.454309928,5,16,3000
"5_16_est_GP_param.csv","mu[3]",-4.589067008,5,16,3000
"5_16_est_GP_param.csv","mu[4]",0.192083051,5,16,3000
"5_16_est_GP_param.csv","mu[5]",2.979339198,5,16,3000
"5_17_est_GP_param.csv","alpha",2.230130153,5,17,3000
"5_17_est_GP_param.csv","rho",-0.183346445,5,17,3000
"5_17_est_GP_param.csv","sigma",2.985794664,5,17,3000
"5_17_est_GP_param.csv","mu[1]",-0.818349817,5,17,3000
"5_17_est_GP_param.csv","mu[2]",-0.674719767,5,17,3000
"5_17_est_GP_param.csv","mu[3]",1.804632823,5,17,3000
"5_17_est_GP_param.csv","mu[4]",-0.33947527,5,17,3000
"5_17_est_GP_param.csv","mu[5]",-4.272418339,5,17,3000
"5_18_est_GP_param.csv","alpha",2.056225504,5,18,3000
"5_18_est_GP_param.csv","rho",-0.253230499,5,18,3000
"5_18_est_GP_param.csv","sigma",2.989735667,5,18,3000
"5_18_est_GP_param.csv","mu[1]",-1.584626012,5,18,3000
"5_18_est_GP_param.csv","mu[2]",0.794552928,5,18,3000
"5_18_est_GP_param.csv","mu[3]",-1.196064231,5,18,3000
"5_18_est_GP_param.csv","mu[4]",2.862285528,5,18,3000
"5_18_est_GP_param.csv","mu[5]",0.768412065,5,18,3000
"5_19_est_GP_param.csv","alpha",1.67758742,5,19,3000
"5_19_est_GP_param.csv","rho",-0.317698067,5,19,3000
"5_19_est_GP_param.csv","sigma",2.988063311,5,19,3000
"5_19_est_GP_param.csv","mu[1]",2.151977172,5,19,3000
"5_19_est_GP_param.csv","mu[2]",-0.702126494,5,19,3000
"5_19_est_GP_param.csv","mu[3]",-0.264554975,5,19,3000
"5_19_est_GP_param.csv","mu[4]",-0.156028551,5,19,3000
"5_19_est_GP_param.csv","mu[5]",3.073228861,5,19,3000
"5_2_est_GP_param.csv","alpha",1.849483778,5,2,3000
"5_2_est_GP_param.csv","rho",-0.352759263,5,2,3000
"5_2_est_GP_param.csv","sigma",3.048230824,5,2,3000
"5_2_est_GP_param.csv","mu[1]",-0.240109172,5,2,3000
"5_2_est_GP_param.csv","mu[2]",4.894178078,5,2,3000
"5_2_est_GP_param.csv","mu[3]",0.826092485,5,2,3000
"5_2_est_GP_param.csv","mu[4]",3.685934892,5,2,3000
"5_2_est_GP_param.csv","mu[5]",3.079073322,5,2,3000
"5_20_est_GP_param.csv","alpha",2.284610745,5,20,3000
"5_20_est_GP_param.csv","rho",-0.186323182,5,20,3000
"5_20_est_GP_param.csv","sigma",2.961557776,5,20,3000
"5_20_est_GP_param.csv","mu[1]",1.039262229,5,20,3000
"5_20_est_GP_param.csv","mu[2]",-0.087906533,5,20,3000
"5_20_est_GP_param.csv","mu[3]",-0.274884479,5,20,3000
"5_20_est_GP_param.csv","mu[4]",3.480362567,5,20,3000
"5_20_est_GP_param.csv","mu[5]",-0.343160498,5,20,3000
"5_3_est_GP_param.csv","alpha",2.316939928,5,3,3000
"5_3_est_GP_param.csv","rho",-0.250192705,5,3,3000
"5_3_est_GP_param.csv","sigma",3.011723942,5,3,3000
"5_3_est_GP_param.csv","mu[1]",-0.179429551,5,3,3000
"5_3_est_GP_param.csv","mu[2]",2.105364632,5,3,3000
"5_3_est_GP_param.csv","mu[3]",1.203948984,5,3,3000
"5_3_est_GP_param.csv","mu[4]",-3.687996799,5,3,3000
"5_3_est_GP_param.csv","mu[5]",3.566298808,5,3,3000
"5_4_est_GP_param.csv","alpha",2.192004788,5,4,3000
"5_4_est_GP_param.csv","rho",-0.25994918,5,4,3000
"5_4_est_GP_param.csv","sigma",2.956543339,5,4,3000
"5_4_est_GP_param.csv","mu[1]",6.062985174,5,4,3000
"5_4_est_GP_param.csv","mu[2]",0.209949982,5,4,3000
"5_4_est_GP_param.csv","mu[3]",-4.252890142,5,4,3000
"5_4_est_GP_param.csv","mu[4]",-3.983238581,5,4,3000
"5_4_est_GP_param.csv","mu[5]",-2.650514745,5,4,3000
"5_5_est_GP_param.csv","alpha",2.243952618,5,5,3000
"5_5_est_GP_param.csv","rho",-0.225982252,5,5,3000
"5_5_est_GP_param.csv","sigma",2.994531422,5,5,3000
"5_5_est_GP_param.csv","mu[1]",0.050176201,5,5,3000
"5_5_est_GP_param.csv","mu[2]",0.748467181,5,5,3000
"5_5_est_GP_param.csv","mu[3]",2.27661946,5,5,3000
"5_5_est_GP_param.csv","mu[4]",3.362073163,5,5,3000
"5_5_est_GP_param.csv","mu[5]",-0.53216292,5,5,3000
"5_6_est_GP_param.csv","alpha",2.301447125,5,6,3000
"5_6_est_GP_param.csv","rho",-0.213727612,5,6,3000
"5_6_est_GP_param.csv","sigma",2.997662325,5,6,3000
"5_6_est_GP_param.csv","mu[1]",-4.137551758,5,6,3000
"5_6_est_GP_param.csv","mu[2]",2.479408769,5,6,3000
"5_6_est_GP_param.csv","mu[3]",1.578948421,5,6,3000
"5_6_est_GP_param.csv","mu[4]",0.08793173,5,6,3000
"5_6_est_GP_param.csv","mu[5]",-2.977455407,5,6,3000
"5_7_est_GP_param.csv","alpha",2.299138824,5,7,3000
"5_7_est_GP_param.csv","rho",-0.248532613,5,7,3000
"5_7_est_GP_param.csv","sigma",3.022073182,5,7,3000
"5_7_est_GP_param.csv","mu[1]",-1.327861565,5,7,3000
"5_7_est_GP_param.csv","mu[2]",-2.081025482,5,7,3000
"5_7_est_GP_param.csv","mu[3]",3.975902054,5,7,3000
"5_7_est_GP_param.csv","mu[4]",1.609966473,5,7,3000
"5_7_est_GP_param.csv","mu[5]",2.317586998,5,7,3000
"5_8_est_GP_param.csv","alpha",2.219964588,5,8,3000
"5_8_est_GP_param.csv","rho",-0.164152207,5,8,3000
"5_8_est_GP_param.csv","sigma",3.043079101,5,8,3000
"5_8_est_GP_param.csv","mu[1]",0.259896341,5,8,3000
"5_8_est_GP_param.csv","mu[2]",0.216609208,5,8,3000
"5_8_est_GP_param.csv","mu[3]",-0.218962459,5,8,3000
"5_8_est_GP_param.csv","mu[4]",-2.339653892,5,8,3000
"5_8_est_GP_param.csv","mu[5]",2.003552741,5,8,3000
"5_9_est_GP_param.csv","alpha",2.309932821,5,9,3000
"5_9_est_GP_param.csv","rho",-0.213758359,5,9,3000
"5_9_est_GP_param.csv","sigma",2.999127878,5,9,3000
"5_9_est_GP_param.csv","mu[1]",-0.529081329,5,9,3000
"5_9_est_GP_param.csv","mu[2]",-2.194355215,5,9,3000
"5_9_est_GP_param.csv","mu[3]",3.406864289,5,9,3000
"5_9_est_GP_param.csv","mu[4]",-0.617435134,5,9,3000
"5_9_est_GP_param.csv","mu[5]",0.267967638,5,9,3000
"6_10_est_GP_param.csv","alpha",2.111585695,6,10,3000
"6_10_est_GP_param.csv","rho",0.054811326,6,10,3000
"6_10_est_GP_param.csv","sigma",3.026428022,6,10,3000
"6_10_est_GP_param.csv","mu[1]",-4.164537912,6,10,3000
"6_10_est_GP_param.csv","mu[2]",0.504780251,6,10,3000
"6_10_est_GP_param.csv","mu[3]",-0.338636026,6,10,3000
"6_10_est_GP_param.csv","mu[4]",-2.071897868,6,10,3000
"6_10_est_GP_param.csv","mu[5]",-1.081058314,6,10,3000
"6_11_est_GP_param.csv","alpha",2.004304011,6,11,3000
"6_11_est_GP_param.csv","rho",-0.034930945,6,11,3000
"6_11_est_GP_param.csv","sigma",3.009591344,6,11,3000
"6_11_est_GP_param.csv","mu[1]",-2.380005807,6,11,3000
"6_11_est_GP_param.csv","mu[2]",0.354962465,6,11,3000
"6_11_est_GP_param.csv","mu[3]",3.271490682,6,11,3000
"6_11_est_GP_param.csv","mu[4]",1.009852169,6,11,3000
"6_11_est_GP_param.csv","mu[5]",2.095022225,6,11,3000
"6_12_est_GP_param.csv","alpha",2.030286188,6,12,3000
"6_12_est_GP_param.csv","rho",0.124206757,6,12,3000
"6_12_est_GP_param.csv","sigma",2.998334125,6,12,3000
"6_12_est_GP_param.csv","mu[1]",5.873709764,6,12,3000
"6_12_est_GP_param.csv","mu[2]",-0.263491702,6,12,3000
"6_12_est_GP_param.csv","mu[3]",-4.39740298,6,12,3000
"6_12_est_GP_param.csv","mu[4]",3.610877105,6,12,3000
"6_12_est_GP_param.csv","mu[5]",-1.758718202,6,12,3000
"6_13_est_GP_param.csv","alpha",2.290353312,6,13,3000
"6_13_est_GP_param.csv","rho",0.015109106,6,13,3000
"6_13_est_GP_param.csv","sigma",2.934139523,6,13,3000
"6_13_est_GP_param.csv","mu[1]",-0.473116016,6,13,3000
"6_13_est_GP_param.csv","mu[2]",2.841407382,6,13,3000
"6_13_est_GP_param.csv","mu[3]",-1.404508966,6,13,3000
"6_13_est_GP_param.csv","mu[4]",7.551467906,6,13,3000
"6_13_est_GP_param.csv","mu[5]",-3.269234331,6,13,3000
"6_14_est_GP_param.csv","alpha",2.14576189,6,14,3000
"6_14_est_GP_param.csv","rho",-0.037723353,6,14,3000
"6_14_est_GP_param.csv","sigma",2.966312484,6,14,3000
"6_14_est_GP_param.csv","mu[1]",-0.266505033,6,14,3000
"6_14_est_GP_param.csv","mu[2]",0.756963328,6,14,3000
"6_14_est_GP_param.csv","mu[3]",0.344164046,6,14,3000
"6_14_est_GP_param.csv","mu[4]",-2.194519454,6,14,3000
"6_14_est_GP_param.csv","mu[5]",2.096561904,6,14,3000
"6_15_est_GP_param.csv","alpha",2.135730322,6,15,3000
"6_15_est_GP_param.csv","rho",0.087130711,6,15,3000
"6_15_est_GP_param.csv","sigma",2.971191441,6,15,3000
"6_15_est_GP_param.csv","mu[1]",1.654731835,6,15,3000
"6_15_est_GP_param.csv","mu[2]",1.813564403,6,15,3000
"6_15_est_GP_param.csv","mu[3]",0.868790104,6,15,3000
"6_15_est_GP_param.csv","mu[4]",2.519330021,6,15,3000
"6_15_est_GP_param.csv","mu[5]",-2.20267164,6,15,3000
"6_16_est_GP_param.csv","alpha",2.248835319,6,16,3000
"6_16_est_GP_param.csv","rho",0.172664328,6,16,3000
"6_16_est_GP_param.csv","sigma",3.070498985,6,16,3000
"6_16_est_GP_param.csv","mu[1]",0.431780788,6,16,3000
"6_16_est_GP_param.csv","mu[2]",-0.355093288,6,16,3000
"6_16_est_GP_param.csv","mu[3]",-2.184304009,6,16,3000
"6_16_est_GP_param.csv","mu[4]",0.594424596,6,16,3000
"6_16_est_GP_param.csv","mu[5]",4.088772988,6,16,3000
"6_17_est_GP_param.csv","alpha",1.98773806,6,17,3000
"6_17_est_GP_param.csv","rho",-0.111571471,6,17,3000
"6_17_est_GP_param.csv","sigma",2.916369252,6,17,3000
"6_17_est_GP_param.csv","mu[1]",3.688234274,6,17,3000
"6_17_est_GP_param.csv","mu[2]",1.69869067,6,17,3000
"6_17_est_GP_param.csv","mu[3]",-1.637287875,6,17,3000
"6_17_est_GP_param.csv","mu[4]",0.87419546,6,17,3000
"6_17_est_GP_param.csv","mu[5]",7.329677821,6,17,3000
"6_18_est_GP_param.csv","alpha",2.337257354,6,18,3000
"6_18_est_GP_param.csv","rho",0.0317137,6,18,3000
"6_18_est_GP_param.csv","sigma",2.987540539,6,18,3000
"6_18_est_GP_param.csv","mu[1]",-0.296224115,6,18,3000
"6_18_est_GP_param.csv","mu[2]",-2.170970968,6,18,3000
"6_18_est_GP_param.csv","mu[3]",-0.770670451,6,18,3000
"6_18_est_GP_param.csv","mu[4]",-0.091013359,6,18,3000
"6_18_est_GP_param.csv","mu[5]",-2.861790884,6,18,3000
"6_19_est_GP_param.csv","alpha",2.054390352,6,19,3000
"6_19_est_GP_param.csv","rho",-0.002012024,6,19,3000
"6_19_est_GP_param.csv","sigma",3.025137605,6,19,3000
"6_19_est_GP_param.csv","mu[1]",-4.162734218,6,19,3000
"6_19_est_GP_param.csv","mu[2]",0.332639117,6,19,3000
"6_19_est_GP_param.csv","mu[3]",-0.927365597,6,19,3000
"6_19_est_GP_param.csv","mu[4]",2.289331483,6,19,3000
"6_19_est_GP_param.csv","mu[5]",-2.6088848,6,19,3000
"6_2_est_GP_param.csv","alpha",2.154541557,6,2,3000
"6_2_est_GP_param.csv","rho",0.12100754,6,2,3000
"6_2_est_GP_param.csv","sigma",2.97531959,6,2,3000
"6_2_est_GP_param.csv","mu[1]",-0.842378066,6,2,3000
"6_2_est_GP_param.csv","mu[2]",2.107285835,6,2,3000
"6_2_est_GP_param.csv","mu[3]",-3.765989286,6,2,3000
"6_2_est_GP_param.csv","mu[4]",-3.207767852,6,2,3000
"6_2_est_GP_param.csv","mu[5]",0.964539541,6,2,3000
"6_20_est_GP_param.csv","alpha",2.502442147,6,20,3000
"6_20_est_GP_param.csv","rho",0.144124918,6,20,3000
"6_20_est_GP_param.csv","sigma",2.976580568,6,20,3000
"6_20_est_GP_param.csv","mu[1]",0.704468344,6,20,3000
"6_20_est_GP_param.csv","mu[2]",-1.508624564,6,20,3000
"6_20_est_GP_param.csv","mu[3]",2.842813923,6,20,3000
"6_20_est_GP_param.csv","mu[4]",-2.847698085,6,20,3000
"6_20_est_GP_param.csv","mu[5]",-0.315054668,6,20,3000
"6_3_est_GP_param.csv","alpha",2.559848491,6,3,3000
"6_3_est_GP_param.csv","rho",0.231216498,6,3,3000
"6_3_est_GP_param.csv","sigma",2.993878866,6,3,3000
"6_3_est_GP_param.csv","mu[1]",-3.09119569,6,3,3000
"6_3_est_GP_param.csv","mu[2]",4.435638691,6,3,3000
"6_3_est_GP_param.csv","mu[3]",2.140955669,6,3,3000
"6_3_est_GP_param.csv","mu[4]",5.758873437,6,3,3000
"6_3_est_GP_param.csv","mu[5]",4.600766958,6,3,3000
"6_4_est_GP_param.csv","alpha",2.11417072,6,4,3000
"6_4_est_GP_param.csv","rho",0.087561453,6,4,3000
"6_4_est_GP_param.csv","sigma",2.9460108,6,4,3000
"6_4_est_GP_param.csv","mu[1]",-2.34879922,6,4,3000
"6_4_est_GP_param.csv","mu[2]",-0.972324926,6,4,3000
"6_4_est_GP_param.csv","mu[3]",-1.126017223,6,4,3000
"6_4_est_GP_param.csv","mu[4]",-2.764173901,6,4,3000
"6_4_est_GP_param.csv","mu[5]",-0.141119073,6,4,3000
"6_5_est_GP_param.csv","alpha",2.173044567,6,5,3000
"6_5_est_GP_param.csv","rho",-0.063589996,6,5,3000
"6_5_est_GP_param.csv","sigma",3.010604673,6,5,3000
"6_5_est_GP_param.csv","mu[1]",2.239789981,6,5,3000
"6_5_est_GP_param.csv","mu[2]",1.230823182,6,5,3000
"6_5_est_GP_param.csv","mu[3]",1.630867059,6,5,3000
"6_5_est_GP_param.csv","mu[4]",0.728141645,6,5,3000
"6_5_est_GP_param.csv","mu[5]",-4.443282002,6,5,3000
"6_6_est_GP_param.csv","alpha",2.309964146,6,6,3000
"6_6_est_GP_param.csv","rho",0.164971152,6,6,3000
"6_6_est_GP_param.csv","sigma",3.069758216,6,6,3000
"6_6_est_GP_param.csv","mu[1]",5.379736553,6,6,3000
"6_6_est_GP_param.csv","mu[2]",-2.641767675,6,6,3000
"6_6_est_GP_param.csv","mu[3]",-3.804214698,6,6,3000
"6_6_est_GP_param.csv","mu[4]",4.564700417,6,6,3000
"6_6_est_GP_param.csv","mu[5]",5.098666545,6,6,3000
"6_7_est_GP_param.csv","alpha",1.85166332,6,7,3000
"6_7_est_GP_param.csv","rho",-0.112492841,6,7,3000
"6_7_est_GP_param.csv","sigma",3.020811844,6,7,3000
"6_7_est_GP_param.csv","mu[1]",-3.659819716,6,7,3000
"6_7_est_GP_param.csv","mu[2]",5.597122724,6,7,3000
"6_7_est_GP_param.csv","mu[3]",-1.34191606,6,7,3000
"6_7_est_GP_param.csv","mu[4]",-2.184673997,6,7,3000
"6_7_est_GP_param.csv","mu[5]",2.398971672,6,7,3000
"6_8_est_GP_param.csv","alpha",1.955720583,6,8,3000
"6_8_est_GP_param.csv","rho",-0.069541704,6,8,3000
"6_8_est_GP_param.csv","sigma",3.005696689,6,8,3000
"6_8_est_GP_param.csv","mu[1]",2.799631921,6,8,3000
"6_8_est_GP_param.csv","mu[2]",0.893873158,6,8,3000
"6_8_est_GP_param.csv","mu[3]",-4.286481096,6,8,3000
"6_8_est_GP_param.csv","mu[4]",-1.986571293,6,8,3000
"6_8_est_GP_param.csv","mu[5]",2.229581808,6,8,3000
"6_9_est_GP_param.csv","alpha",2.213523253,6,9,3000
"6_9_est_GP_param.csv","rho",0.000452772,6,9,3000
"6_9_est_GP_param.csv","sigma",2.997858676,6,9,3000
"6_9_est_GP_param.csv","mu[1]",3.74465414,6,9,3000
"6_9_est_GP_param.csv","mu[2]",0.292957488,6,9,3000
"6_9_est_GP_param.csv","mu[3]",-2.168160929,6,9,3000
"6_9_est_GP_param.csv","mu[4]",-4.0717817,6,9,3000
"6_9_est_GP_param.csv","mu[5]",1.826660184,6,9,3000
"7_10_est_GP_param.csv","alpha",2.4706369,7,10,3000
"7_10_est_GP_param.csv","rho",0.777301465,7,10,3000
"7_10_est_GP_param.csv","sigma",3.009440767,7,10,3000
"7_10_est_GP_param.csv","mu[1]",-0.016176841,7,10,3000
"7_10_est_GP_param.csv","mu[2]",2.95839881,7,10,3000
"7_10_est_GP_param.csv","mu[3]",0.641651807,7,10,3000
"7_10_est_GP_param.csv","mu[4]",0.803919351,7,10,3000
"7_10_est_GP_param.csv","mu[5]",4.910369809,7,10,3000
"7_11_est_GP_param.csv","alpha",2.433116923,7,11,3000
"7_11_est_GP_param.csv","rho",0.684120619,7,11,3000
"7_11_est_GP_param.csv","sigma",3.000194326,7,11,3000
"7_11_est_GP_param.csv","mu[1]",0.277614137,7,11,3000
"7_11_est_GP_param.csv","mu[2]",-0.366480036,7,11,3000
"7_11_est_GP_param.csv","mu[3]",2.801971409,7,11,3000
"7_11_est_GP_param.csv","mu[4]",-3.56124998,7,11,3000
"7_11_est_GP_param.csv","mu[5]",2.676011618,7,11,3000
"7_12_est_GP_param.csv","alpha",2.204784719,7,12,3000
"7_12_est_GP_param.csv","rho",0.753886411,7,12,3000
"7_12_est_GP_param.csv","sigma",3.025968837,7,12,3000
"7_12_est_GP_param.csv","mu[1]",-2.704266054,7,12,3000
"7_12_est_GP_param.csv","mu[2]",-3.597050046,7,12,3000
"7_12_est_GP_param.csv","mu[3]",5.763652293,7,12,3000
"7_12_est_GP_param.csv","mu[4]",-2.378777659,7,12,3000
"7_12_est_GP_param.csv","mu[5]",-1.058815332,7,12,3000
"7_13_est_GP_param.csv","alpha",2.697194009,7,13,3000
"7_13_est_GP_param.csv","rho",0.796309773,7,13,3000
"7_13_est_GP_param.csv","sigma",3.031237672,7,13,3000
"7_13_est_GP_param.csv","mu[1]",1.849047729,7,13,3000
"7_13_est_GP_param.csv","mu[2]",4.245578897,7,13,3000
"7_13_est_GP_param.csv","mu[3]",-4.125134283,7,13,3000
"7_13_est_GP_param.csv","mu[4]",-0.562106487,7,13,3000
"7_13_est_GP_param.csv","mu[5]",0.733696646,7,13,3000
"7_14_est_GP_param.csv","alpha",3.168178888,7,14,3000
"7_14_est_GP_param.csv","rho",0.88434507,7,14,3000
"7_14_est_GP_param.csv","sigma",2.978152487,7,14,3000
"7_14_est_GP_param.csv","mu[1]",3.159493073,7,14,3000
"7_14_est_GP_param.csv","mu[2]",-1.840748954,7,14,3000
"7_14_est_GP_param.csv","mu[3]",-0.528554392,7,14,3000
"7_14_est_GP_param.csv","mu[4]",1.94902094,7,14,3000
"7_14_est_GP_param.csv","mu[5]",-4.207568978,7,14,3000
"7_15_est_GP_param.csv","alpha",2.606568775,7,15,3000
"7_15_est_GP_param.csv","rho",0.901218313,7,15,3000
"7_15_est_GP_param.csv","sigma",2.94893818,7,15,3000
"7_15_est_GP_param.csv","mu[1]",2.207639208,7,15,3000
"7_15_est_GP_param.csv","mu[2]",-3.651019208,7,15,3000
"7_15_est_GP_param.csv","mu[3]",-2.966201577,7,15,3000
"7_15_est_GP_param.csv","mu[4]",0.350242063,7,15,3000
"7_15_est_GP_param.csv","mu[5]",-1.746560314,7,15,3000
"7_16_est_GP_param.csv","alpha",2.498970205,7,16,3000
"7_16_est_GP_param.csv","rho",0.855921558,7,16,3000
"7_16_est_GP_param.csv","sigma",2.957417888,7,16,3000
"7_16_est_GP_param.csv","mu[1]",-3.099545882,7,16,3000
"7_16_est_GP_param.csv","mu[2]",-0.527405989,7,16,3000
"7_16_est_GP_param.csv","mu[3]",-0.469061784,7,16,3000
"7_16_est_GP_param.csv","mu[4]",0.817193632,7,16,3000
"7_16_est_GP_param.csv","mu[5]",5.951257786,7,16,3000
"7_17_est_GP_param.csv","alpha",2.515568709,7,17,3000
"7_17_est_GP_param.csv","rho",0.753378566,7,17,3000
"7_17_est_GP_param.csv","sigma",3.038178832,7,17,3000
"7_17_est_GP_param.csv","mu[1]",0.503232085,7,17,3000
"7_17_est_GP_param.csv","mu[2]",-0.64551029,7,17,3000
"7_17_est_GP_param.csv","mu[3]",0.05293383,7,17,3000
"7_17_est_GP_param.csv","mu[4]",-1.733811797,7,17,3000
"7_17_est_GP_param.csv","mu[5]",-0.180939429,7,17,3000
"7_18_est_GP_param.csv","alpha",3.107382259,7,18,3000
"7_18_est_GP_param.csv","rho",0.90861732,7,18,3000
"7_18_est_GP_param.csv","sigma",3.001363365,7,18,3000
"7_18_est_GP_param.csv","mu[1]",1.707867461,7,18,3000
"7_18_est_GP_param.csv","mu[2]",-4.000035546,7,18,3000
"7_18_est_GP_param.csv","mu[3]",4.237189351,7,18,3000
"7_18_est_GP_param.csv","mu[4]",2.117582733,7,18,3000
"7_18_est_GP_param.csv","mu[5]",-4.290771523,7,18,3000
"7_19_est_GP_param.csv","alpha",2.437441041,7,19,3000
"7_19_est_GP_param.csv","rho",0.893029112,7,19,3000
"7_19_est_GP_param.csv","sigma",2.974713208,7,19,3000
"7_19_est_GP_param.csv","mu[1]",-3.148326398,7,19,3000
"7_19_est_GP_param.csv","mu[2]",-0.344215365,7,19,3000
"7_19_est_GP_param.csv","mu[3]",-3.272672885,7,19,3000
"7_19_est_GP_param.csv","mu[4]",-2.474933032,7,19,3000
"7_19_est_GP_param.csv","mu[5]",-1.737627525,7,19,3000
"7_2_est_GP_param.csv","alpha",2.339742632,7,2,3000
"7_2_est_GP_param.csv","rho",0.777827252,7,2,3000
"7_2_est_GP_param.csv","sigma",2.948143579,7,2,3000
"7_2_est_GP_param.csv","mu[1]",-0.523967486,7,2,3000
"7_2_est_GP_param.csv","mu[2]",2.495607805,7,2,3000
"7_2_est_GP_param.csv","mu[3]",-0.501325555,7,2,3000
"7_2_est_GP_param.csv","mu[4]",3.274186795,7,2,3000
"7_2_est_GP_param.csv","mu[5]",0.232367002,7,2,3000
"7_20_est_GP_param.csv","alpha",2.899130481,7,20,3000
"7_20_est_GP_param.csv","rho",0.862424581,7,20,3000
"7_20_est_GP_param.csv","sigma",2.995446338,7,20,3000
"7_20_est_GP_param.csv","mu[1]",-0.014430202,7,20,3000
"7_20_est_GP_param.csv","mu[2]",-3.357884491,7,20,3000
"7_20_est_GP_param.csv","mu[3]",3.402875127,7,20,3000
"7_20_est_GP_param.csv","mu[4]",-3.593718573,7,20,3000
"7_20_est_GP_param.csv","mu[5]",0.459812624,7,20,3000
"7_3_est_GP_param.csv","alpha",2.058024673,7,3,3000
"7_3_est_GP_param.csv","rho",0.884342168,7,3,3000
"7_3_est_GP_param.csv","sigma",2.966229191,7,3,3000
"7_3_est_GP_param.csv","mu[1]",1.423181679,7,3,3000
"7_3_est_GP_param.csv","mu[2]",2.980886171,7,3,3000
"7_3_est_GP_param.csv","mu[3]",1.44874552,7,3,3000
"7_3_est_GP_param.csv","mu[4]",0.46775696,7,3,3000
"7_3_est_GP_param.csv","mu[5]",4.106904879,7,3,3000
"7_4_est_GP_param.csv","alpha",2.550121971,7,4,3000
"7_4_est_GP_param.csv","rho",0.860601632,7,4,3000
"7_4_est_GP_param.csv","sigma",2.976849082,7,4,3000
"7_4_est_GP_param.csv","mu[1]",2.608277042,7,4,3000
"7_4_est_GP_param.csv","mu[2]",2.852742763,7,4,3000
"7_4_est_GP_param.csv","mu[3]",2.924993689,7,4,3000
"7_4_est_GP_param.csv","mu[4]",-3.37752939,7,4,3000
"7_4_est_GP_param.csv","mu[5]",-2.114138851,7,4,3000
"7_5_est_GP_param.csv","alpha",2.309290692,7,5,3000
"7_5_est_GP_param.csv","rho",0.627904655,7,5,3000
"7_5_est_GP_param.csv","sigma",2.969968285,7,5,3000
"7_5_est_GP_param.csv","mu[1]",-2.585634313,7,5,3000
"7_5_est_GP_param.csv","mu[2]",3.741564775,7,5,3000
"7_5_est_GP_param.csv","mu[3]",4.871410658,7,5,3000
"7_5_est_GP_param.csv","mu[4]",0.269331371,7,5,3000
"7_5_est_GP_param.csv","mu[5]",-3.004958175,7,5,3000
"7_6_est_GP_param.csv","alpha",1.873600392,7,6,3000
"7_6_est_GP_param.csv","rho",0.78583505,7,6,3000
"7_6_est_GP_param.csv","sigma",3.019428207,7,6,3000
"7_6_est_GP_param.csv","mu[1]",-3.512184079,7,6,3000
"7_6_est_GP_param.csv","mu[2]",-2.214397899,7,6,3000
"7_6_est_GP_param.csv","mu[3]",5.832449514,7,6,3000
"7_6_est_GP_param.csv","mu[4]",2.094741522,7,6,3000
"7_6_est_GP_param.csv","mu[5]",2.118681535,7,6,3000
"7_7_est_GP_param.csv","alpha",2.500138242,7,7,3000
"7_7_est_GP_param.csv","rho",0.800075281,7,7,3000
"7_7_est_GP_param.csv","sigma",2.958238532,7,7,3000
"7_7_est_GP_param.csv","mu[1]",-0.731011536,7,7,3000
"7_7_est_GP_param.csv","mu[2]",6.642617656,7,7,3000
"7_7_est_GP_param.csv","mu[3]",-0.903847234,7,7,3000
"7_7_est_GP_param.csv","mu[4]",1.864885251,7,7,3000
"7_7_est_GP_param.csv","mu[5]",0.252158676,7,7,3000
"7_8_est_GP_param.csv","alpha",2.98346221,7,8,3000
"7_8_est_GP_param.csv","rho",0.949587812,7,8,3000
"7_8_est_GP_param.csv","sigma",2.968964579,7,8,3000
"7_8_est_GP_param.csv","mu[1]",3.172861603,7,8,3000
"7_8_est_GP_param.csv","mu[2]",-2.351568122,7,8,3000
"7_8_est_GP_param.csv","mu[3]",3.32631687,7,8,3000
"7_8_est_GP_param.csv","mu[4]",-2.973789915,7,8,3000
"7_8_est_GP_param.csv","mu[5]",-4.09679077,7,8,3000
"7_9_est_GP_param.csv","alpha",2.70164903,7,9,3000
"7_9_est_GP_param.csv","rho",0.933132782,7,9,3000
"7_9_est_GP_param.csv","sigma",3.040786733,7,9,3000
"7_9_est_GP_param.csv","mu[1]",2.474817153,7,9,3000
"7_9_est_GP_param.csv","mu[2]",5.455906607,7,9,3000
"7_9_est_GP_param.csv","mu[3]",-2.570359734,7,9,3000
"7_9_est_GP_param.csv","mu[4]",2.440233192,7,9,3000
"7_9_est_GP_param.csv","mu[5]",4.385896317,7,9,3000
"8_10_est_GP_param.csv","alpha",2.559719828,8,10,3000
"8_10_est_GP_param.csv","rho",1.152140784,8,10,3000
"8_10_est_GP_param.csv","sigma",2.996270668,8,10,3000
"8_10_est_GP_param.csv","mu[1]",-0.508677971,8,10,3000
"8_10_est_GP_param.csv","mu[2]",-3.233028653,8,10,3000
"8_10_est_GP_param.csv","mu[3]",-0.758122761,8,10,3000
"8_10_est_GP_param.csv","mu[4]",5.324574499,8,10,3000
"8_10_est_GP_param.csv","mu[5]",3.621567079,8,10,3000
"8_11_est_GP_param.csv","alpha",2.651904815,8,11,3000
"8_11_est_GP_param.csv","rho",1.276789028,8,11,3000
"8_11_est_GP_param.csv","sigma",3.003144757,8,11,3000
"8_11_est_GP_param.csv","mu[1]",-2.039751486,8,11,3000
"8_11_est_GP_param.csv","mu[2]",-0.475453573,8,11,3000
"8_11_est_GP_param.csv","mu[3]",-2.473026404,8,11,3000
"8_11_est_GP_param.csv","mu[4]",-3.472941662,8,11,3000
"8_11_est_GP_param.csv","mu[5]",-3.296761717,8,11,3000
"8_12_est_GP_param.csv","alpha",2.913547317,8,12,3000
"8_12_est_GP_param.csv","rho",1.095217176,8,12,3000
"8_12_est_GP_param.csv","sigma",2.997015979,8,12,3000
"8_12_est_GP_param.csv","mu[1]",-0.736796158,8,12,3000
"8_12_est_GP_param.csv","mu[2]",3.473716398,8,12,3000
"8_12_est_GP_param.csv","mu[3]",1.610847384,8,12,3000
"8_12_est_GP_param.csv","mu[4]",-3.792530631,8,12,3000
"8_12_est_GP_param.csv","mu[5]",2.682478498,8,12,3000
"8_13_est_GP_param.csv","alpha",2.955260647,8,13,3000
"8_13_est_GP_param.csv","rho",1.1417598,8,13,3000
"8_13_est_GP_param.csv","sigma",2.975824952,8,13,3000
"8_13_est_GP_param.csv","mu[1]",1.857729882,8,13,3000
"8_13_est_GP_param.csv","mu[2]",-3.113285445,8,13,3000
"8_13_est_GP_param.csv","mu[3]",2.043160031,8,13,3000
"8_13_est_GP_param.csv","mu[4]",6.486081701,8,13,3000
"8_13_est_GP_param.csv","mu[5]",-1.317592555,8,13,3000
"8_14_est_GP_param.csv","alpha",3.059895389,8,14,3000
"8_14_est_GP_param.csv","rho",1.30938331,8,14,3000
"8_14_est_GP_param.csv","sigma",3.038599811,8,14,3000
"8_14_est_GP_param.csv","mu[1]",-3.465198907,8,14,3000
"8_14_est_GP_param.csv","mu[2]",2.672890081,8,14,3000
"8_14_est_GP_param.csv","mu[3]",-1.105006776,8,14,3000
"8_14_est_GP_param.csv","mu[4]",-1.047710563,8,14,3000
"8_14_est_GP_param.csv","mu[5]",-1.829627593,8,14,3000
"8_15_est_GP_param.csv","alpha",2.442354887,8,15,3000
"8_15_est_GP_param.csv","rho",1.223488996,8,15,3000
"8_15_est_GP_param.csv","sigma",3.029277108,8,15,3000
"8_15_est_GP_param.csv","mu[1]",-0.114223231,8,15,3000
"8_15_est_GP_param.csv","mu[2]",2.487295378,8,15,3000
"8_15_est_GP_param.csv","mu[3]",5.00183903,8,15,3000
"8_15_est_GP_param.csv","mu[4]",-3.301413587,8,15,3000
"8_15_est_GP_param.csv","mu[5]",-1.074022869,8,15,3000
"8_16_est_GP_param.csv","alpha",3.124870033,8,16,3000
"8_16_est_GP_param.csv","rho",1.685418799,8,16,3000
"8_16_est_GP_param.csv","sigma",2.937289962,8,16,3000
"8_16_est_GP_param.csv","mu[1]",-2.623705369,8,16,3000
"8_16_est_GP_param.csv","mu[2]",-1.442338928,8,16,3000
"8_16_est_GP_param.csv","mu[3]",-0.087310284,8,16,3000
"8_16_est_GP_param.csv","mu[4]",-3.031437803,8,16,3000
"8_16_est_GP_param.csv","mu[5]",-1.056004441,8,16,3000
"8_17_est_GP_param.csv","alpha",2.541194306,8,17,3000
"8_17_est_GP_param.csv","rho",1.259484194,8,17,3000
"8_17_est_GP_param.csv","sigma",3.025186724,8,17,3000
"8_17_est_GP_param.csv","mu[1]",1.826042874,8,17,3000
"8_17_est_GP_param.csv","mu[2]",-0.166853981,8,17,3000
"8_17_est_GP_param.csv","mu[3]",-0.916242099,8,17,3000
"8_17_est_GP_param.csv","mu[4]",3.373340391,8,17,3000
"8_17_est_GP_param.csv","mu[5]",-1.301608312,8,17,3000
"8_18_est_GP_param.csv","alpha",3.086023109,8,18,3000
"8_18_est_GP_param.csv","rho",1.552839311,8,18,3000
"8_18_est_GP_param.csv","sigma",3.006139957,8,18,3000
"8_18_est_GP_param.csv","mu[1]",-2.651230158,8,18,3000
"8_18_est_GP_param.csv","mu[2]",2.666008542,8,18,3000
"8_18_est_GP_param.csv","mu[3]",1.354474031,8,18,3000
"8_18_est_GP_param.csv","mu[4]",-1.905265164,8,18,3000
"8_18_est_GP_param.csv","mu[5]",1.079935876,8,18,3000
"8_19_est_GP_param.csv","alpha",3.595258636,8,19,3000
"8_19_est_GP_param.csv","rho",1.191401719,8,19,3000
"8_19_est_GP_param.csv","sigma",3.061313038,8,19,3000
"8_19_est_GP_param.csv","mu[1]",0.942463988,8,19,3000
"8_19_est_GP_param.csv","mu[2]",4.079150608,8,19,3000
"8_19_est_GP_param.csv","mu[3]",0.512064271,8,19,3000
"8_19_est_GP_param.csv","mu[4]",0.065062861,8,19,3000
"8_19_est_GP_param.csv","mu[5]",0.301541471,8,19,3000
"8_2_est_GP_param.csv","alpha",1.912454565,8,2,3000
"8_2_est_GP_param.csv","rho",1.116345194,8,2,3000
"8_2_est_GP_param.csv","sigma",3.108578261,8,2,3000
"8_2_est_GP_param.csv","mu[1]",1.253960408,8,2,3000
"8_2_est_GP_param.csv","mu[2]",0.980264736,8,2,3000
"8_2_est_GP_param.csv","mu[3]",5.712893911,8,2,3000
"8_2_est_GP_param.csv","mu[4]",0.533625047,8,2,3000
"8_2_est_GP_param.csv","mu[5]",-3.996080148,8,2,3000
"8_20_est_GP_param.csv","alpha",2.882263311,8,20,3000
"8_20_est_GP_param.csv","rho",1.101683517,8,20,3000
"8_20_est_GP_param.csv","sigma",2.979794789,8,20,3000
"8_20_est_GP_param.csv","mu[1]",4.929747038,8,20,3000
"8_20_est_GP_param.csv","mu[2]",-2.972338014,8,20,3000
"8_20_est_GP_param.csv","mu[3]",2.961615829,8,20,3000
"8_20_est_GP_param.csv","mu[4]",2.098276543,8,20,3000
"8_20_est_GP_param.csv","mu[5]",-0.073546753,8,20,3000
"8_3_est_GP_param.csv","alpha",1.705233974,8,3,3000
"8_3_est_GP_param.csv","rho",0.813382759,8,3,3000
"8_3_est_GP_param.csv","sigma",3.024256767,8,3,3000
"8_3_est_GP_param.csv","mu[1]",1.196246208,8,3,3000
"8_3_est_GP_param.csv","mu[2]",-1.330763404,8,3,3000
"8_3_est_GP_param.csv","mu[3]",-0.773756039,8,3,3000
"8_3_est_GP_param.csv","mu[4]",1.864528538,8,3,3000
"8_3_est_GP_param.csv","mu[5]",1.325858301,8,3,3000
"8_4_est_GP_param.csv","alpha",2.808644579,8,4,3000
"8_4_est_GP_param.csv","rho",1.181209935,8,4,3000
"8_4_est_GP_param.csv","sigma",2.921006621,8,4,3000
"8_4_est_GP_param.csv","mu[1]",-3.929777286,8,4,3000
"8_4_est_GP_param.csv","mu[2]",3.491939155,8,4,3000
"8_4_est_GP_param.csv","mu[3]",-1.175440252,8,4,3000
"8_4_est_GP_param.csv","mu[4]",0.573359253,8,4,3000
"8_4_est_GP_param.csv","mu[5]",8.026330477,8,4,3000
"8_5_est_GP_param.csv","alpha",2.659107246,8,5,3000
"8_5_est_GP_param.csv","rho",1.096480591,8,5,3000
"8_5_est_GP_param.csv","sigma",2.946982205,8,5,3000
"8_5_est_GP_param.csv","mu[1]",-2.088907176,8,5,3000
"8_5_est_GP_param.csv","mu[2]",1.081814156,8,5,3000
"8_5_est_GP_param.csv","mu[3]",-1.65887207,8,5,3000
"8_5_est_GP_param.csv","mu[4]",-2.924164397,8,5,3000
"8_5_est_GP_param.csv","mu[5]",-2.293754342,8,5,3000
"8_6_est_GP_param.csv","alpha",2.263465959,8,6,3000
"8_6_est_GP_param.csv","rho",1.12502019,8,6,3000
"8_6_est_GP_param.csv","sigma",3.01211288,8,6,3000
"8_6_est_GP_param.csv","mu[1]",-1.987323508,8,6,3000
"8_6_est_GP_param.csv","mu[2]",1.067842763,8,6,3000
"8_6_est_GP_param.csv","mu[3]",2.717964501,8,6,3000
"8_6_est_GP_param.csv","mu[4]",-1.39574583,8,6,3000
"8_6_est_GP_param.csv","mu[5]",-0.93244556,8,6,3000
"8_7_est_GP_param.csv","alpha",3.397592549,8,7,3000
"8_7_est_GP_param.csv","rho",1.289128139,8,7,3000
"8_7_est_GP_param.csv","sigma",2.991971012,8,7,3000
"8_7_est_GP_param.csv","mu[1]",3.027461322,8,7,3000
"8_7_est_GP_param.csv","mu[2]",-3.924152851,8,7,3000
"8_7_est_GP_param.csv","mu[3]",-2.319490531,8,7,3000
"8_7_est_GP_param.csv","mu[4]",-2.895120557,8,7,3000
"8_7_est_GP_param.csv","mu[5]",-0.331353093,8,7,3000
"8_8_est_GP_param.csv","alpha",2.23928649,8,8,3000
"8_8_est_GP_param.csv","rho",0.877381474,8,8,3000
"8_8_est_GP_param.csv","sigma",3.035982684,8,8,3000
"8_8_est_GP_param.csv","mu[1]",-2.567625422,8,8,3000
"8_8_est_GP_param.csv","mu[2]",0.698754648,8,8,3000
"8_8_est_GP_param.csv","mu[3]",5.037493018,8,8,3000
"8_8_est_GP_param.csv","mu[4]",0.331882284,8,8,3000
"8_8_est_GP_param.csv","mu[5]",1.323098013,8,8,3000
"8_9_est_GP_param.csv","alpha",2.870155288,8,9,3000
"8_9_est_GP_param.csv","rho",1.209803622,8,9,3000
"8_9_est_GP_param.csv","sigma",2.980903284,8,9,3000
"8_9_est_GP_param.csv","mu[1]",-2.227167375,8,9,3000
"8_9_est_GP_param.csv","mu[2]",4.948386208,8,9,3000
"8_9_est_GP_param.csv","mu[3]",-3.182860314,8,9,3000
"8_9_est_GP_param.csv","mu[4]",-0.529529101,8,9,3000
"8_9_est_GP_param.csv","mu[5]",1.346903977,8,9,3000
"9_10_est_GP_param.csv","alpha",2.329558349,9,10,3000
"9_10_est_GP_param.csv","rho",1.416805596,9,10,3000
"9_10_est_GP_param.csv","sigma",3.029718041,9,10,3000
"9_10_est_GP_param.csv","mu[1]",-0.423770604,9,10,3000
"9_10_est_GP_param.csv","mu[2]",-1.378777006,9,10,3000
"9_10_est_GP_param.csv","mu[3]",-2.873115477,9,10,3000
"9_10_est_GP_param.csv","mu[4]",-0.815602831,9,10,3000
"9_10_est_GP_param.csv","mu[5]",-1.647412797,9,10,3000
"9_11_est_GP_param.csv","alpha",4.069990947,9,11,3000
"9_11_est_GP_param.csv","rho",1.644370618,9,11,3000
"9_11_est_GP_param.csv","sigma",3.008175467,9,11,3000
"9_11_est_GP_param.csv","mu[1]",1.526246102,9,11,3000
"9_11_est_GP_param.csv","mu[2]",0.395467356,9,11,3000
"9_11_est_GP_param.csv","mu[3]",0.691451044,9,11,3000
"9_11_est_GP_param.csv","mu[4]",-3.745148315,9,11,3000
"9_11_est_GP_param.csv","mu[5]",0.569722841,9,11,3000
"9_12_est_GP_param.csv","alpha",2.341141437,9,12,3000
"9_12_est_GP_param.csv","rho",1.455002921,9,12,3000
"9_12_est_GP_param.csv","sigma",2.996514531,9,12,3000
"9_12_est_GP_param.csv","mu[1]",2.508586796,9,12,3000
"9_12_est_GP_param.csv","mu[2]",3.518704994,9,12,3000
"9_12_est_GP_param.csv","mu[3]",2.021405763,9,12,3000
"9_12_est_GP_param.csv","mu[4]",1.8506768,9,12,3000
"9_12_est_GP_param.csv","mu[5]",-1.381705016,9,12,3000
"9_13_est_GP_param.csv","alpha",2.841471058,9,13,3000
"9_13_est_GP_param.csv","rho",1.881351028,9,13,3000
"9_13_est_GP_param.csv","sigma",3.032617505,9,13,3000
"9_13_est_GP_param.csv","mu[1]",4.88286469,9,13,3000
"9_13_est_GP_param.csv","mu[2]",3.251183857,9,13,3000
"9_13_est_GP_param.csv","mu[3]",0.535293171,9,13,3000
"9_13_est_GP_param.csv","mu[4]",0.315290596,9,13,3000
"9_13_est_GP_param.csv","mu[5]",0.752892299,9,13,3000
"9_14_est_GP_param.csv","alpha",3.042149031,9,14,3000
"9_14_est_GP_param.csv","rho",1.546547456,9,14,3000
"9_14_est_GP_param.csv","sigma",2.941658248,9,14,3000
"9_14_est_GP_param.csv","mu[1]",-0.550220695,9,14,3000
"9_14_est_GP_param.csv","mu[2]",1.86771185,9,14,3000
"9_14_est_GP_param.csv","mu[3]",6.255979425,9,14,3000
"9_14_est_GP_param.csv","mu[4]",1.55355138,9,14,3000
"9_14_est_GP_param.csv","mu[5]",5.996390087,9,14,3000
"9_15_est_GP_param.csv","alpha",3.103246309,9,15,3000
"9_15_est_GP_param.csv","rho",1.950704616,9,15,3000
"9_15_est_GP_param.csv","sigma",2.945576092,9,15,3000
"9_15_est_GP_param.csv","mu[1]",0.325587191,9,15,3000
"9_15_est_GP_param.csv","mu[2]",-2.004092156,9,15,3000
"9_15_est_GP_param.csv","mu[3]",-3.350147945,9,15,3000
"9_15_est_GP_param.csv","mu[4]",-2.741203716,9,15,3000
"9_15_est_GP_param.csv","mu[5]",-1.893776259,9,15,3000
"9_16_est_GP_param.csv","alpha",2.059461223,9,16,3000
"9_16_est_GP_param.csv","rho",1.145254923,9,16,3000
"9_16_est_GP_param.csv","sigma",2.960611842,9,16,3000
"9_16_est_GP_param.csv","mu[1]",-0.616139078,9,16,3000
"9_16_est_GP_param.csv","mu[2]",-1.434714032,9,16,3000
"9_16_est_GP_param.csv","mu[3]",5.187801566,9,16,3000
"9_16_est_GP_param.csv","mu[4]",4.863338645,9,16,3000
"9_16_est_GP_param.csv","mu[5]",-1.268329236,9,16,3000
"9_17_est_GP_param.csv","alpha",3.449467467,9,17,3000
"9_17_est_GP_param.csv","rho",1.771423958,9,17,3000
"9_17_est_GP_param.csv","sigma",2.951661965,9,17,3000
"9_17_est_GP_param.csv","mu[1]",-0.637188,9,17,3000
"9_17_est_GP_param.csv","mu[2]",4.250169896,9,17,3000
"9_17_est_GP_param.csv","mu[3]",6.248320039,9,17,3000
"9_17_est_GP_param.csv","mu[4]",2.223392178,9,17,3000
"9_17_est_GP_param.csv","mu[5]",2.771952135,9,17,3000
"9_18_est_GP_param.csv","alpha",2.114529321,9,18,3000
"9_18_est_GP_param.csv","rho",1.012850111,9,18,3000
"9_18_est_GP_param.csv","sigma",3.009899159,9,18,3000
"9_18_est_GP_param.csv","mu[1]",-0.627620149,9,18,3000
"9_18_est_GP_param.csv","mu[2]",4.138222066,9,18,3000
"9_18_est_GP_param.csv","mu[3]",2.47388962,9,18,3000
"9_18_est_GP_param.csv","mu[4]",-1.744623371,9,18,3000
"9_18_est_GP_param.csv","mu[5]",0.144685466,9,18,3000
"9_19_est_GP_param.csv","alpha",3.39217847,9,19,3000
"9_19_est_GP_param.csv","rho",1.814279288,9,19,3000
"9_19_est_GP_param.csv","sigma",2.98197774,9,19,3000
"9_19_est_GP_param.csv","mu[1]",-0.542665984,9,19,3000
"9_19_est_GP_param.csv","mu[2]",1.021926821,9,19,3000
"9_19_est_GP_param.csv","mu[3]",3.188440446,9,19,3000
"9_19_est_GP_param.csv","mu[4]",-0.03883142,9,19,3000
"9_19_est_GP_param.csv","mu[5]",3.255995864,9,19,3000
"9_2_est_GP_param.csv","alpha",1.444458347,9,2,3000
"9_2_est_GP_param.csv","rho",0.915760023,9,2,3000
"9_2_est_GP_param.csv","sigma",2.98331113,9,2,3000
"9_2_est_GP_param.csv","mu[1]",-1.754243174,9,2,3000
"9_2_est_GP_param.csv","mu[2]",-3.488977446,9,2,3000
"9_2_est_GP_param.csv","mu[3]",4.749523776,9,2,3000
"9_2_est_GP_param.csv","mu[4]",0.463973442,9,2,3000
"9_2_est_GP_param.csv","mu[5]",-2.648638529,9,2,3000
"9_20_est_GP_param.csv","alpha",2.565634803,9,20,3000
"9_20_est_GP_param.csv","rho",1.352847271,9,20,3000
"9_20_est_GP_param.csv","sigma",2.955844633,9,20,3000
"9_20_est_GP_param.csv","mu[1]",5.285134465,9,20,3000
"9_20_est_GP_param.csv","mu[2]",-3.291706328,9,20,3000
"9_20_est_GP_param.csv","mu[3]",-1.331316422,9,20,3000
"9_20_est_GP_param.csv","mu[4]",1.257378618,9,20,3000
"9_20_est_GP_param.csv","mu[5]",-2.592944893,9,20,3000
"9_3_est_GP_param.csv","alpha",2.854786719,9,3,3000
"9_3_est_GP_param.csv","rho",1.771893957,9,3,3000
"9_3_est_GP_param.csv","sigma",2.971845368,9,3,3000
"9_3_est_GP_param.csv","mu[1]",1.338932787,9,3,3000
"9_3_est_GP_param.csv","mu[2]",-1.226345537,9,3,3000
"9_3_est_GP_param.csv","mu[3]",-0.166917633,9,3,3000
"9_3_est_GP_param.csv","mu[4]",0.897481553,9,3,3000
"9_3_est_GP_param.csv","mu[5]",2.61384369,9,3,3000
"9_4_est_GP_param.csv","alpha",2.10881007,9,4,3000
"9_4_est_GP_param.csv","rho",1.481522772,9,4,3000
"9_4_est_GP_param.csv","sigma",2.939453868,9,4,3000
"9_4_est_GP_param.csv","mu[1]",3.202173771,9,4,3000
"9_4_est_GP_param.csv","mu[2]",3.411215997,9,4,3000
"9_4_est_GP_param.csv","mu[3]",-2.804680082,9,4,3000
"9_4_est_GP_param.csv","mu[4]",-3.340151744,9,4,3000
"9_4_est_GP_param.csv","mu[5]",-2.735614197,9,4,3000
"9_5_est_GP_param.csv","alpha",1.506716108,9,5,3000
"9_5_est_GP_param.csv","rho",1.202451202,9,5,3000
"9_5_est_GP_param.csv","sigma",3.027011008,9,5,3000
"9_5_est_GP_param.csv","mu[1]",-4.284606882,9,5,3000
"9_5_est_GP_param.csv","mu[2]",1.626913596,9,5,3000
"9_5_est_GP_param.csv","mu[3]",2.398550817,9,5,3000
"9_5_est_GP_param.csv","mu[4]",-1.154742663,9,5,3000
"9_5_est_GP_param.csv","mu[5]",-0.098531046,9,5,3000
"9_6_est_GP_param.csv","alpha",2.635385629,9,6,3000
"9_6_est_GP_param.csv","rho",1.342873739,9,6,3000
"9_6_est_GP_param.csv","sigma",3.00819282,9,6,3000
"9_6_est_GP_param.csv","mu[1]",-2.127884373,9,6,3000
"9_6_est_GP_param.csv","mu[2]",-0.430015169,9,6,3000
"9_6_est_GP_param.csv","mu[3]",4.444616076,9,6,3000
"9_6_est_GP_param.csv","mu[4]",-0.877714501,9,6,3000
"9_6_est_GP_param.csv","mu[5]",-2.799077936,9,6,3000
"9_7_est_GP_param.csv","alpha",3.103588961,9,7,3000
"9_7_est_GP_param.csv","rho",1.699836841,9,7,3000
"9_7_est_GP_param.csv","sigma",3.005081949,9,7,3000
"9_7_est_GP_param.csv","mu[1]",4.054574378,9,7,3000
"9_7_est_GP_param.csv","mu[2]",0.689790509,9,7,3000
"9_7_est_GP_param.csv","mu[3]",1.584428826,9,7,3000
"9_7_est_GP_param.csv","mu[4]",-0.081987536,9,7,3000
"9_7_est_GP_param.csv","mu[5]",2.936214313,9,7,3000
"9_8_est_GP_param.csv","alpha",2.328377518,9,8,3000
"9_8_est_GP_param.csv","rho",1.169889455,9,8,3000
"9_8_est_GP_param.csv","sigma",3.013470768,9,8,3000
"9_8_est_GP_param.csv","mu[1]",0.410437331,9,8,3000
"9_8_est_GP_param.csv","mu[2]",2.023785966,9,8,3000
"9_8_est_GP_param.csv","mu[3]",-1.300857619,9,8,3000
"9_8_est_GP_param.csv","mu[4]",-2.629240802,9,8,3000
"9_8_est_GP_param.csv","mu[5]",0.826138972,9,8,3000
"9_9_est_GP_param.csv","alpha",2.863097186,9,9,3000
"9_9_est_GP_param.csv","rho",1.446274837,9,9,3000
"9_9_est_GP_param.csv","sigma",2.990698642,9,9,3000
"9_9_est_GP_param.csv","mu[1]",5.480817626,9,9,3000
"9_9_est_GP_param.csv","mu[2]",-1.074398458,9,9,3000
"9_9_est_GP_param.csv","mu[3]",2.649795066,9,9,3000
"9_9_est_GP_param.csv","mu[4]",2.515106252,9,9,3000
"9_9_est_GP_param.csv","mu[5]",-2.372244735,9,9,3000
"10_10_est_GP_param.csv","alpha",3.285004067,10,10,2000
"10_10_est_GP_param.csv","rho",1.763913414,10,10,2000
"10_10_est_GP_param.csv","sigma",2.94680053,10,10,2000
"10_10_est_GP_param.csv","mu[1]",-1.868164646,10,10,2000
"10_10_est_GP_param.csv","mu[2]",-0.347067837,10,10,2000
"10_10_est_GP_param.csv","mu[3]",-1.587650646,10,10,2000
"10_10_est_GP_param.csv","mu[4]",-0.074164734,10,10,2000
"10_10_est_GP_param.csv","mu[5]",4.264475258,10,10,2000
"10_11_est_GP_param.csv","alpha",1.842230117,10,11,2000
"10_11_est_GP_param.csv","rho",1.432045323,10,11,2000
"10_11_est_GP_param.csv","sigma",2.990932785,10,11,2000
"10_11_est_GP_param.csv","mu[1]",-2.111486375,10,11,2000
"10_11_est_GP_param.csv","mu[2]",-3.47474765,10,11,2000
"10_11_est_GP_param.csv","mu[3]",-3.534116151,10,11,2000
"10_11_est_GP_param.csv","mu[4]",-0.837291759,10,11,2000
"10_11_est_GP_param.csv","mu[5]",-3.412338336,10,11,2000
"10_12_est_GP_param.csv","alpha",3.148450752,10,12,2000
"10_12_est_GP_param.csv","rho",1.820874976,10,12,2000
"10_12_est_GP_param.csv","sigma",3.000040485,10,12,2000
"10_12_est_GP_param.csv","mu[1]",1.054750149,10,12,2000
"10_12_est_GP_param.csv","mu[2]",-2.762084332,10,12,2000
"10_12_est_GP_param.csv","mu[3]",1.891890766,10,12,2000
"10_12_est_GP_param.csv","mu[4]",-0.732829422,10,12,2000
"10_12_est_GP_param.csv","mu[5]",-0.858721352,10,12,2000
"10_13_est_GP_param.csv","alpha",3.458392197,10,13,2000
"10_13_est_GP_param.csv","rho",1.975076307,10,13,2000
"10_13_est_GP_param.csv","sigma",3.044856628,10,13,2000
"10_13_est_GP_param.csv","mu[1]",-3.221778872,10,13,2000
"10_13_est_GP_param.csv","mu[2]",1.63411341,10,13,2000
"10_13_est_GP_param.csv","mu[3]",0.17619206,10,13,2000
"10_13_est_GP_param.csv","mu[4]",2.623802274,10,13,2000
"10_13_est_GP_param.csv","mu[5]",5.921719765,10,13,2000
"10_14_est_GP_param.csv","alpha",2.091463802,10,14,2000
"10_14_est_GP_param.csv","rho",1.368695605,10,14,2000
"10_14_est_GP_param.csv","sigma",2.969133967,10,14,2000
"10_14_est_GP_param.csv","mu[1]",0.563782869,10,14,2000
"10_14_est_GP_param.csv","mu[2]",0.926463402,10,14,2000
"10_14_est_GP_param.csv","mu[3]",2.469946126,10,14,2000
"10_14_est_GP_param.csv","mu[4]",0.456986462,10,14,2000
"10_14_est_GP_param.csv","mu[5]",-2.013005549,10,14,2000
"10_15_est_GP_param.csv","alpha",3.449359175,10,15,2000
"10_15_est_GP_param.csv","rho",1.947527282,10,15,2000
"10_15_est_GP_param.csv","sigma",3.011573483,10,15,2000
"10_15_est_GP_param.csv","mu[1]",-1.032647824,10,15,2000
"10_15_est_GP_param.csv","mu[2]",-1.576790887,10,15,2000
"10_15_est_GP_param.csv","mu[3]",-2.555099756,10,15,2000
"10_15_est_GP_param.csv","mu[4]",3.366010388,10,15,2000
"10_15_est_GP_param.csv","mu[5]",-0.52241637,10,15,2000
"10_16_est_GP_param.csv","alpha",3.187895229,10,16,2000
"10_16_est_GP_param.csv","rho",1.781610318,10,16,2000
"10_16_est_GP_param.csv","sigma",3.021133977,10,16,2000
"10_16_est_GP_param.csv","mu[1]",-2.052501978,10,16,2000
"10_16_est_GP_param.csv","mu[2]",0.148024301,10,16,2000
"10_16_est_GP_param.csv","mu[3]",-0.638298999,10,16,2000
"10_16_est_GP_param.csv","mu[4]",0.016271433,10,16,2000
"10_16_est_GP_param.csv","mu[5]",-1.604269507,10,16,2000
"10_17_est_GP_param.csv","alpha",3.291105564,10,17,2000
"10_17_est_GP_param.csv","rho",1.934882807,10,17,2000
"10_17_est_GP_param.csv","sigma",3.014018464,10,17,2000
"10_17_est_GP_param.csv","mu[1]",2.466741941,10,17,2000
"10_17_est_GP_param.csv","mu[2]",0.450493083,10,17,2000
"10_17_est_GP_param.csv","mu[3]",-2.454842729,10,17,2000
"10_17_est_GP_param.csv","mu[4]",1.951666216,10,17,2000
"10_17_est_GP_param.csv","mu[5]",-2.763638713,10,17,2000
"10_18_est_GP_param.csv","alpha",2.469499716,10,18,2000
"10_18_est_GP_param.csv","rho",1.74580559,10,18,2000
"10_18_est_GP_param.csv","sigma",3.008613611,10,18,2000
"10_18_est_GP_param.csv","mu[1]",-0.993577809,10,18,2000
"10_18_est_GP_param.csv","mu[2]",1.398025481,10,18,2000
"10_18_est_GP_param.csv","mu[3]",0.228241406,10,18,2000
"10_18_est_GP_param.csv","mu[4]",-1.090797072,10,18,2000
"10_18_est_GP_param.csv","mu[5]",-0.932773926,10,18,2000
"10_19_est_GP_param.csv","alpha",3.171290159,10,19,2000
"10_19_est_GP_param.csv","rho",1.637662004,10,19,2000
"10_19_est_GP_param.csv","sigma",3.026407355,10,19,2000
"10_19_est_GP_param.csv","mu[1]",0.228912156,10,19,2000
"10_19_est_GP_param.csv","mu[2]",1.002480711,10,19,2000
"10_19_est_GP_param.csv","mu[3]",1.232775446,10,19,2000
"10_19_est_GP_param.csv","mu[4]",3.03830391,10,19,2000
"10_19_est_GP_param.csv","mu[5]",5.017792398,10,19,2000
"10_2_est_GP_param.csv","alpha",2.886900014,10,2,2000
"10_2_est_GP_param.csv","rho",1.641936663,10,2,2000
"10_2_est_GP_param.csv","sigma",2.98865611,10,2,2000
"10_2_est_GP_param.csv","mu[1]",-1.02292947,10,2,2000
"10_2_est_GP_param.csv","mu[2]",4.896589908,10,2,2000
"10_2_est_GP_param.csv","mu[3]",1.176960604,10,2,2000
"10_2_est_GP_param.csv","mu[4]",0.672575089,10,2,2000
"10_2_est_GP_param.csv","mu[5]",-0.89180846,10,2,2000
"10_20_est_GP_param.csv","alpha",2.76538199,10,20,2000
"10_20_est_GP_param.csv","rho",1.748022537,10,20,2000
"10_20_est_GP_param.csv","sigma",2.984647435,10,20,2000
"10_20_est_GP_param.csv","mu[1]",-0.902231215,10,20,2000
"10_20_est_GP_param.csv","mu[2]",3.939603198,10,20,2000
"10_20_est_GP_param.csv","mu[3]",1.288105222,10,20,2000
"10_20_est_GP_param.csv","mu[4]",1.79731052,10,20,2000
"10_20_est_GP_param.csv","mu[5]",1.061711479,10,20,2000
"10_3_est_GP_param.csv","alpha",3.801195015,10,3,2000
"10_3_est_GP_param.csv","rho",1.851820996,10,3,2000
"10_3_est_GP_param.csv","sigma",2.939596152,10,3,2000
"10_3_est_GP_param.csv","mu[1]",-2.230921536,10,3,2000
"10_3_est_GP_param.csv","mu[2]",4.011241268,10,3,2000
"10_3_est_GP_param.csv","mu[3]",8.235859965,10,3,2000
"10_3_est_GP_param.csv","mu[4]",-3.325457974,10,3,2000
"10_3_est_GP_param.csv","mu[5]",1.657990734,10,3,2000
"10_4_est_GP_param.csv","alpha",3.278553768,10,4,2000
"10_4_est_GP_param.csv","rho",1.902083143,10,4,2000
"10_4_est_GP_param.csv","sigma",2.91578873,10,4,2000
"10_4_est_GP_param.csv","mu[1]",5.864246058,10,4,2000
"10_4_est_GP_param.csv","mu[2]",0.430754422,10,4,2000
"10_4_est_GP_param.csv","mu[3]",0.285368529,10,4,2000
"10_4_est_GP_param.csv","mu[4]",-2.981658593,10,4,2000
"10_4_est_GP_param.csv","mu[5]",-1.793547188,10,4,2000
"10_5_est_GP_param.csv","alpha",2.828500559,10,5,2000
"10_5_est_GP_param.csv","rho",1.920197212,10,5,2000
"10_5_est_GP_param.csv","sigma",2.997828537,10,5,2000
"10_5_est_GP_param.csv","mu[1]",-3.400531131,10,5,2000
"10_5_est_GP_param.csv","mu[2]",-1.764896775,10,5,2000
"10_5_est_GP_param.csv","mu[3]",0.599241975,10,5,2000
"10_5_est_GP_param.csv","mu[4]",2.667892898,10,5,2000
"10_5_est_GP_param.csv","mu[5]",2.282658962,10,5,2000
"10_6_est_GP_param.csv","alpha",3.383853371,10,6,2000
"10_6_est_GP_param.csv","rho",1.961087304,10,6,2000
"10_6_est_GP_param.csv","sigma",3.009464335,10,6,2000
"10_6_est_GP_param.csv","mu[1]",-2.414805591,10,6,2000
"10_6_est_GP_param.csv","mu[2]",1.303127949,10,6,2000
"10_6_est_GP_param.csv","mu[3]",-2.22247986,10,6,2000
"10_6_est_GP_param.csv","mu[4]",-2.466799602,10,6,2000
"10_6_est_GP_param.csv","mu[5]",4.762819874,10,6,2000
"10_7_est_GP_param.csv","alpha",3.266979182,10,7,2000
"10_7_est_GP_param.csv","rho",1.894533966,10,7,2000
"10_7_est_GP_param.csv","sigma",3.053730173,10,7,2000
"10_7_est_GP_param.csv","mu[1]",4.33652616,10,7,2000
"10_7_est_GP_param.csv","mu[2]",0.469097386,10,7,2000
"10_7_est_GP_param.csv","mu[3]",-0.626849824,10,7,2000
"10_7_est_GP_param.csv","mu[4]",-0.723515398,10,7,2000
"10_7_est_GP_param.csv","mu[5]",-0.832249612,10,7,2000
"10_8_est_GP_param.csv","alpha",2.826228473,10,8,2000
"10_8_est_GP_param.csv","rho",1.851120902,10,8,2000
"10_8_est_GP_param.csv","sigma",2.890542926,10,8,2000
"10_8_est_GP_param.csv","mu[1]",0.779654637,10,8,2000
"10_8_est_GP_param.csv","mu[2]",0.07590701,10,8,2000
"10_8_est_GP_param.csv","mu[3]",8.280406637,10,8,2000
"10_8_est_GP_param.csv","mu[4]",2.602117701,10,8,2000
"10_8_est_GP_param.csv","mu[5]",1.071798991,10,8,2000
"10_9_est_GP_param.csv","alpha",2.8486124,10,9,2000
"10_9_est_GP_param.csv","rho",1.899855063,10,9,2000
"10_9_est_GP_param.csv","sigma",3.056213909,10,9,2000
"10_9_est_GP_param.csv","mu[1]",-0.344509653,10,9,2000
"10_9_est_GP_param.csv","mu[2]",-1.523294777,10,9,2000
"10_9_est_GP_param.csv","mu[3]",-1.094339466,10,9,2000
"10_9_est_GP_param.csv","mu[4]",-1.770758097,10,9,2000
"10_9_est_GP_param.csv","mu[5]",0.291738282,10,9,2000
"11_10_est_GP_param.csv","alpha",2.596658151,11,10,2000
"11_10_est_GP_param.csv","rho",2.664214845,11,10,2000
"11_10_est_GP_param.csv","sigma",3.021825243,11,10,2000
"11_10_est_GP_param.csv","mu[1]",-0.227288579,11,10,2000
"11_10_est_GP_param.csv","mu[2]",-2.561518105,11,10,2000
"11_10_est_GP_param.csv","mu[3]",-2.133745303,11,10,2000
"11_10_est_GP_param.csv","mu[4]",3.607693694,11,10,2000
"11_10_est_GP_param.csv","mu[5]",4.39593482,11,10,2000
"11_11_est_GP_param.csv","alpha",2.358718407,11,11,2000
"11_11_est_GP_param.csv","rho",2.161455154,11,11,2000
"11_11_est_GP_param.csv","sigma",3.002591207,11,11,2000
"11_11_est_GP_param.csv","mu[1]",2.699308564,11,11,2000
"11_11_est_GP_param.csv","mu[2]",2.550795165,11,11,2000
"11_11_est_GP_param.csv","mu[3]",0.634711936,11,11,2000
"11_11_est_GP_param.csv","mu[4]",2.875092277,11,11,2000
"11_11_est_GP_param.csv","mu[5]",-1.730817941,11,11,2000
"11_12_est_GP_param.csv","alpha",3.205770819,11,12,2000
"11_12_est_GP_param.csv","rho",2.397652595,11,12,2000
"11_12_est_GP_param.csv","sigma",3.038539733,11,12,2000
"11_12_est_GP_param.csv","mu[1]",-1.185898868,11,12,2000
"11_12_est_GP_param.csv","mu[2]",0.953950477,11,12,2000
"11_12_est_GP_param.csv","mu[3]",-1.923339465,11,12,2000
"11_12_est_GP_param.csv","mu[4]",-1.391037193,11,12,2000
"11_12_est_GP_param.csv","mu[5]",1.839873732,11,12,2000
"11_13_est_GP_param.csv","alpha",3.493038748,11,13,2000
"11_13_est_GP_param.csv","rho",2.715750763,11,13,2000
"11_13_est_GP_param.csv","sigma",3.059008685,11,13,2000
"11_13_est_GP_param.csv","mu[1]",1.60838228,11,13,2000
"11_13_est_GP_param.csv","mu[2]",-2.531702731,11,13,2000
"11_13_est_GP_param.csv","mu[3]",-0.679997317,11,13,2000
"11_13_est_GP_param.csv","mu[4]",3.664542309,11,13,2000
"11_13_est_GP_param.csv","mu[5]",-2.794551324,11,13,2000
"11_14_est_GP_param.csv","alpha",3.292437086,11,14,2000
"11_14_est_GP_param.csv","rho",2.330824881,11,14,2000
"11_14_est_GP_param.csv","sigma",2.971243857,11,14,2000
"11_14_est_GP_param.csv","mu[1]",0.500607409,11,14,2000
"11_14_est_GP_param.csv","mu[2]",-2.342158901,11,14,2000
"11_14_est_GP_param.csv","mu[3]",-0.529606669,11,14,2000
"11_14_est_GP_param.csv","mu[4]",-2.409479751,11,14,2000
"11_14_est_GP_param.csv","mu[5]",1.526630041,11,14,2000
"11_15_est_GP_param.csv","alpha",3.125902725,11,15,2000
"11_15_est_GP_param.csv","rho",2.268898115,11,15,2000
"11_15_est_GP_param.csv","sigma",2.931391878,11,15,2000
"11_15_est_GP_param.csv","mu[1]",-0.110784884,11,15,2000
"11_15_est_GP_param.csv","mu[2]",-1.829735662,11,15,2000
"11_15_est_GP_param.csv","mu[3]",-2.049311566,11,15,2000
"11_15_est_GP_param.csv","mu[4]",5.18554392,11,15,2000
"11_15_est_GP_param.csv","mu[5]",-0.874531833,11,15,2000
"11_16_est_GP_param.csv","alpha",3.691639572,11,16,2000
"11_16_est_GP_param.csv","rho",2.459463166,11,16,2000
"11_16_est_GP_param.csv","sigma",3.035906928,11,16,2000
"11_16_est_GP_param.csv","mu[1]",1.828270351,11,16,2000
"11_16_est_GP_param.csv","mu[2]",0.05053324,11,16,2000
"11_16_est_GP_param.csv","mu[3]",-0.118797918,11,16,2000
"11_16_est_GP_param.csv","mu[4]",-3.356328489,11,16,2000
"11_16_est_GP_param.csv","mu[5]",2.014702779,11,16,2000
"11_17_est_GP_param.csv","alpha",3.424554681,11,17,2000
"11_17_est_GP_param.csv","rho",2.79327004,11,17,2000
"11_17_est_GP_param.csv","sigma",2.99686149,11,17,2000
"11_17_est_GP_param.csv","mu[1]",-0.29754199,11,17,2000
"11_17_est_GP_param.csv","mu[2]",0.106065171,11,17,2000
"11_17_est_GP_param.csv","mu[3]",-3.006895557,11,17,2000
"11_17_est_GP_param.csv","mu[4]",3.523696505,11,17,2000
"11_17_est_GP_param.csv","mu[5]",-1.247133181,11,17,2000
"11_18_est_GP_param.csv","alpha",2.118692396,11,18,2000
"11_18_est_GP_param.csv","rho",1.766938561,11,18,2000
"11_18_est_GP_param.csv","sigma",2.959299917,11,18,2000
"11_18_est_GP_param.csv","mu[1]",1.616932877,11,18,2000
"11_18_est_GP_param.csv","mu[2]",-0.811509875,11,18,2000
"11_18_est_GP_param.csv","mu[3]",0.370255514,11,18,2000
"11_18_est_GP_param.csv","mu[4]",0.529416421,11,18,2000
"11_18_est_GP_param.csv","mu[5]",0.262763787,11,18,2000
"11_19_est_GP_param.csv","alpha",3.538000388,11,19,2000
"11_19_est_GP_param.csv","rho",2.455913703,11,19,2000
"11_19_est_GP_param.csv","sigma",3.059855076,11,19,2000
"11_19_est_GP_param.csv","mu[1]",-2.350918171,11,19,2000
"11_19_est_GP_param.csv","mu[2]",-2.717542535,11,19,2000
"11_19_est_GP_param.csv","mu[3]",2.230499481,11,19,2000
"11_19_est_GP_param.csv","mu[4]",-0.653879343,11,19,2000
"11_19_est_GP_param.csv","mu[5]",4.700517487,11,19,2000
"11_2_est_GP_param.csv","alpha",3.357681679,11,2,2000
"11_2_est_GP_param.csv","rho",2.870903796,11,2,2000
"11_2_est_GP_param.csv","sigma",2.9880342,11,2,2000
"11_2_est_GP_param.csv","mu[1]",4.163495072,11,2,2000
"11_2_est_GP_param.csv","mu[2]",0.722640789,11,2,2000
"11_2_est_GP_param.csv","mu[3]",0.541195081,11,2,2000
"11_2_est_GP_param.csv","mu[4]",-1.52724831,11,2,2000
"11_2_est_GP_param.csv","mu[5]",-3.322638044,11,2,2000
"11_20_est_GP_param.csv","alpha",2.995939191,11,20,2000
"11_20_est_GP_param.csv","rho",2.146354611,11,20,2000
"11_20_est_GP_param.csv","sigma",2.90050589,11,20,2000
"11_20_est_GP_param.csv","mu[1]",-2.246289578,11,20,2000
"11_20_est_GP_param.csv","mu[2]",-2.800060844,11,20,2000
"11_20_est_GP_param.csv","mu[3]",-2.233076161,11,20,2000
"11_20_est_GP_param.csv","mu[4]",-0.999140737,11,20,2000
"11_20_est_GP_param.csv","mu[5]",-1.176683804,11,20,2000
"11_3_est_GP_param.csv","alpha",1.964873502,11,3,2000
"11_3_est_GP_param.csv","rho",1.716136157,11,3,2000
"11_3_est_GP_param.csv","sigma",2.938328509,11,3,2000
"11_3_est_GP_param.csv","mu[1]",-0.092637871,11,3,2000
"11_3_est_GP_param.csv","mu[2]",0.796246905,11,3,2000
"11_3_est_GP_param.csv","mu[3]",-3.137065247,11,3,2000
"11_3_est_GP_param.csv","mu[4]",0.038070501,11,3,2000
"11_3_est_GP_param.csv","mu[5]",-3.487581528,11,3,2000
"11_4_est_GP_param.csv","alpha",3.340109963,11,4,2000
"11_4_est_GP_param.csv","rho",2.51385106,11,4,2000
"11_4_est_GP_param.csv","sigma",3.075886702,11,4,2000
"11_4_est_GP_param.csv","mu[1]",0.174077002,11,4,2000
"11_4_est_GP_param.csv","mu[2]",-2.813683365,11,4,2000
"11_4_est_GP_param.csv","mu[3]",-1.138046313,11,4,2000
"11_4_est_GP_param.csv","mu[4]",1.564177614,11,4,2000
"11_4_est_GP_param.csv","mu[5]",0.632788979,11,4,2000
"11_5_est_GP_param.csv","alpha",2.894340413,11,5,2000
"11_5_est_GP_param.csv","rho",2.396873973,11,5,2000
"11_5_est_GP_param.csv","sigma",2.98491483,11,5,2000
"11_5_est_GP_param.csv","mu[1]",-0.592365494,11,5,2000
"11_5_est_GP_param.csv","mu[2]",2.416226503,11,5,2000
"11_5_est_GP_param.csv","mu[3]",2.408669159,11,5,2000
"11_5_est_GP_param.csv","mu[4]",-0.72076859,11,5,2000
"11_5_est_GP_param.csv","mu[5]",-0.193127613,11,5,2000
"11_6_est_GP_param.csv","alpha",4.11128377,11,6,2000
"11_6_est_GP_param.csv","rho",2.090699731,11,6,2000
"11_6_est_GP_param.csv","sigma",3.061053637,11,6,2000
"11_6_est_GP_param.csv","mu[1]",4.080861801,11,6,2000
"11_6_est_GP_param.csv","mu[2]",1.533753889,11,6,2000
"11_6_est_GP_param.csv","mu[3]",-3.868709339,11,6,2000
"11_6_est_GP_param.csv","mu[4]",1.66635905,11,6,2000
"11_6_est_GP_param.csv","mu[5]",2.075542187,11,6,2000
"11_7_est_GP_param.csv","alpha",3.315629998,11,7,2000
"11_7_est_GP_param.csv","rho",2.11221171,11,7,2000
"11_7_est_GP_param.csv","sigma",3.015782535,11,7,2000
"11_7_est_GP_param.csv","mu[1]",-1.263238736,11,7,2000
"11_7_est_GP_param.csv","mu[2]",-1.303092689,11,7,2000
"11_7_est_GP_param.csv","mu[3]",-1.099611874,11,7,2000
"11_7_est_GP_param.csv","mu[4]",4.262875772,11,7,2000
"11_7_est_GP_param.csv","mu[5]",3.09346056,11,7,2000
"11_8_est_GP_param.csv","alpha",2.200371094,11,8,2000
"11_8_est_GP_param.csv","rho",2.104223133,11,8,2000
"11_8_est_GP_param.csv","sigma",3.010080777,11,8,2000
"11_8_est_GP_param.csv","mu[1]",2.605004785,11,8,2000
"11_8_est_GP_param.csv","mu[2]",0.032147354,11,8,2000
"11_8_est_GP_param.csv","mu[3]",-2.135755852,11,8,2000
"11_8_est_GP_param.csv","mu[4]",-1.32734753,11,8,2000
"11_8_est_GP_param.csv","mu[5]",-1.05807798,11,8,2000
"11_9_est_GP_param.csv","alpha",2.843157267,11,9,2000
"11_9_est_GP_param.csv","rho",2.37754279,11,9,2000
"11_9_est_GP_param.csv","sigma",2.995613189,11,9,2000
"11_9_est_GP_param.csv","mu[1]",-2.217758487,11,9,2000
"11_9_est_GP_param.csv","mu[2]",0.127766798,11,9,2000
"11_9_est_GP_param.csv","mu[3]",0.131328353,11,9,2000
"11_9_est_GP_param.csv","mu[4]",-1.280570993,11,9,2000
"11_9_est_GP_param.csv","mu[5]",-3.013862623,11,9,2000
"12_10_est_GP_param.csv","alpha",2.951718389,12,10,2000
"12_10_est_GP_param.csv","rho",2.166881836,12,10,2000
"12_10_est_GP_param.csv","sigma",3.091276168,12,10,2000
"12_10_est_GP_param.csv","mu[1]",2.127121993,12,10,2000
"12_10_est_GP_param.csv","mu[2]",-1.862441155,12,10,2000
"12_10_est_GP_param.csv","mu[3]",-1.038739004,12,10,2000
"12_10_est_GP_param.csv","mu[4]",-1.399034322,12,10,2000
"12_10_est_GP_param.csv","mu[5]",0.204691145,12,10,2000
"12_11_est_GP_param.csv","alpha",3.037062626,12,11,2000
"12_11_est_GP_param.csv","rho",2.687539894,12,11,2000
"12_11_est_GP_param.csv","sigma",2.962940458,12,11,2000
"12_11_est_GP_param.csv","mu[1]",-0.634835306,12,11,2000
"12_11_est_GP_param.csv","mu[2]",2.057811814,12,11,2000
"12_11_est_GP_param.csv","mu[3]",2.040856919,12,11,2000
"12_11_est_GP_param.csv","mu[4]",3.747214336,12,11,2000
"12_11_est_GP_param.csv","mu[5]",1.752889624,12,11,2000
"12_12_est_GP_param.csv","alpha",3.2696588,12,12,2000
"12_12_est_GP_param.csv","rho",2.321256779,12,12,2000
"12_12_est_GP_param.csv","sigma",2.990282781,12,12,2000
"12_12_est_GP_param.csv","mu[1]",2.002142017,12,12,2000
"12_12_est_GP_param.csv","mu[2]",-0.20233574,12,12,2000
"12_12_est_GP_param.csv","mu[3]",-3.091707945,12,12,2000
"12_12_est_GP_param.csv","mu[4]",-2.824780757,12,12,2000
"12_12_est_GP_param.csv","mu[5]",-1.264044728,12,12,2000
"12_13_est_GP_param.csv","alpha",2.943381543,12,13,2000
"12_13_est_GP_param.csv","rho",2.211712842,12,13,2000
"12_13_est_GP_param.csv","sigma",3.024977999,12,13,2000
"12_13_est_GP_param.csv","mu[1]",-0.177024855,12,13,2000
"12_13_est_GP_param.csv","mu[2]",4.023715928,12,13,2000
"12_13_est_GP_param.csv","mu[3]",-1.098955214,12,13,2000
"12_13_est_GP_param.csv","mu[4]",-2.437891991,12,13,2000
"12_13_est_GP_param.csv","mu[5]",1.464482797,12,13,2000
"12_14_est_GP_param.csv","alpha",2.901910906,12,14,2000
"12_14_est_GP_param.csv","rho",2.441484832,12,14,2000
"12_14_est_GP_param.csv","sigma",3.084950872,12,14,2000
"12_14_est_GP_param.csv","mu[1]",6.379305395,12,14,2000
"12_14_est_GP_param.csv","mu[2]",-0.446348274,12,14,2000
"12_14_est_GP_param.csv","mu[3]",-1.413134401,12,14,2000
"12_14_est_GP_param.csv","mu[4]",1.418985772,12,14,2000
"12_14_est_GP_param.csv","mu[5]",-2.127766569,12,14,2000
"12_15_est_GP_param.csv","alpha",3.357696605,12,15,2000
"12_15_est_GP_param.csv","rho",2.726418201,12,15,2000
"12_15_est_GP_param.csv","sigma",2.998989157,12,15,2000
"12_15_est_GP_param.csv","mu[1]",1.122510621,12,15,2000
"12_15_est_GP_param.csv","mu[2]",3.26262389,12,15,2000
"12_15_est_GP_param.csv","mu[3]",-3.194048423,12,15,2000
"12_15_est_GP_param.csv","mu[4]",1.746132868,12,15,2000
"12_15_est_GP_param.csv","mu[5]",-1.401896554,12,15,2000
"12_16_est_GP_param.csv","alpha",3.936821994,12,16,2000
"12_16_est_GP_param.csv","rho",2.789583339,12,16,2000
"12_16_est_GP_param.csv","sigma",3.065865475,12,16,2000
"12_16_est_GP_param.csv","mu[1]",-2.498347788,12,16,2000
"12_16_est_GP_param.csv","mu[2]",5.017153127,12,16,2000
"12_16_est_GP_param.csv","mu[3]",1.009561272,12,16,2000
"12_16_est_GP_param.csv","mu[4]",5.092898483,12,16,2000
"12_16_est_GP_param.csv","mu[5]",-0.274176012,12,16,2000
"12_17_est_GP_param.csv","alpha",2.696116316,12,17,2000
"12_17_est_GP_param.csv","rho",2.40150023,12,17,2000
"12_17_est_GP_param.csv","sigma",3.065941756,12,17,2000
"12_17_est_GP_param.csv","mu[1]",0.394390099,12,17,2000
"12_17_est_GP_param.csv","mu[2]",-1.859879589,12,17,2000
"12_17_est_GP_param.csv","mu[3]",-2.936656953,12,17,2000
"12_17_est_GP_param.csv","mu[4]",0.689048113,12,17,2000
"12_17_est_GP_param.csv","mu[5]",-1.501083055,12,17,2000
"12_18_est_GP_param.csv","alpha",3.145741931,12,18,2000
"12_18_est_GP_param.csv","rho",2.278647075,12,18,2000
"12_18_est_GP_param.csv","sigma",2.942726543,12,18,2000
"12_18_est_GP_param.csv","mu[1]",-2.250013691,12,18,2000
"12_18_est_GP_param.csv","mu[2]",0.216547518,12,18,2000
"12_18_est_GP_param.csv","mu[3]",-2.99340545,12,18,2000
"12_18_est_GP_param.csv","mu[4]",4.322844816,12,18,2000
"12_18_est_GP_param.csv","mu[5]",2.978666653,12,18,2000
"12_19_est_GP_param.csv","alpha",3.000003453,12,19,2000
"12_19_est_GP_param.csv","rho",2.919343702,12,19,2000
"12_19_est_GP_param.csv","sigma",2.993229121,12,19,2000
"12_19_est_GP_param.csv","mu[1]",0.36142453,12,19,2000
"12_19_est_GP_param.csv","mu[2]",-2.387319845,12,19,2000
"12_19_est_GP_param.csv","mu[3]",-0.198418318,12,19,2000
"12_19_est_GP_param.csv","mu[4]",-2.713737296,12,19,2000
"12_19_est_GP_param.csv","mu[5]",0.622679492,12,19,2000
"12_2_est_GP_param.csv","alpha",2.9612322,12,2,2000
"12_2_est_GP_param.csv","rho",2.114647959,12,2,2000
"12_2_est_GP_param.csv","sigma",3.025657233,12,2,2000
"12_2_est_GP_param.csv","mu[1]",-2.330952294,12,2,2000
"12_2_est_GP_param.csv","mu[2]",-0.542973588,12,2,2000
"12_2_est_GP_param.csv","mu[3]",-0.445852305,12,2,2000
"12_2_est_GP_param.csv","mu[4]",2.884049706,12,2,2000
"12_2_est_GP_param.csv","mu[5]",-0.310080221,12,2,2000
"12_20_est_GP_param.csv","alpha",3.074899245,12,20,2000
"12_20_est_GP_param.csv","rho",2.566718605,12,20,2000
"12_20_est_GP_param.csv","sigma",3.006656981,12,20,2000
"12_20_est_GP_param.csv","mu[1]",0.657081635,12,20,2000
"12_20_est_GP_param.csv","mu[2]",1.697708084,12,20,2000
"12_20_est_GP_param.csv","mu[3]",0.027062326,12,20,2000
"12_20_est_GP_param.csv","mu[4]",3.956861654,12,20,2000
"12_20_est_GP_param.csv","mu[5]",1.578620591,12,20,2000
"12_3_est_GP_param.csv","alpha",2.435842735,12,3,2000
"12_3_est_GP_param.csv","rho",1.967211718,12,3,2000
"12_3_est_GP_param.csv","sigma",2.984039916,12,3,2000
"12_3_est_GP_param.csv","mu[1]",-0.069302848,12,3,2000
"12_3_est_GP_param.csv","mu[2]",1.210868048,12,3,2000
"12_3_est_GP_param.csv","mu[3]",-1.468254628,12,3,2000
"12_3_est_GP_param.csv","mu[4]",0.841141025,12,3,2000
"12_3_est_GP_param.csv","mu[5]",0.52914484,12,3,2000
"12_4_est_GP_param.csv","alpha",2.961185114,12,4,2000
"12_4_est_GP_param.csv","rho",2.428404977,12,4,2000
"12_4_est_GP_param.csv","sigma",2.953130292,12,4,2000
"12_4_est_GP_param.csv","mu[1]",5.823121405,12,4,2000
"12_4_est_GP_param.csv","mu[2]",-0.006902678,12,4,2000
"12_4_est_GP_param.csv","mu[3]",1.437915701,12,4,2000
"12_4_est_GP_param.csv","mu[4]",-0.336200856,12,4,2000
"12_4_est_GP_param.csv","mu[5]",-2.247292778,12,4,2000
"12_5_est_GP_param.csv","alpha",3.681235662,12,5,2000
"12_5_est_GP_param.csv","rho",2.635551493,12,5,2000
"12_5_est_GP_param.csv","sigma",2.999053208,12,5,2000
"12_5_est_GP_param.csv","mu[1]",-0.038250794,12,5,2000
"12_5_est_GP_param.csv","mu[2]",-0.878070368,12,5,2000
"12_5_est_GP_param.csv","mu[3]",2.122150436,12,5,2000
"12_5_est_GP_param.csv","mu[4]",-3.002233615,12,5,2000
"12_5_est_GP_param.csv","mu[5]",1.267634172,12,5,2000
"12_6_est_GP_param.csv","alpha",2.582444191,12,6,2000
"12_6_est_GP_param.csv","rho",2.340228919,12,6,2000
"12_6_est_GP_param.csv","sigma",3.069587124,12,6,2000
"12_6_est_GP_param.csv","mu[1]",0.398445785,12,6,2000
"12_6_est_GP_param.csv","mu[2]",-0.603751324,12,6,2000
"12_6_est_GP_param.csv","mu[3]",3.620174809,12,6,2000
"12_6_est_GP_param.csv","mu[4]",-0.270503871,12,6,2000
"12_6_est_GP_param.csv","mu[5]",-1.823373638,12,6,2000
"12_7_est_GP_param.csv","alpha",2.197751215,12,7,2000
"12_7_est_GP_param.csv","rho",2.401498935,12,7,2000
"12_7_est_GP_param.csv","sigma",3.014631353,12,7,2000
"12_7_est_GP_param.csv","mu[1]",2.991242448,12,7,2000
"12_7_est_GP_param.csv","mu[2]",-3.364425391,12,7,2000
"12_7_est_GP_param.csv","mu[3]",-0.28116463,12,7,2000
"12_7_est_GP_param.csv","mu[4]",2.272240193,12,7,2000
"12_7_est_GP_param.csv","mu[5]",-1.390080285,12,7,2000
"12_8_est_GP_param.csv","alpha",2.971368483,12,8,2000
"12_8_est_GP_param.csv","rho",2.464455263,12,8,2000
"12_8_est_GP_param.csv","sigma",2.960974535,12,8,2000
"12_8_est_GP_param.csv","mu[1]",-0.537719285,12,8,2000
"12_8_est_GP_param.csv","mu[2]",0.872988719,12,8,2000
"12_8_est_GP_param.csv","mu[3]",0.939120419,12,8,2000
"12_8_est_GP_param.csv","mu[4]",3.970875546,12,8,2000
"12_8_est_GP_param.csv","mu[5]",0.310502031,12,8,2000
"12_9_est_GP_param.csv","alpha",3.068105142,12,9,2000
"12_9_est_GP_param.csv","rho",2.688510808,12,9,2000
"12_9_est_GP_param.csv","sigma",2.983788767,12,9,2000
"12_9_est_GP_param.csv","mu[1]",0.5371231,12,9,2000
"12_9_est_GP_param.csv","mu[2]",2.561479877,12,9,2000
"12_9_est_GP_param.csv","mu[3]",1.736631989,12,9,2000
"12_9_est_GP_param.csv","mu[4]",-1.168946289,12,9,2000
"12_9_est_GP_param.csv","mu[5]",-2.703917978,12,9,2000
"2_10_est_GP_param.csv","alpha",2.337816081,2,10,2000
"2_10_est_GP_param.csv","rho",-2.447174668,2,10,2000
"2_10_est_GP_param.csv","sigma",2.792603609,2,10,2000
"2_10_est_GP_param.csv","mu[1]",2.951091549,2,10,2000
"2_10_est_GP_param.csv","mu[2]",9.602860454,2,10,2000
"2_10_est_GP_param.csv","mu[3]",4.0320505,2,10,2000
"2_10_est_GP_param.csv","mu[4]",-3.642463792,2,10,2000
"2_10_est_GP_param.csv","mu[5]",5.138694031,2,10,2000
"2_11_est_GP_param.csv","alpha",1.851494343,2,11,2000
"2_11_est_GP_param.csv","rho",-2.098828364,2,11,2000
"2_11_est_GP_param.csv","sigma",3.035967318,2,11,2000
"2_11_est_GP_param.csv","mu[1]",-2.348454645,2,11,2000
"2_11_est_GP_param.csv","mu[2]",-0.026747167,2,11,2000
"2_11_est_GP_param.csv","mu[3]",-2.104916306,2,11,2000
"2_11_est_GP_param.csv","mu[4]",-0.032200397,2,11,2000
"2_11_est_GP_param.csv","mu[5]",3.315391308,2,11,2000
"2_12_est_GP_param.csv","alpha",2.482404877,2,12,2000
"2_12_est_GP_param.csv","rho",-0.922676509,2,12,2000
"2_12_est_GP_param.csv","sigma",3.126596229,2,12,2000
"2_12_est_GP_param.csv","mu[1]",3.30675928,2,12,2000
"2_12_est_GP_param.csv","mu[2]",-1.661366307,2,12,2000
"2_12_est_GP_param.csv","mu[3]",-4.456463538,2,12,2000
"2_12_est_GP_param.csv","mu[4]",2.028201295,2,12,2000
"2_12_est_GP_param.csv","mu[5]",-1.000054548,2,12,2000
"2_13_est_GP_param.csv","alpha",2.171744011,2,13,2000
"2_13_est_GP_param.csv","rho",-2.303042226,2,13,2000
"2_13_est_GP_param.csv","sigma",2.904493599,2,13,2000
"2_13_est_GP_param.csv","mu[1]",4.893508817,2,13,2000
"2_13_est_GP_param.csv","mu[2]",-4.405394402,2,13,2000
"2_13_est_GP_param.csv","mu[3]",-2.568400631,2,13,2000
"2_13_est_GP_param.csv","mu[4]",-1.459647591,2,13,2000
"2_13_est_GP_param.csv","mu[5]",0.64746843,2,13,2000
"2_14_est_GP_param.csv","alpha",2.114128329,2,14,2000
"2_14_est_GP_param.csv","rho",-2.327891339,2,14,2000
"2_14_est_GP_param.csv","sigma",2.870340281,2,14,2000
"2_14_est_GP_param.csv","mu[1]",-3.307897944,2,14,2000
"2_14_est_GP_param.csv","mu[2]",4.1249126,2,14,2000
"2_14_est_GP_param.csv","mu[3]",0.150184604,2,14,2000
"2_14_est_GP_param.csv","mu[4]",-0.81592887,2,14,2000
"2_14_est_GP_param.csv","mu[5]",0.134003108,2,14,2000
"2_15_est_GP_param.csv","alpha",2.081111062,2,15,2000
"2_15_est_GP_param.csv","rho",-2.210849905,2,15,2000
"2_15_est_GP_param.csv","sigma",2.878907798,2,15,2000
"2_15_est_GP_param.csv","mu[1]",6.107782974,2,15,2000
"2_15_est_GP_param.csv","mu[2]",-2.785637169,2,15,2000
"2_15_est_GP_param.csv","mu[3]",2.903465965,2,15,2000
"2_15_est_GP_param.csv","mu[4]",-3.031861155,2,15,2000
"2_15_est_GP_param.csv","mu[5]",1.622227632,2,15,2000
"2_16_est_GP_param.csv","alpha",2.021743011,2,16,2000
"2_16_est_GP_param.csv","rho",-2.339390866,2,16,2000
"2_16_est_GP_param.csv","sigma",2.957456299,2,16,2000
"2_16_est_GP_param.csv","mu[1]",1.792749815,2,16,2000
"2_16_est_GP_param.csv","mu[2]",0.97127701,2,16,2000
"2_16_est_GP_param.csv","mu[3]",-1.454287866,2,16,2000
"2_16_est_GP_param.csv","mu[4]",-3.659250402,2,16,2000
"2_16_est_GP_param.csv","mu[5]",2.782709804,2,16,2000
"2_17_est_GP_param.csv","alpha",2.68500842,2,17,2000
"2_17_est_GP_param.csv","rho",1.529350642,2,17,2000
"2_17_est_GP_param.csv","sigma",3.411069875,2,17,2000
"2_17_est_GP_param.csv","mu[1]",-3.231981755,2,17,2000
"2_17_est_GP_param.csv","mu[2]",2.585961442,2,17,2000
"2_17_est_GP_param.csv","mu[3]",-3.470449873,2,17,2000
"2_17_est_GP_param.csv","mu[4]",0.435955776,2,17,2000
"2_17_est_GP_param.csv","mu[5]",0.277867546,2,17,2000
"2_18_est_GP_param.csv","alpha",2.028847572,2,18,2000
"2_18_est_GP_param.csv","rho",-2.313973235,2,18,2000
"2_18_est_GP_param.csv","sigma",2.984956594,2,18,2000
"2_18_est_GP_param.csv","mu[1]",-2.105575516,2,18,2000
"2_18_est_GP_param.csv","mu[2]",0.168418326,2,18,2000
"2_18_est_GP_param.csv","mu[3]",-0.992485726,2,18,2000
"2_18_est_GP_param.csv","mu[4]",2.453983074,2,18,2000
"2_18_est_GP_param.csv","mu[5]",-1.408782673,2,18,2000
"2_19_est_GP_param.csv","alpha",1.92866916,2,19,2000
"2_19_est_GP_param.csv","rho",-2.204958584,2,19,2000
"2_19_est_GP_param.csv","sigma",3.096465026,2,19,2000
"2_19_est_GP_param.csv","mu[1]",0.502045487,2,19,2000
"2_19_est_GP_param.csv","mu[2]",-2.593447386,2,19,2000
"2_19_est_GP_param.csv","mu[3]",1.567989583,2,19,2000
"2_19_est_GP_param.csv","mu[4]",6.358573554,2,19,2000
"2_19_est_GP_param.csv","mu[5]",-4.878757245,2,19,2000
"2_2_est_GP_param.csv","alpha",1.907301277,2,2,2000
"2_2_est_GP_param.csv","rho",-2.075701063,2,2,2000
"2_2_est_GP_param.csv","sigma",3.095544111,2,2,2000
"2_2_est_GP_param.csv","mu[1]",0.077019388,2,2,2000
"2_2_est_GP_param.csv","mu[2]",1.766979614,2,2,2000
"2_2_est_GP_param.csv","mu[3]",-4.897574333,2,2,2000
"2_2_est_GP_param.csv","mu[4]",-3.737130378,2,2,2000
"2_2_est_GP_param.csv","mu[5]",-1.327245534,2,2,2000
"2_20_est_GP_param.csv","alpha",2.40924177,2,20,2000
"2_20_est_GP_param.csv","rho",-2.552959092,2,20,2000
"2_20_est_GP_param.csv","sigma",2.794259292,2,20,2000
"2_20_est_GP_param.csv","mu[1]",3.206967464,2,20,2000
"2_20_est_GP_param.csv","mu[2]",-0.064106196,2,20,2000
"2_20_est_GP_param.csv","mu[3]",-4.340856648,2,20,2000
"2_20_est_GP_param.csv","mu[4]",-2.013287455,2,20,2000
"2_20_est_GP_param.csv","mu[5]",0.786723462,2,20,2000
"2_3_est_GP_param.csv","alpha",2.259999203,2,3,2000
"2_3_est_GP_param.csv","rho",-2.247975299,2,3,2000
"2_3_est_GP_param.csv","sigma",2.847278095,2,3,2000
"2_3_est_GP_param.csv","mu[1]",-0.768014393,2,3,2000
"2_3_est_GP_param.csv","mu[2]",5.825925763,2,3,2000
"2_3_est_GP_param.csv","mu[3]",4.298275963,2,3,2000
"2_3_est_GP_param.csv","mu[4]",0.285478329,2,3,2000
"2_3_est_GP_param.csv","mu[5]",0.546195003,2,3,2000
"2_4_est_GP_param.csv","alpha",1.893600161,2,4,2000
"2_4_est_GP_param.csv","rho",-2.141277947,2,4,2000
"2_4_est_GP_param.csv","sigma",2.979552056,2,4,2000
"2_4_est_GP_param.csv","mu[1]",-2.309794443,2,4,2000
"2_4_est_GP_param.csv","mu[2]",2.679325365,2,4,2000
"2_4_est_GP_param.csv","mu[3]",1.127114778,2,4,2000
"2_4_est_GP_param.csv","mu[4]",-4.930170785,2,4,2000
"2_4_est_GP_param.csv","mu[5]",-1.124876529,2,4,2000
"2_5_est_GP_param.csv","alpha",2.184461335,2,5,2000
"2_5_est_GP_param.csv","rho",-2.293620995,2,5,2000
"2_5_est_GP_param.csv","sigma",2.909469171,2,5,2000
"2_5_est_GP_param.csv","mu[1]",3.145077723,2,5,2000
"2_5_est_GP_param.csv","mu[2]",-0.29572703,2,5,2000
"2_5_est_GP_param.csv","mu[3]",-1.014216059,2,5,2000
"2_5_est_GP_param.csv","mu[4]",4.098301219,2,5,2000
"2_5_est_GP_param.csv","mu[5]",-0.40798768,2,5,2000
"2_6_est_GP_param.csv","alpha",1.765631853,2,6,2000
"2_6_est_GP_param.csv","rho",-2.190171867,2,6,2000
"2_6_est_GP_param.csv","sigma",3.059068025,2,6,2000
"2_6_est_GP_param.csv","mu[1]",-0.538370312,2,6,2000
"2_6_est_GP_param.csv","mu[2]",-3.185855109,2,6,2000
"2_6_est_GP_param.csv","mu[3]",2.19402818,2,6,2000
"2_6_est_GP_param.csv","mu[4]",-2.004293867,2,6,2000
"2_6_est_GP_param.csv","mu[5]",2.499002984,2,6,2000
"2_7_est_GP_param.csv","alpha",2.238454144,2,7,2000
"2_7_est_GP_param.csv","rho",-2.411348237,2,7,2000
"2_7_est_GP_param.csv","sigma",2.937348202,2,7,2000
"2_7_est_GP_param.csv","mu[1]",1.829112456,2,7,2000
"2_7_est_GP_param.csv","mu[2]",8.050468727,2,7,2000
"2_7_est_GP_param.csv","mu[3]",-0.674252815,2,7,2000
"2_7_est_GP_param.csv","mu[4]",3.576381096,2,7,2000
"2_7_est_GP_param.csv","mu[5]",5.142116625,2,7,2000
"2_8_est_GP_param.csv","alpha",2.052634893,2,8,2000
"2_8_est_GP_param.csv","rho",-2.371326301,2,8,2000
"2_8_est_GP_param.csv","sigma",3.014138514,2,8,2000
"2_8_est_GP_param.csv","mu[1]",-2.254051249,2,8,2000
"2_8_est_GP_param.csv","mu[2]",3.873240213,2,8,2000
"2_8_est_GP_param.csv","mu[3]",0.889540871,2,8,2000
"2_8_est_GP_param.csv","mu[4]",0.355147264,2,8,2000
"2_8_est_GP_param.csv","mu[5]",2.797567142,2,8,2000
"2_9_est_GP_param.csv","alpha",1.837459455,2,9,2000
"2_9_est_GP_param.csv","rho",-2.233532002,2,9,2000
"2_9_est_GP_param.csv","sigma",3.085884359,2,9,2000
"2_9_est_GP_param.csv","mu[1]",-2.869375655,2,9,2000
"2_9_est_GP_param.csv","mu[2]",-0.891040201,2,9,2000
"2_9_est_GP_param.csv","mu[3]",-0.744809352,2,9,2000
"2_9_est_GP_param.csv","mu[4]",-3.229333715,2,9,2000
"2_9_est_GP_param.csv","mu[5]",0.877588967,2,9,2000
"3_10_est_GP_param.csv","alpha",2.279558112,3,10,2000
"3_10_est_GP_param.csv","rho",-1.324278541,3,10,2000
"3_10_est_GP_param.csv","sigma",3.035248995,3,10,2000
"3_10_est_GP_param.csv","mu[1]",-1.968034958,3,10,2000
"3_10_est_GP_param.csv","mu[2]",2.202300963,3,10,2000
"3_10_est_GP_param.csv","mu[3]",2.514489272,3,10,2000
"3_10_est_GP_param.csv","mu[4]",-0.825829018,3,10,2000
"3_10_est_GP_param.csv","mu[5]",2.678152667,3,10,2000
"3_11_est_GP_param.csv","alpha",2.112219722,3,11,2000
"3_11_est_GP_param.csv","rho",-1.3161094,3,11,2000
"3_11_est_GP_param.csv","sigma",3.008697057,3,11,2000
"3_11_est_GP_param.csv","mu[1]",-0.18327662,3,11,2000
"3_11_est_GP_param.csv","mu[2]",-2.249213086,3,11,2000
"3_11_est_GP_param.csv","mu[3]",-4.760012134,3,11,2000
"3_11_est_GP_param.csv","mu[4]",1.911145984,3,11,2000
"3_11_est_GP_param.csv","mu[5]",-3.515762318,3,11,2000
"3_12_est_GP_param.csv","alpha",1.91237417,3,12,2000
"3_12_est_GP_param.csv","rho",-1.331360344,3,12,2000
"3_12_est_GP_param.csv","sigma",2.981365002,3,12,2000
"3_12_est_GP_param.csv","mu[1]",5.037358527,3,12,2000
"3_12_est_GP_param.csv","mu[2]",1.036789661,3,12,2000
"3_12_est_GP_param.csv","mu[3]",1.312353792,3,12,2000
"3_12_est_GP_param.csv","mu[4]",3.801049743,3,12,2000
"3_12_est_GP_param.csv","mu[5]",-1.610782979,3,12,2000
"3_13_est_GP_param.csv","alpha",2.195553425,3,13,2000
"3_13_est_GP_param.csv","rho",-1.314952711,3,13,2000
"3_13_est_GP_param.csv","sigma",2.940889924,3,13,2000
"3_13_est_GP_param.csv","mu[1]",-2.754186064,3,13,2000
"3_13_est_GP_param.csv","mu[2]",-2.630384367,3,13,2000
"3_13_est_GP_param.csv","mu[3]",-0.289242253,3,13,2000
"3_13_est_GP_param.csv","mu[4]",1.946955872,3,13,2000
"3_13_est_GP_param.csv","mu[5]",-1.115033731,3,13,2000
"3_14_est_GP_param.csv","alpha",1.973256464,3,14,2000
"3_14_est_GP_param.csv","rho",-1.384536952,3,14,2000
"3_14_est_GP_param.csv","sigma",3.001986791,3,14,2000
"3_14_est_GP_param.csv","mu[1]",-4.173856918,3,14,2000
"3_14_est_GP_param.csv","mu[2]",-0.59180832,3,14,2000
"3_14_est_GP_param.csv","mu[3]",1.412761262,3,14,2000
"3_14_est_GP_param.csv","mu[4]",-2.84331859,3,14,2000
"3_14_est_GP_param.csv","mu[5]",4.441568179,3,14,2000
"3_15_est_GP_param.csv","alpha",2.214711563,3,15,2000
"3_15_est_GP_param.csv","rho",-1.427753676,3,15,2000
"3_15_est_GP_param.csv","sigma",3.014809936,3,15,2000
"3_15_est_GP_param.csv","mu[1]",0.507099873,3,15,2000
"3_15_est_GP_param.csv","mu[2]",4.41443404,3,15,2000
"3_15_est_GP_param.csv","mu[3]",-1.596472097,3,15,2000
"3_15_est_GP_param.csv","mu[4]",0.490216023,3,15,2000
"3_15_est_GP_param.csv","mu[5]",5.374728567,3,15,2000
"3_16_est_GP_param.csv","alpha",2.137283916,3,16,2000
"3_16_est_GP_param.csv","rho",-1.415162043,3,16,2000
"3_16_est_GP_param.csv","sigma",3.021686724,3,16,2000
"3_16_est_GP_param.csv","mu[1]",0.242607978,3,16,2000
"3_16_est_GP_param.csv","mu[2]",2.472427673,3,16,2000
"3_16_est_GP_param.csv","mu[3]",0.942469418,3,16,2000
"3_16_est_GP_param.csv","mu[4]",-0.639165231,3,16,2000
"3_16_est_GP_param.csv","mu[5]",-3.743433469,3,16,2000
"3_17_est_GP_param.csv","alpha",2.178464305,3,17,2000
"3_17_est_GP_param.csv","rho",-1.321539554,3,17,2000
"3_17_est_GP_param.csv","sigma",3.058066033,3,17,2000
"3_17_est_GP_param.csv","mu[1]",-1.032591591,3,17,2000
"3_17_est_GP_param.csv","mu[2]",4.233393812,3,17,2000
"3_17_est_GP_param.csv","mu[3]",-2.713356494,3,17,2000
"3_17_est_GP_param.csv","mu[4]",2.183394637,3,17,2000
"3_17_est_GP_param.csv","mu[5]",-0.283552018,3,17,2000
"3_18_est_GP_param.csv","alpha",2.230751476,3,18,2000
"3_18_est_GP_param.csv","rho",-1.409424731,3,18,2000
"3_18_est_GP_param.csv","sigma",2.908775846,3,18,2000
"3_18_est_GP_param.csv","mu[1]",1.01959587,3,18,2000
"3_18_est_GP_param.csv","mu[2]",4.643656895,3,18,2000
"3_18_est_GP_param.csv","mu[3]",2.05638738,3,18,2000
"3_18_est_GP_param.csv","mu[4]",1.235237975,3,18,2000
"3_18_est_GP_param.csv","mu[5]",0.125051251,3,18,2000
"3_19_est_GP_param.csv","alpha",1.980707007,3,19,2000
"3_19_est_GP_param.csv","rho",-1.520908804,3,19,2000
"3_19_est_GP_param.csv","sigma",3.004408145,3,19,2000
"3_19_est_GP_param.csv","mu[1]",-1.474029652,3,19,2000
"3_19_est_GP_param.csv","mu[2]",3.85534549,3,19,2000
"3_19_est_GP_param.csv","mu[3]",0.852787413,3,19,2000
"3_19_est_GP_param.csv","mu[4]",-2.470013315,3,19,2000
"3_19_est_GP_param.csv","mu[5]",-3.528644971,3,19,2000
"3_2_est_GP_param.csv","alpha",2.018067629,3,2,2000
"3_2_est_GP_param.csv","rho",-1.34971714,3,2,2000
"3_2_est_GP_param.csv","sigma",3.029760209,3,2,2000
"3_2_est_GP_param.csv","mu[1]",-0.549804772,3,2,2000
"3_2_est_GP_param.csv","mu[2]",4.630978543,3,2,2000
"3_2_est_GP_param.csv","mu[3]",-2.201395865,3,2,2000
"3_2_est_GP_param.csv","mu[4]",-0.171899467,3,2,2000
"3_2_est_GP_param.csv","mu[5]",2.811330722,3,2,2000
"3_20_est_GP_param.csv","alpha",1.986379879,3,20,2000
"3_20_est_GP_param.csv","rho",-1.387813314,3,20,2000
"3_20_est_GP_param.csv","sigma",2.952947513,3,20,2000
"3_20_est_GP_param.csv","mu[1]",-0.006981147,3,20,2000
"3_20_est_GP_param.csv","mu[2]",-2.250231464,3,20,2000
"3_20_est_GP_param.csv","mu[3]",0.076261788,3,20,2000
"3_20_est_GP_param.csv","mu[4]",7.066698211,3,20,2000
"3_20_est_GP_param.csv","mu[5]",3.860214019,3,20,2000
"3_3_est_GP_param.csv","alpha",1.99386857,3,3,2000
"3_3_est_GP_param.csv","rho",-1.457266073,3,3,2000
"3_3_est_GP_param.csv","sigma",3.007767802,3,3,2000
"3_3_est_GP_param.csv","mu[1]",2.420106972,3,3,2000
"3_3_est_GP_param.csv","mu[2]",-3.725685902,3,3,2000
"3_3_est_GP_param.csv","mu[3]",-1.256710667,3,3,2000
"3_3_est_GP_param.csv","mu[4]",-2.278433382,3,3,2000
"3_3_est_GP_param.csv","mu[5]",-3.629679333,3,3,2000
"3_4_est_GP_param.csv","alpha",2.07393272,3,4,2000
"3_4_est_GP_param.csv","rho",-1.533102325,3,4,2000
"3_4_est_GP_param.csv","sigma",2.955591757,3,4,2000
"3_4_est_GP_param.csv","mu[1]",5.580102996,3,4,2000
"3_4_est_GP_param.csv","mu[2]",0.525142594,3,4,2000
"3_4_est_GP_param.csv","mu[3]",4.934411178,3,4,2000
"3_4_est_GP_param.csv","mu[4]",0.026718966,3,4,2000
"3_4_est_GP_param.csv","mu[5]",-2.499379465,3,4,2000
"3_5_est_GP_param.csv","alpha",2.314276956,3,5,2000
"3_5_est_GP_param.csv","rho",-1.234237431,3,5,2000
"3_5_est_GP_param.csv","sigma",2.969012655,3,5,2000
"3_5_est_GP_param.csv","mu[1]",3.109862139,3,5,2000
"3_5_est_GP_param.csv","mu[2]",-0.252508262,3,5,2000
"3_5_est_GP_param.csv","mu[3]",-4.927335566,3,5,2000
"3_5_est_GP_param.csv","mu[4]",4.806446672,3,5,2000
"3_5_est_GP_param.csv","mu[5]",-4.703866122,3,5,2000
"3_6_est_GP_param.csv","alpha",1.986871624,3,6,2000
"3_6_est_GP_param.csv","rho",-1.41594987,3,6,2000
"3_6_est_GP_param.csv","sigma",2.981785594,3,6,2000
"3_6_est_GP_param.csv","mu[1]",1.788575313,3,6,2000
"3_6_est_GP_param.csv","mu[2]",-3.356678829,3,6,2000
"3_6_est_GP_param.csv","mu[3]",2.613214145,3,6,2000
"3_6_est_GP_param.csv","mu[4]",3.487020221,3,6,2000
"3_6_est_GP_param.csv","mu[5]",-2.432322714,3,6,2000
"3_7_est_GP_param.csv","alpha",1.918882282,3,7,2000
"3_7_est_GP_param.csv","rho",-1.467424927,3,7,2000
"3_7_est_GP_param.csv","sigma",2.998147008,3,7,2000
"3_7_est_GP_param.csv","mu[1]",3.647416562,3,7,2000
"3_7_est_GP_param.csv","mu[2]",-4.601776736,3,7,2000
"3_7_est_GP_param.csv","mu[3]",4.358676091,3,7,2000
"3_7_est_GP_param.csv","mu[4]",2.771986165,3,7,2000
"3_7_est_GP_param.csv","mu[5]",2.657404501,3,7,2000
"3_8_est_GP_param.csv","alpha",2.064560389,3,8,2000
"3_8_est_GP_param.csv","rho",-1.317375751,3,8,2000
"3_8_est_GP_param.csv","sigma",3.090412425,3,8,2000
"3_8_est_GP_param.csv","mu[1]",1.382311952,3,8,2000
"3_8_est_GP_param.csv","mu[2]",4.823269123,3,8,2000
"3_8_est_GP_param.csv","mu[3]",2.962315906,3,8,2000
"3_8_est_GP_param.csv","mu[4]",1.245747319,3,8,2000
"3_8_est_GP_param.csv","mu[5]",7.218497709,3,8,2000
"3_9_est_GP_param.csv","alpha",1.924805854,3,9,2000
"3_9_est_GP_param.csv","rho",-1.412539722,3,9,2000
"3_9_est_GP_param.csv","sigma",2.948409957,3,9,2000
"3_9_est_GP_param.csv","mu[1]",-2.602596315,3,9,2000
"3_9_est_GP_param.csv","mu[2]",-1.866090565,3,9,2000
"3_9_est_GP_param.csv","mu[3]",-1.570323121,3,9,2000
"3_9_est_GP_param.csv","mu[4]",-2.111704067,3,9,2000
"3_9_est_GP_param.csv","mu[5]",-2.797241937,3,9,2000
"4_10_est_GP_param.csv","alpha",2.153432682,4,10,2000
"4_10_est_GP_param.csv","rho",-0.601056221,4,10,2000
"4_10_est_GP_param.csv","sigma",2.959353511,4,10,2000
"4_10_est_GP_param.csv","mu[1]",3.705591702,4,10,2000
"4_10_est_GP_param.csv","mu[2]",-0.6607341,4,10,2000
"4_10_est_GP_param.csv","mu[3]",0.57383203,4,10,2000
"4_10_est_GP_param.csv","mu[4]",1.40867117,4,10,2000
"4_10_est_GP_param.csv","mu[5]",2.377732397,4,10,2000
"4_11_est_GP_param.csv","alpha",2.151709969,4,11,2000
"4_11_est_GP_param.csv","rho",-0.643800603,4,11,2000
"4_11_est_GP_param.csv","sigma",2.953379955,4,11,2000
"4_11_est_GP_param.csv","mu[1]",1.630543738,4,11,2000
"4_11_est_GP_param.csv","mu[2]",0.203213561,4,11,2000
"4_11_est_GP_param.csv","mu[3]",-3.241353747,4,11,2000
"4_11_est_GP_param.csv","mu[4]",1.129427811,4,11,2000
"4_11_est_GP_param.csv","mu[5]",2.75369494,4,11,2000
"4_12_est_GP_param.csv","alpha",1.947724495,4,12,2000
"4_12_est_GP_param.csv","rho",-0.830994014,4,12,2000
"4_12_est_GP_param.csv","sigma",2.998098024,4,12,2000
"4_12_est_GP_param.csv","mu[1]",-0.782569502,4,12,2000
"4_12_est_GP_param.csv","mu[2]",2.332025461,4,12,2000
"4_12_est_GP_param.csv","mu[3]",0.123530213,4,12,2000
"4_12_est_GP_param.csv","mu[4]",0.682487335,4,12,2000
"4_12_est_GP_param.csv","mu[5]",-0.31519747,4,12,2000
"4_13_est_GP_param.csv","alpha",1.944054988,4,13,2000
"4_13_est_GP_param.csv","rho",-0.763869906,4,13,2000
"4_13_est_GP_param.csv","sigma",3.009167036,4,13,2000
"4_13_est_GP_param.csv","mu[1]",-1.96373048,4,13,2000
"4_13_est_GP_param.csv","mu[2]",3.410069131,4,13,2000
"4_13_est_GP_param.csv","mu[3]",0.086311881,4,13,2000
"4_13_est_GP_param.csv","mu[4]",-2.953499671,4,13,2000
"4_13_est_GP_param.csv","mu[5]",4.101684371,4,13,2000
"4_14_est_GP_param.csv","alpha",2.265621653,4,14,2000
"4_14_est_GP_param.csv","rho",-0.734494605,4,14,2000
"4_14_est_GP_param.csv","sigma",3.017161555,4,14,2000
"4_14_est_GP_param.csv","mu[1]",-1.634183953,4,14,2000
"4_14_est_GP_param.csv","mu[2]",-1.108329069,4,14,2000
"4_14_est_GP_param.csv","mu[3]",2.998618364,4,14,2000
"4_14_est_GP_param.csv","mu[4]",-1.624857184,4,14,2000
"4_14_est_GP_param.csv","mu[5]",3.343826668,4,14,2000
"4_15_est_GP_param.csv","alpha",3.184434423,4,15,2000
"4_15_est_GP_param.csv","rho",-0.327618208,4,15,2000
"4_15_est_GP_param.csv","sigma",3.014126679,4,15,2000
"4_15_est_GP_param.csv","mu[1]",-4.788242718,4,15,2000
"4_15_est_GP_param.csv","mu[2]",2.887418116,4,15,2000
"4_15_est_GP_param.csv","mu[3]",-2.870003194,4,15,2000
"4_15_est_GP_param.csv","mu[4]",1.792568392,4,15,2000
"4_15_est_GP_param.csv","mu[5]",1.417474975,4,15,2000
"4_16_est_GP_param.csv","alpha",1.878263576,4,16,2000
"4_16_est_GP_param.csv","rho",-0.694558317,4,16,2000
"4_16_est_GP_param.csv","sigma",3.068432372,4,16,2000
"4_16_est_GP_param.csv","mu[1]",2.309709656,4,16,2000
"4_16_est_GP_param.csv","mu[2]",0.406339434,4,16,2000
"4_16_est_GP_param.csv","mu[3]",2.356620537,4,16,2000
"4_16_est_GP_param.csv","mu[4]",0.483830347,4,16,2000
"4_16_est_GP_param.csv","mu[5]",-0.235457531,4,16,2000
"4_17_est_GP_param.csv","alpha",1.821006481,4,17,2000
"4_17_est_GP_param.csv","rho",-0.834563047,4,17,2000
"4_17_est_GP_param.csv","sigma",3.037933798,4,17,2000
"4_17_est_GP_param.csv","mu[1]",-2.808693029,4,17,2000
"4_17_est_GP_param.csv","mu[2]",-2.065500066,4,17,2000
"4_17_est_GP_param.csv","mu[3]",-0.508167805,4,17,2000
"4_17_est_GP_param.csv","mu[4]",0.226954001,4,17,2000
"4_17_est_GP_param.csv","mu[5]",-1.69239524,4,17,2000
"4_18_est_GP_param.csv","alpha",1.913686032,4,18,2000
"4_18_est_GP_param.csv","rho",-0.751359732,4,18,2000
"4_18_est_GP_param.csv","sigma",2.891229198,4,18,2000
"4_18_est_GP_param.csv","mu[1]",-0.16338641,4,18,2000
"4_18_est_GP_param.csv","mu[2]",-0.014707421,4,18,2000
"4_18_est_GP_param.csv","mu[3]",2.397260555,4,18,2000
"4_18_est_GP_param.csv","mu[4]",-1.961147693,4,18,2000
"4_18_est_GP_param.csv","mu[5]",0.747139093,4,18,2000
"4_19_est_GP_param.csv","alpha",1.79101962,4,19,2000
"4_19_est_GP_param.csv","rho",-0.904462613,4,19,2000
"4_19_est_GP_param.csv","sigma",3.007638955,4,19,2000
"4_19_est_GP_param.csv","mu[1]",-3.244452366,4,19,2000
"4_19_est_GP_param.csv","mu[2]",1.201674939,4,19,2000
"4_19_est_GP_param.csv","mu[3]",1.04957919,4,19,2000
"4_19_est_GP_param.csv","mu[4]",-0.750147991,4,19,2000
"4_19_est_GP_param.csv","mu[5]",-2.940211578,4,19,2000
"4_2_est_GP_param.csv","alpha",2.188039592,4,2,2000
"4_2_est_GP_param.csv","rho",-0.605060573,4,2,2000
"4_2_est_GP_param.csv","sigma",3.037878073,4,2,2000
"4_2_est_GP_param.csv","mu[1]",2.525759006,4,2,2000
"4_2_est_GP_param.csv","mu[2]",-3.281200849,4,2,2000
"4_2_est_GP_param.csv","mu[3]",-3.962728859,4,2,2000
"4_2_est_GP_param.csv","mu[4]",-0.227080724,4,2,2000
"4_2_est_GP_param.csv","mu[5]",-0.564127981,4,2,2000
"4_20_est_GP_param.csv","alpha",2.140187274,4,20,2000
"4_20_est_GP_param.csv","rho",-0.609992656,4,20,2000
"4_20_est_GP_param.csv","sigma",2.957944423,4,20,2000
"4_20_est_GP_param.csv","mu[1]",-0.211229482,4,20,2000
"4_20_est_GP_param.csv","mu[2]",-0.091064887,4,20,2000
"4_20_est_GP_param.csv","mu[3]",-0.459592386,4,20,2000
"4_20_est_GP_param.csv","mu[4]",1.13472518,4,20,2000
"4_20_est_GP_param.csv","mu[5]",-2.708764614,4,20,2000
"4_3_est_GP_param.csv","alpha",2.222188807,4,3,2000
"4_3_est_GP_param.csv","rho",-0.569717381,4,3,2000
"4_3_est_GP_param.csv","sigma",3.017192071,4,3,2000
"4_3_est_GP_param.csv","mu[1]",-4.518860708,4,3,2000
"4_3_est_GP_param.csv","mu[2]",-0.927255173,4,3,2000
"4_3_est_GP_param.csv","mu[3]",-4.005972417,4,3,2000
"4_3_est_GP_param.csv","mu[4]",3.044322452,4,3,2000
"4_3_est_GP_param.csv","mu[5]",-4.365734828,4,3,2000
"4_4_est_GP_param.csv","alpha",2.307020401,4,4,2000
"4_4_est_GP_param.csv","rho",-0.658089513,4,4,2000
"4_4_est_GP_param.csv","sigma",3.056584685,4,4,2000
"4_4_est_GP_param.csv","mu[1]",-0.721193831,4,4,2000
"4_4_est_GP_param.csv","mu[2]",3.330007154,4,4,2000
"4_4_est_GP_param.csv","mu[3]",-0.280792744,4,4,2000
"4_4_est_GP_param.csv","mu[4]",-4.774277706,4,4,2000
"4_4_est_GP_param.csv","mu[5]",-3.142786935,4,4,2000
"4_5_est_GP_param.csv","alpha",2.066868711,4,5,2000
"4_5_est_GP_param.csv","rho",-0.509794657,4,5,2000
"4_5_est_GP_param.csv","sigma",3.025305368,4,5,2000
"4_5_est_GP_param.csv","mu[1]",3.554578915,4,5,2000
"4_5_est_GP_param.csv","mu[2]",2.608068235,4,5,2000
"4_5_est_GP_param.csv","mu[3]",-2.91480176,4,5,2000
"4_5_est_GP_param.csv","mu[4]",-1.198601094,4,5,2000
"4_5_est_GP_param.csv","mu[5]",-0.405961971,4,5,2000
"4_6_est_GP_param.csv","alpha",1.976110043,4,6,2000
"4_6_est_GP_param.csv","rho",-0.631879074,4,6,2000
"4_6_est_GP_param.csv","sigma",2.968531116,4,6,2000
"4_6_est_GP_param.csv","mu[1]",0.701480064,4,6,2000
"4_6_est_GP_param.csv","mu[2]",2.404929343,4,6,2000
"4_6_est_GP_param.csv","mu[3]",-3.431428561,4,6,2000
"4_6_est_GP_param.csv","mu[4]",-0.298353204,4,6,2000
"4_6_est_GP_param.csv","mu[5]",-0.962825605,4,6,2000
"4_7_est_GP_param.csv","alpha",1.937966556,4,7,2000
"4_7_est_GP_param.csv","rho",-0.68323134,4,7,2000
"4_7_est_GP_param.csv","sigma",2.998421555,4,7,2000
"4_7_est_GP_param.csv","mu[1]",3.834084361,4,7,2000
"4_7_est_GP_param.csv","mu[2]",-1.403308207,4,7,2000
"4_7_est_GP_param.csv","mu[3]",-2.727323316,4,7,2000
"4_7_est_GP_param.csv","mu[4]",-3.519616221,4,7,2000
"4_7_est_GP_param.csv","mu[5]",-0.836376324,4,7,2000
"4_8_est_GP_param.csv","alpha",2.439535489,4,8,2000
"4_8_est_GP_param.csv","rho",-0.570017901,4,8,2000
"4_8_est_GP_param.csv","sigma",2.985095619,4,8,2000
"4_8_est_GP_param.csv","mu[1]",1.231205783,4,8,2000
"4_8_est_GP_param.csv","mu[2]",2.633923062,4,8,2000
"4_8_est_GP_param.csv","mu[3]",9.396790909,4,8,2000
"4_8_est_GP_param.csv","mu[4]",2.850364094,4,8,2000
"4_8_est_GP_param.csv","mu[5]",-2.269258577,4,8,2000
"4_9_est_GP_param.csv","alpha",2.411028913,4,9,2000
"4_9_est_GP_param.csv","rho",-0.535052364,4,9,2000
"4_9_est_GP_param.csv","sigma",3.010351207,4,9,2000
"4_9_est_GP_param.csv","mu[1]",4.014814482,4,9,2000
"4_9_est_GP_param.csv","mu[2]",4.312183735,4,9,2000
"4_9_est_GP_param.csv","mu[3]",-2.161750056,4,9,2000
"4_9_est_GP_param.csv","mu[4]",-4.615942151,4,9,2000
"4_9_est_GP_param.csv","mu[5]",-4.584618472,4,9,2000
"5_10_est_GP_param.csv","alpha",2.355255966,5,10,2000
"5_10_est_GP_param.csv","rho",-0.281539604,5,10,2000
"5_10_est_GP_param.csv","sigma",3.047860464,5,10,2000
"5_10_est_GP_param.csv","mu[1]",1.972573355,5,10,2000
"5_10_est_GP_param.csv","mu[2]",1.102361312,5,10,2000
"5_10_est_GP_param.csv","mu[3]",-3.928715233,5,10,2000
"5_10_est_GP_param.csv","mu[4]",-0.004833806,5,10,2000
"5_10_est_GP_param.csv","mu[5]",3.152188524,5,10,2000
"5_11_est_GP_param.csv","alpha",2.012556233,5,11,2000
"5_11_est_GP_param.csv","rho",-0.325152382,5,11,2000
"5_11_est_GP_param.csv","sigma",3.017865457,5,11,2000
"5_11_est_GP_param.csv","mu[1]",2.531504774,5,11,2000
"5_11_est_GP_param.csv","mu[2]",-0.560484779,5,11,2000
"5_11_est_GP_param.csv","mu[3]",-0.817720117,5,11,2000
"5_11_est_GP_param.csv","mu[4]",6.101267107,5,11,2000
"5_11_est_GP_param.csv","mu[5]",-0.537521309,5,11,2000
"5_12_est_GP_param.csv","alpha",1.977951455,5,12,2000
"5_12_est_GP_param.csv","rho",-0.392042149,5,12,2000
"5_12_est_GP_param.csv","sigma",3.028177363,5,12,2000
"5_12_est_GP_param.csv","mu[1]",-2.926194204,5,12,2000
"5_12_est_GP_param.csv","mu[2]",0.831132768,5,12,2000
"5_12_est_GP_param.csv","mu[3]",-0.920396103,5,12,2000
"5_12_est_GP_param.csv","mu[4]",0.897075607,5,12,2000
"5_12_est_GP_param.csv","mu[5]",2.32844205,5,12,2000
"5_13_est_GP_param.csv","alpha",2.00294091,5,13,2000
"5_13_est_GP_param.csv","rho",-0.326075667,5,13,2000
"5_13_est_GP_param.csv","sigma",2.889319195,5,13,2000
"5_13_est_GP_param.csv","mu[1]",1.752100283,5,13,2000
"5_13_est_GP_param.csv","mu[2]",-0.495109114,5,13,2000
"5_13_est_GP_param.csv","mu[3]",0.695389372,5,13,2000
"5_13_est_GP_param.csv","mu[4]",1.105725817,5,13,2000
"5_13_est_GP_param.csv","mu[5]",0.422650987,5,13,2000
"5_14_est_GP_param.csv","alpha",2.009908125,5,14,2000
"5_14_est_GP_param.csv","rho",-0.11696252,5,14,2000
"5_14_est_GP_param.csv","sigma",2.94981898,5,14,2000
"5_14_est_GP_param.csv","mu[1]",4.282873287,5,14,2000
"5_14_est_GP_param.csv","mu[2]",-3.276690279,5,14,2000
"5_14_est_GP_param.csv","mu[3]",3.704060331,5,14,2000
"5_14_est_GP_param.csv","mu[4]",0.912084831,5,14,2000
"5_14_est_GP_param.csv","mu[5]",0.577469717,5,14,2000
"5_15_est_GP_param.csv","alpha",1.977825599,5,15,2000
"5_15_est_GP_param.csv","rho",-0.262415161,5,15,2000
"5_15_est_GP_param.csv","sigma",2.99603582,5,15,2000
"5_15_est_GP_param.csv","mu[1]",-1.922167461,5,15,2000
"5_15_est_GP_param.csv","mu[2]",-3.588022932,5,15,2000
"5_15_est_GP_param.csv","mu[3]",-4.40618718,5,15,2000
"5_15_est_GP_param.csv","mu[4]",-3.219537078,5,15,2000
"5_15_est_GP_param.csv","mu[5]",-2.679230045,5,15,2000
"5_16_est_GP_param.csv","alpha",2.400364307,5,16,2000
"5_16_est_GP_param.csv","rho",-0.137573387,5,16,2000
"5_16_est_GP_param.csv","sigma",2.938418662,5,16,2000
"5_16_est_GP_param.csv","mu[1]",0.856567799,5,16,2000
"5_16_est_GP_param.csv","mu[2]",1.901295459,5,16,2000
"5_16_est_GP_param.csv","mu[3]",-4.482936543,5,16,2000
"5_16_est_GP_param.csv","mu[4]",0.060168224,5,16,2000
"5_16_est_GP_param.csv","mu[5]",2.79860313,5,16,2000
"5_17_est_GP_param.csv","alpha",2.16088679,5,17,2000
"5_17_est_GP_param.csv","rho",-0.165428607,5,17,2000
"5_17_est_GP_param.csv","sigma",2.988128994,5,17,2000
"5_17_est_GP_param.csv","mu[1]",-1.051749022,5,17,2000
"5_17_est_GP_param.csv","mu[2]",-0.732449403,5,17,2000
"5_17_est_GP_param.csv","mu[3]",1.906069046,5,17,2000
"5_17_est_GP_param.csv","mu[4]",-0.317145973,5,17,2000
"5_17_est_GP_param.csv","mu[5]",-4.330960673,5,17,2000
"5_18_est_GP_param.csv","alpha",2.029091042,5,18,2000
"5_18_est_GP_param.csv","rho",-0.290916303,5,18,2000
"5_18_est_GP_param.csv","sigma",3.006593687,5,18,2000
"5_18_est_GP_param.csv","mu[1]",-1.589385847,5,18,2000
"5_18_est_GP_param.csv","mu[2]",1.035478476,5,18,2000
"5_18_est_GP_param.csv","mu[3]",-1.089138003,5,18,2000
"5_18_est_GP_param.csv","mu[4]",2.613789607,5,18,2000
"5_18_est_GP_param.csv","mu[5]",0.797174176,5,18,2000
"5_19_est_GP_param.csv","alpha",1.67625416,5,19,2000
"5_19_est_GP_param.csv","rho",-0.20187161,5,19,2000
"5_19_est_GP_param.csv","sigma",2.955005675,5,19,2000
"5_19_est_GP_param.csv","mu[1]",2.021629408,5,19,2000
"5_19_est_GP_param.csv","mu[2]",-0.758743642,5,19,2000
"5_19_est_GP_param.csv","mu[3]",-0.224860002,5,19,2000
"5_19_est_GP_param.csv","mu[4]",-0.250016928,5,19,2000
"5_19_est_GP_param.csv","mu[5]",3.064545109,5,19,2000
"5_2_est_GP_param.csv","alpha",1.819672242,5,2,2000
"5_2_est_GP_param.csv","rho",-0.347214448,5,2,2000
"5_2_est_GP_param.csv","sigma",3.05076578,5,2,2000
"5_2_est_GP_param.csv","mu[1]",-0.337754863,5,2,2000
"5_2_est_GP_param.csv","mu[2]",4.867773199,5,2,2000
"5_2_est_GP_param.csv","mu[3]",0.945952833,5,2,2000
"5_2_est_GP_param.csv","mu[4]",3.977350884,5,2,2000
"5_2_est_GP_param.csv","mu[5]",2.996096098,5,2,2000
"5_20_est_GP_param.csv","alpha",2.202425337,5,20,2000
"5_20_est_GP_param.csv","rho",-0.237500951,5,20,2000
"5_20_est_GP_param.csv","sigma",2.972587861,5,20,2000
"5_20_est_GP_param.csv","mu[1]",1.287083232,5,20,2000
"5_20_est_GP_param.csv","mu[2]",0.139121861,5,20,2000
"5_20_est_GP_param.csv","mu[3]",-0.28980639,5,20,2000
"5_20_est_GP_param.csv","mu[4]",3.857509909,5,20,2000
"5_20_est_GP_param.csv","mu[5]",-0.424001803,5,20,2000
"5_3_est_GP_param.csv","alpha",2.248823176,5,3,2000
"5_3_est_GP_param.csv","rho",-0.241017307,5,3,2000
"5_3_est_GP_param.csv","sigma",3.021447176,5,3,2000
"5_3_est_GP_param.csv","mu[1]",-0.08546055,5,3,2000
"5_3_est_GP_param.csv","mu[2]",2.201510431,5,3,2000
"5_3_est_GP_param.csv","mu[3]",0.725264034,5,3,2000
"5_3_est_GP_param.csv","mu[4]",-3.730791162,5,3,2000
"5_3_est_GP_param.csv","mu[5]",3.73449159,5,3,2000
"5_4_est_GP_param.csv","alpha",2.196137251,5,4,2000
"5_4_est_GP_param.csv","rho",-0.253277269,5,4,2000
"5_4_est_GP_param.csv","sigma",2.969390129,5,4,2000
"5_4_est_GP_param.csv","mu[1]",6.045680099,5,4,2000
"5_4_est_GP_param.csv","mu[2]",0.531784005,5,4,2000
"5_4_est_GP_param.csv","mu[3]",-4.242068294,5,4,2000
"5_4_est_GP_param.csv","mu[4]",-4.019793633,5,4,2000
"5_4_est_GP_param.csv","mu[5]",-2.65268389,5,4,2000
"5_5_est_GP_param.csv","alpha",2.38658595,5,5,2000
"5_5_est_GP_param.csv","rho",-0.177555912,5,5,2000
"5_5_est_GP_param.csv","sigma",2.964574894,5,5,2000
"5_5_est_GP_param.csv","mu[1]",0.185192387,5,5,2000
"5_5_est_GP_param.csv","mu[2]",0.526987598,5,5,2000
"5_5_est_GP_param.csv","mu[3]",2.295897575,5,5,2000
"5_5_est_GP_param.csv","mu[4]",3.382531724,5,5,2000
"5_5_est_GP_param.csv","mu[5]",-0.342893474,5,5,2000
"5_6_est_GP_param.csv","alpha",2.307064687,5,6,2000
"5_6_est_GP_param.csv","rho",-0.234393357,5,6,2000
"5_6_est_GP_param.csv","sigma",3.028496199,5,6,2000
"5_6_est_GP_param.csv","mu[1]",-4.035143034,5,6,2000
"5_6_est_GP_param.csv","mu[2]",2.51666094,5,6,2000
"5_6_est_GP_param.csv","mu[3]",1.506502033,5,6,2000
"5_6_est_GP_param.csv","mu[4]",-0.060847015,5,6,2000
"5_6_est_GP_param.csv","mu[5]",-2.893846618,5,6,2000
"5_7_est_GP_param.csv","alpha",2.335528213,5,7,2000
"5_7_est_GP_param.csv","rho",-0.234018617,5,7,2000
"5_7_est_GP_param.csv","sigma",2.962108475,5,7,2000
"5_7_est_GP_param.csv","mu[1]",-1.503008437,5,7,2000
"5_7_est_GP_param.csv","mu[2]",-2.029977895,5,7,2000
"5_7_est_GP_param.csv","mu[3]",4.137607317,5,7,2000
"5_7_est_GP_param.csv","mu[4]",1.733043706,5,7,2000
"5_7_est_GP_param.csv","mu[5]",2.363138448,5,7,2000
"5_8_est_GP_param.csv","alpha",2.182146631,5,8,2000
"5_8_est_GP_param.csv","rho",-0.214433567,5,8,2000
"5_8_est_GP_param.csv","sigma",3.028390039,5,8,2000
"5_8_est_GP_param.csv","mu[1]",0.275490751,5,8,2000
"5_8_est_GP_param.csv","mu[2]",0.368316487,5,8,2000
"5_8_est_GP_param.csv","mu[3]",-0.263563023,5,8,2000
"5_8_est_GP_param.csv","mu[4]",-2.311781424,5,8,2000
"5_8_est_GP_param.csv","mu[5]",2.040823377,5,8,2000
"5_9_est_GP_param.csv","alpha",2.283169693,5,9,2000
"5_9_est_GP_param.csv","rho",-0.213311557,5,9,2000
"5_9_est_GP_param.csv","sigma",3.043827786,5,9,2000
"5_9_est_GP_param.csv","mu[1]",-0.549496258,5,9,2000
"5_9_est_GP_param.csv","mu[2]",-2.320784409,5,9,2000
"5_9_est_GP_param.csv","mu[3]",3.452933435,5,9,2000
"5_9_est_GP_param.csv","mu[4]",-0.500673695,5,9,2000
"5_9_est_GP_param.csv","mu[5]",0.248012242,5,9,2000
"6_10_est_GP_param.csv","alpha",2.105008558,6,10,2000
"6_10_est_GP_param.csv","rho",0.002645209,6,10,2000
"6_10_est_GP_param.csv","sigma",2.999269881,6,10,2000
"6_10_est_GP_param.csv","mu[1]",-4.144176274,6,10,2000
"6_10_est_GP_param.csv","mu[2]",0.376204503,6,10,2000
"6_10_est_GP_param.csv","mu[3]",-0.614003561,6,10,2000
"6_10_est_GP_param.csv","mu[4]",-2.050395527,6,10,2000
"6_10_est_GP_param.csv","mu[5]",-0.966636485,6,10,2000
"6_11_est_GP_param.csv","alpha",1.800684422,6,11,2000
"6_11_est_GP_param.csv","rho",-0.105155174,6,11,2000
"6_11_est_GP_param.csv","sigma",2.995506871,6,11,2000
"6_11_est_GP_param.csv","mu[1]",-2.441676568,6,11,2000
"6_11_est_GP_param.csv","mu[2]",0.21399316,6,11,2000
"6_11_est_GP_param.csv","mu[3]",3.212913727,6,11,2000
"6_11_est_GP_param.csv","mu[4]",0.700473194,6,11,2000
"6_11_est_GP_param.csv","mu[5]",2.074636782,6,11,2000
"6_12_est_GP_param.csv","alpha",1.966043934,6,12,2000
"6_12_est_GP_param.csv","rho",0.099277965,6,12,2000
"6_12_est_GP_param.csv","sigma",3.006892524,6,12,2000
"6_12_est_GP_param.csv","mu[1]",6.000072908,6,12,2000
"6_12_est_GP_param.csv","mu[2]",-0.330394269,6,12,2000
"6_12_est_GP_param.csv","mu[3]",-4.422031055,6,12,2000
"6_12_est_GP_param.csv","mu[4]",3.692879893,6,12,2000
"6_12_est_GP_param.csv","mu[5]",-1.509509603,6,12,2000
"6_13_est_GP_param.csv","alpha",2.388876915,6,13,2000
"6_13_est_GP_param.csv","rho",0.041463792,6,13,2000
"6_13_est_GP_param.csv","sigma",2.93384263,6,13,2000
"6_13_est_GP_param.csv","mu[1]",-0.892214825,6,13,2000
"6_13_est_GP_param.csv","mu[2]",2.844988945,6,13,2000
"6_13_est_GP_param.csv","mu[3]",-1.561720356,6,13,2000
"6_13_est_GP_param.csv","mu[4]",7.62323919,6,13,2000
"6_13_est_GP_param.csv","mu[5]",-2.959007788,6,13,2000
"6_14_est_GP_param.csv","alpha",2.227244157,6,14,2000
"6_14_est_GP_param.csv","rho",-0.007996947,6,14,2000
"6_14_est_GP_param.csv","sigma",2.922190231,6,14,2000
"6_14_est_GP_param.csv","mu[1]",0.165272229,6,14,2000
"6_14_est_GP_param.csv","mu[2]",0.62120646,6,14,2000
"6_14_est_GP_param.csv","mu[3]",0.133495914,6,14,2000
"6_14_est_GP_param.csv","mu[4]",-2.205703318,6,14,2000
"6_14_est_GP_param.csv","mu[5]",2.289649585,6,14,2000
"6_15_est_GP_param.csv","alpha",2.069512784,6,15,2000
"6_15_est_GP_param.csv","rho",0.070049769,6,15,2000
"6_15_est_GP_param.csv","sigma",3.01887911,6,15,2000
"6_15_est_GP_param.csv","mu[1]",1.344371604,6,15,2000
"6_15_est_GP_param.csv","mu[2]",1.68133678,6,15,2000
"6_15_est_GP_param.csv","mu[3]",1.074212214,6,15,2000
"6_15_est_GP_param.csv","mu[4]",2.416699844,6,15,2000
"6_15_est_GP_param.csv","mu[5]",-2.172300055,6,15,2000
"6_16_est_GP_param.csv","alpha",2.260200624,6,16,2000
"6_16_est_GP_param.csv","rho",0.150936849,6,16,2000
"6_16_est_GP_param.csv","sigma",3.013229625,6,16,2000
"6_16_est_GP_param.csv","mu[1]",0.82109248,6,16,2000
"6_16_est_GP_param.csv","mu[2]",-0.386782047,6,16,2000
"6_16_est_GP_param.csv","mu[3]",-2.25757426,6,16,2000
"6_16_est_GP_param.csv","mu[4]",0.695753035,6,16,2000
"6_16_est_GP_param.csv","mu[5]",3.915560213,6,16,2000
"6_17_est_GP_param.csv","alpha",2.000099256,6,17,2000
"6_17_est_GP_param.csv","rho",-0.111992908,6,17,2000
"6_17_est_GP_param.csv","sigma",2.916233346,6,17,2000
"6_17_est_GP_param.csv","mu[1]",3.606955757,6,17,2000
"6_17_est_GP_param.csv","mu[2]",1.855622377,6,17,2000
"6_17_est_GP_param.csv","mu[3]",-1.570340861,6,17,2000
"6_17_est_GP_param.csv","mu[4]",1.020660497,6,17,2000
"6_17_est_GP_param.csv","mu[5]",7.400242319,6,17,2000
"6_18_est_GP_param.csv","alpha",2.492793239,6,18,2000
"6_18_est_GP_param.csv","rho",0.13184794,6,18,2000
"6_18_est_GP_param.csv","sigma",2.977664603,6,18,2000
"6_18_est_GP_param.csv","mu[1]",-0.183632912,6,18,2000
"6_18_est_GP_param.csv","mu[2]",-2.140172456,6,18,2000
"6_18_est_GP_param.csv","mu[3]",-0.804515913,6,18,2000
"6_18_est_GP_param.csv","mu[4]",-0.03384366,6,18,2000
"6_18_est_GP_param.csv","mu[5]",-2.738749237,6,18,2000
"6_19_est_GP_param.csv","alpha",2.015839959,6,19,2000
"6_19_est_GP_param.csv","rho",-0.012813451,6,19,2000
"6_19_est_GP_param.csv","sigma",3.02755586,6,19,2000
"6_19_est_GP_param.csv","mu[1]",-4.188610497,6,19,2000
"6_19_est_GP_param.csv","mu[2]",0.423229803,6,19,2000
"6_19_est_GP_param.csv","mu[3]",-1.159104632,6,19,2000
"6_19_est_GP_param.csv","mu[4]",2.249909659,6,19,2000
"6_19_est_GP_param.csv","mu[5]",-2.543365027,6,19,2000
"6_2_est_GP_param.csv","alpha",2.174439827,6,2,2000
"6_2_est_GP_param.csv","rho",0.108461534,6,2,2000
"6_2_est_GP_param.csv","sigma",2.960153525,6,2,2000
"6_2_est_GP_param.csv","mu[1]",-0.748770069,6,2,2000
"6_2_est_GP_param.csv","mu[2]",2.167018024,6,2,2000
"6_2_est_GP_param.csv","mu[3]",-3.796376058,6,2,2000
"6_2_est_GP_param.csv","mu[4]",-3.40913463,6,2,2000
"6_2_est_GP_param.csv","mu[5]",1.067301674,6,2,2000
"6_20_est_GP_param.csv","alpha",2.546819803,6,20,2000
"6_20_est_GP_param.csv","rho",0.134116392,6,20,2000
"6_20_est_GP_param.csv","sigma",2.93016137,6,20,2000
"6_20_est_GP_param.csv","mu[1]",0.539047564,6,20,2000
"6_20_est_GP_param.csv","mu[2]",-1.703047981,6,20,2000
"6_20_est_GP_param.csv","mu[3]",2.771519003,6,20,2000
"6_20_est_GP_param.csv","mu[4]",-3.064736653,6,20,2000
"6_20_est_GP_param.csv","mu[5]",-0.469848761,6,20,2000
"6_3_est_GP_param.csv","alpha",2.432276202,6,3,2000
"6_3_est_GP_param.csv","rho",0.232140276,6,3,2000
"6_3_est_GP_param.csv","sigma",2.945570267,6,3,2000
"6_3_est_GP_param.csv","mu[1]",-3.286583077,6,3,2000
"6_3_est_GP_param.csv","mu[2]",4.95474437,6,3,2000
"6_3_est_GP_param.csv","mu[3]",2.284131025,6,3,2000
"6_3_est_GP_param.csv","mu[4]",5.547083945,6,3,2000
"6_3_est_GP_param.csv","mu[5]",4.512389106,6,3,2000
"6_4_est_GP_param.csv","alpha",2.07754209,6,4,2000
"6_4_est_GP_param.csv","rho",0.046487049,6,4,2000
"6_4_est_GP_param.csv","sigma",2.970353018,6,4,2000
"6_4_est_GP_param.csv","mu[1]",-2.297317648,6,4,2000
"6_4_est_GP_param.csv","mu[2]",-1.121386318,6,4,2000
"6_4_est_GP_param.csv","mu[3]",-1.326557987,6,4,2000
"6_4_est_GP_param.csv","mu[4]",-2.834694031,6,4,2000
"6_4_est_GP_param.csv","mu[5]",-0.202280498,6,4,2000
"6_5_est_GP_param.csv","alpha",2.257319665,6,5,2000
"6_5_est_GP_param.csv","rho",-0.02711641,6,5,2000
"6_5_est_GP_param.csv","sigma",3.035013223,6,5,2000
"6_5_est_GP_param.csv","mu[1]",1.945142756,6,5,2000
"6_5_est_GP_param.csv","mu[2]",1.276727978,6,5,2000
"6_5_est_GP_param.csv","mu[3]",1.475195175,6,5,2000
"6_5_est_GP_param.csv","mu[4]",0.371743882,6,5,2000
"6_5_est_GP_param.csv","mu[5]",-4.391560884,6,5,2000
"6_6_est_GP_param.csv","alpha",2.446572953,6,6,2000
"6_6_est_GP_param.csv","rho",0.189247845,6,6,2000
"6_6_est_GP_param.csv","sigma",3.10600824,6,6,2000
"6_6_est_GP_param.csv","mu[1]",5.236472522,6,6,2000
"6_6_est_GP_param.csv","mu[2]",-2.567279559,6,6,2000
"6_6_est_GP_param.csv","mu[3]",-3.813974469,6,6,2000
"6_6_est_GP_param.csv","mu[4]",4.445814258,6,6,2000
"6_6_est_GP_param.csv","mu[5]",5.073437104,6,6,2000
"6_7_est_GP_param.csv","alpha",1.865539444,6,7,2000
"6_7_est_GP_param.csv","rho",-0.143885022,6,7,2000
"6_7_est_GP_param.csv","sigma",2.99033138,6,7,2000
"6_7_est_GP_param.csv","mu[1]",-3.688298642,6,7,2000
"6_7_est_GP_param.csv","mu[2]",5.731371982,6,7,2000
"6_7_est_GP_param.csv","mu[3]",-1.487791647,6,7,2000
"6_7_est_GP_param.csv","mu[4]",-2.231117569,6,7,2000
"6_7_est_GP_param.csv","mu[5]",2.212476031,6,7,2000
"6_8_est_GP_param.csv","alpha",2.036984534,6,8,2000
"6_8_est_GP_param.csv","rho",0.013287667,6,8,2000
"6_8_est_GP_param.csv","sigma",3.021728029,6,8,2000
"6_8_est_GP_param.csv","mu[1]",2.571489012,6,8,2000
"6_8_est_GP_param.csv","mu[2]",0.853117145,6,8,2000
"6_8_est_GP_param.csv","mu[3]",-4.271986878,6,8,2000
"6_8_est_GP_param.csv","mu[4]",-1.929572068,6,8,2000
"6_8_est_GP_param.csv","mu[5]",2.024088957,6,8,2000
"6_9_est_GP_param.csv","alpha",2.193188221,6,9,2000
"6_9_est_GP_param.csv","rho",-0.021586784,6,9,2000
"6_9_est_GP_param.csv","sigma",2.98420626,6,9,2000
"6_9_est_GP_param.csv","mu[1]",3.738394814,6,9,2000
"6_9_est_GP_param.csv","mu[2]",0.123743676,6,9,2000
"6_9_est_GP_param.csv","mu[3]",-2.218365156,6,9,2000
"6_9_est_GP_param.csv","mu[4]",-4.05775088,6,9,2000
"6_9_est_GP_param.csv","mu[5]",2.187571363,6,9,2000
"7_10_est_GP_param.csv","alpha",2.477095543,7,10,2000
"7_10_est_GP_param.csv","rho",0.838694196,7,10,2000
"7_10_est_GP_param.csv","sigma",3.034323902,7,10,2000
"7_10_est_GP_param.csv","mu[1]",-0.297893907,7,10,2000
"7_10_est_GP_param.csv","mu[2]",2.792519453,7,10,2000
"7_10_est_GP_param.csv","mu[3]",0.181609535,7,10,2000
"7_10_est_GP_param.csv","mu[4]",0.758122335,7,10,2000
"7_10_est_GP_param.csv","mu[5]",4.820508387,7,10,2000
"7_11_est_GP_param.csv","alpha",2.482879462,7,11,2000
"7_11_est_GP_param.csv","rho",0.699516162,7,11,2000
"7_11_est_GP_param.csv","sigma",2.986444296,7,11,2000
"7_11_est_GP_param.csv","mu[1]",0.483115997,7,11,2000
"7_11_est_GP_param.csv","mu[2]",-0.706244946,7,11,2000
"7_11_est_GP_param.csv","mu[3]",2.801964048,7,11,2000
"7_11_est_GP_param.csv","mu[4]",-3.489978658,7,11,2000
"7_11_est_GP_param.csv","mu[5]",2.747558519,7,11,2000
"7_12_est_GP_param.csv","alpha",2.045808993,7,12,2000
"7_12_est_GP_param.csv","rho",0.709848469,7,12,2000
"7_12_est_GP_param.csv","sigma",3.034015411,7,12,2000
"7_12_est_GP_param.csv","mu[1]",-2.834885561,7,12,2000
"7_12_est_GP_param.csv","mu[2]",-3.631707353,7,12,2000
"7_12_est_GP_param.csv","mu[3]",5.748429264,7,12,2000
"7_12_est_GP_param.csv","mu[4]",-2.701850058,7,12,2000
"7_12_est_GP_param.csv","mu[5]",-1.210822395,7,12,2000
"7_13_est_GP_param.csv","alpha",2.92343285,7,13,2000
"7_13_est_GP_param.csv","rho",0.840495373,7,13,2000
"7_13_est_GP_param.csv","sigma",3.036279201,7,13,2000
"7_13_est_GP_param.csv","mu[1]",1.78002618,7,13,2000
"7_13_est_GP_param.csv","mu[2]",4.086490048,7,13,2000
"7_13_est_GP_param.csv","mu[3]",-4.02501248,7,13,2000
"7_13_est_GP_param.csv","mu[4]",-0.469733081,7,13,2000
"7_13_est_GP_param.csv","mu[5]",0.941832418,7,13,2000
"7_14_est_GP_param.csv","alpha",3.430480439,7,14,2000
"7_14_est_GP_param.csv","rho",0.963723237,7,14,2000
"7_14_est_GP_param.csv","sigma",3.01697491,7,14,2000
"7_14_est_GP_param.csv","mu[1]",3.606532232,7,14,2000
"7_14_est_GP_param.csv","mu[2]",-2.015426445,7,14,2000
"7_14_est_GP_param.csv","mu[3]",-0.752455314,7,14,2000
"7_14_est_GP_param.csv","mu[4]",2.133942744,7,14,2000
"7_14_est_GP_param.csv","mu[5]",-4.109459366,7,14,2000
"7_15_est_GP_param.csv","alpha",2.855587441,7,15,2000
"7_15_est_GP_param.csv","rho",0.963035952,7,15,2000
"7_15_est_GP_param.csv","sigma",2.919765586,7,15,2000
"7_15_est_GP_param.csv","mu[1]",2.332132407,7,15,2000
"7_15_est_GP_param.csv","mu[2]",-3.306113713,7,15,2000
"7_15_est_GP_param.csv","mu[3]",-2.663071444,7,15,2000
"7_15_est_GP_param.csv","mu[4]",0.361330188,7,15,2000
"7_15_est_GP_param.csv","mu[5]",-1.522108889,7,15,2000
"7_16_est_GP_param.csv","alpha",2.614636428,7,16,2000
"7_16_est_GP_param.csv","rho",0.912589541,7,16,2000
"7_16_est_GP_param.csv","sigma",2.915778073,7,16,2000
"7_16_est_GP_param.csv","mu[1]",-3.150085889,7,16,2000
"7_16_est_GP_param.csv","mu[2]",-0.490208142,7,16,2000
"7_16_est_GP_param.csv","mu[3]",-0.46436485,7,16,2000
"7_16_est_GP_param.csv","mu[4]",0.699152466,7,16,2000
"7_16_est_GP_param.csv","mu[5]",5.863212524,7,16,2000
"7_17_est_GP_param.csv","alpha",2.461194997,7,17,2000
"7_17_est_GP_param.csv","rho",0.719892575,7,17,2000
"7_17_est_GP_param.csv","sigma",3.049369912,7,17,2000
"7_17_est_GP_param.csv","mu[1]",0.604163889,7,17,2000
"7_17_est_GP_param.csv","mu[2]",-0.46621206,7,17,2000
"7_17_est_GP_param.csv","mu[3]",0.040472569,7,17,2000
"7_17_est_GP_param.csv","mu[4]",-1.748135547,7,17,2000
"7_17_est_GP_param.csv","mu[5]",-0.166066653,7,17,2000
"7_18_est_GP_param.csv","alpha",3.232039646,7,18,2000
"7_18_est_GP_param.csv","rho",0.947722489,7,18,2000
"7_18_est_GP_param.csv","sigma",2.973863749,7,18,2000
"7_18_est_GP_param.csv","mu[1]",1.879083476,7,18,2000
"7_18_est_GP_param.csv","mu[2]",-3.908393182,7,18,2000
"7_18_est_GP_param.csv","mu[3]",3.853799439,7,18,2000
"7_18_est_GP_param.csv","mu[4]",1.823404853,7,18,2000
"7_18_est_GP_param.csv","mu[5]",-4.20826368,7,18,2000
"7_19_est_GP_param.csv","alpha",2.73233188,7,19,2000
"7_19_est_GP_param.csv","rho",1.025329682,7,19,2000
"7_19_est_GP_param.csv","sigma",2.991862121,7,19,2000
"7_19_est_GP_param.csv","mu[1]",-2.992049888,7,19,2000
"7_19_est_GP_param.csv","mu[2]",-0.097264504,7,19,2000
"7_19_est_GP_param.csv","mu[3]",-3.168638602,7,19,2000
"7_19_est_GP_param.csv","mu[4]",-2.395019387,7,19,2000
"7_19_est_GP_param.csv","mu[5]",-1.730683324,7,19,2000
"7_2_est_GP_param.csv","alpha",2.305856174,7,2,2000
"7_2_est_GP_param.csv","rho",0.90883387,7,2,2000
"7_2_est_GP_param.csv","sigma",2.932603972,7,2,2000
"7_2_est_GP_param.csv","mu[1]",-0.685244202,7,2,2000
"7_2_est_GP_param.csv","mu[2]",2.394837873,7,2,2000
"7_2_est_GP_param.csv","mu[3]",-0.294741557,7,2,2000
"7_2_est_GP_param.csv","mu[4]",3.166107284,7,2,2000
"7_2_est_GP_param.csv","mu[5]",0.494314291,7,2,2000
"7_20_est_GP_param.csv","alpha",2.91080114,7,20,2000
"7_20_est_GP_param.csv","rho",0.879605599,7,20,2000
"7_20_est_GP_param.csv","sigma",3.005043386,7,20,2000
"7_20_est_GP_param.csv","mu[1]",0.085817731,7,20,2000
"7_20_est_GP_param.csv","mu[2]",-3.340714971,7,20,2000
"7_20_est_GP_param.csv","mu[3]",3.320133489,7,20,2000
"7_20_est_GP_param.csv","mu[4]",-3.574079355,7,20,2000
"7_20_est_GP_param.csv","mu[5]",0.355993162,7,20,2000
"7_3_est_GP_param.csv","alpha",2.131033422,7,3,2000
"7_3_est_GP_param.csv","rho",0.93549936,7,3,2000
"7_3_est_GP_param.csv","sigma",2.958690316,7,3,2000
"7_3_est_GP_param.csv","mu[1]",1.420926418,7,3,2000
"7_3_est_GP_param.csv","mu[2]",2.948219745,7,3,2000
"7_3_est_GP_param.csv","mu[3]",1.628766989,7,3,2000
"7_3_est_GP_param.csv","mu[4]",0.758732807,7,3,2000
"7_3_est_GP_param.csv","mu[5]",4.288641518,7,3,2000
"7_4_est_GP_param.csv","alpha",2.413888597,7,4,2000
"7_4_est_GP_param.csv","rho",0.849103558,7,4,2000
"7_4_est_GP_param.csv","sigma",2.960698642,7,4,2000
"7_4_est_GP_param.csv","mu[1]",2.533830266,7,4,2000
"7_4_est_GP_param.csv","mu[2]",3.007680825,7,4,2000
"7_4_est_GP_param.csv","mu[3]",2.893162538,7,4,2000
"7_4_est_GP_param.csv","mu[4]",-3.62015493,7,4,2000
"7_4_est_GP_param.csv","mu[5]",-2.016951395,7,4,2000
"7_5_est_GP_param.csv","alpha",2.380867729,7,5,2000
"7_5_est_GP_param.csv","rho",0.678317924,7,5,2000
"7_5_est_GP_param.csv","sigma",2.966327211,7,5,2000
"7_5_est_GP_param.csv","mu[1]",-2.669057749,7,5,2000
"7_5_est_GP_param.csv","mu[2]",3.731239922,7,5,2000
"7_5_est_GP_param.csv","mu[3]",5.069668096,7,5,2000
"7_5_est_GP_param.csv","mu[4]",0.009856491,7,5,2000
"7_5_est_GP_param.csv","mu[5]",-3.053419457,7,5,2000
"7_6_est_GP_param.csv","alpha",1.9965979,7,6,2000
"7_6_est_GP_param.csv","rho",0.882354644,7,6,2000
"7_6_est_GP_param.csv","sigma",3.086818455,7,6,2000
"7_6_est_GP_param.csv","mu[1]",-3.463603614,7,6,2000
"7_6_est_GP_param.csv","mu[2]",-2.034117696,7,6,2000
"7_6_est_GP_param.csv","mu[3]",5.891848141,7,6,2000
"7_6_est_GP_param.csv","mu[4]",2.56844489,7,6,2000
"7_6_est_GP_param.csv","mu[5]",2.189026485,7,6,2000
"7_7_est_GP_param.csv","alpha",2.630468627,7,7,2000
"7_7_est_GP_param.csv","rho",0.86772894,7,7,2000
"7_7_est_GP_param.csv","sigma",2.905768817,7,7,2000
"7_7_est_GP_param.csv","mu[1]",-0.510840443,7,7,2000
"7_7_est_GP_param.csv","mu[2]",6.470930863,7,7,2000
"7_7_est_GP_param.csv","mu[3]",-0.866072491,7,7,2000
"7_7_est_GP_param.csv","mu[4]",1.683279134,7,7,2000
"7_7_est_GP_param.csv","mu[5]",0.366392552,7,7,2000
"7_8_est_GP_param.csv","alpha",3.120204863,7,8,2000
"7_8_est_GP_param.csv","rho",0.944166626,7,8,2000
"7_8_est_GP_param.csv","sigma",3.006313186,7,8,2000
"7_8_est_GP_param.csv","mu[1]",3.025221201,7,8,2000
"7_8_est_GP_param.csv","mu[2]",-2.324058207,7,8,2000
"7_8_est_GP_param.csv","mu[3]",2.965760283,7,8,2000
"7_8_est_GP_param.csv","mu[4]",-3.060427875,7,8,2000
"7_8_est_GP_param.csv","mu[5]",-4.076309805,7,8,2000
"7_9_est_GP_param.csv","alpha",2.837604535,7,9,2000
"7_9_est_GP_param.csv","rho",0.920641872,7,9,2000
"7_9_est_GP_param.csv","sigma",3.060300727,7,9,2000
"7_9_est_GP_param.csv","mu[1]",2.931155343,7,9,2000
"7_9_est_GP_param.csv","mu[2]",5.65310508,7,9,2000
"7_9_est_GP_param.csv","mu[3]",-2.661871995,7,9,2000
"7_9_est_GP_param.csv","mu[4]",2.412978059,7,9,2000
"7_9_est_GP_param.csv","mu[5]",4.425119543,7,9,2000
"8_10_est_GP_param.csv","alpha",2.604300691,8,10,2000
"8_10_est_GP_param.csv","rho",1.131573509,8,10,2000
"8_10_est_GP_param.csv","sigma",3.005435472,8,10,2000
"8_10_est_GP_param.csv","mu[1]",-0.305272304,8,10,2000
"8_10_est_GP_param.csv","mu[2]",-3.017085163,8,10,2000
"8_10_est_GP_param.csv","mu[3]",-1.698913576,8,10,2000
"8_10_est_GP_param.csv","mu[4]",5.355739658,8,10,2000
"8_10_est_GP_param.csv","mu[5]",3.581187861,8,10,2000
"8_11_est_GP_param.csv","alpha",2.680973669,8,11,2000
"8_11_est_GP_param.csv","rho",1.299066137,8,11,2000
"8_11_est_GP_param.csv","sigma",2.98187828,8,11,2000
"8_11_est_GP_param.csv","mu[1]",-2.045213864,8,11,2000
"8_11_est_GP_param.csv","mu[2]",-0.488459501,8,11,2000
"8_11_est_GP_param.csv","mu[3]",-2.451767387,8,11,2000
"8_11_est_GP_param.csv","mu[4]",-3.417175814,8,11,2000
"8_11_est_GP_param.csv","mu[5]",-3.234119008,8,11,2000
"8_12_est_GP_param.csv","alpha",3.014624109,8,12,2000
"8_12_est_GP_param.csv","rho",1.19317506,8,12,2000
"8_12_est_GP_param.csv","sigma",3.014184846,8,12,2000
"8_12_est_GP_param.csv","mu[1]",-0.658855462,8,12,2000
"8_12_est_GP_param.csv","mu[2]",3.264807131,8,12,2000
"8_12_est_GP_param.csv","mu[3]",1.333787378,8,12,2000
"8_12_est_GP_param.csv","mu[4]",-3.566229897,8,12,2000
"8_12_est_GP_param.csv","mu[5]",2.706069936,8,12,2000
"8_13_est_GP_param.csv","alpha",2.88655063,8,13,2000
"8_13_est_GP_param.csv","rho",1.069291049,8,13,2000
"8_13_est_GP_param.csv","sigma",2.994608416,8,13,2000
"8_13_est_GP_param.csv","mu[1]",1.483519425,8,13,2000
"8_13_est_GP_param.csv","mu[2]",-3.206006661,8,13,2000
"8_13_est_GP_param.csv","mu[3]",2.102696578,8,13,2000
"8_13_est_GP_param.csv","mu[4]",6.425406394,8,13,2000
"8_13_est_GP_param.csv","mu[5]",-1.443651566,8,13,2000
"8_14_est_GP_param.csv","alpha",2.99908527,8,14,2000
"8_14_est_GP_param.csv","rho",1.304624235,8,14,2000
"8_14_est_GP_param.csv","sigma",3.031244064,8,14,2000
"8_14_est_GP_param.csv","mu[1]",-3.368811122,8,14,2000
"8_14_est_GP_param.csv","mu[2]",2.707082747,8,14,2000
"8_14_est_GP_param.csv","mu[3]",-1.216328803,8,14,2000
"8_14_est_GP_param.csv","mu[4]",-0.974768151,8,14,2000
"8_14_est_GP_param.csv","mu[5]",-2.031367767,8,14,2000
"8_15_est_GP_param.csv","alpha",2.816632574,8,15,2000
"8_15_est_GP_param.csv","rho",1.299626548,8,15,2000
"8_15_est_GP_param.csv","sigma",2.998044168,8,15,2000
"8_15_est_GP_param.csv","mu[1]",-0.011877138,8,15,2000
"8_15_est_GP_param.csv","mu[2]",2.572414171,8,15,2000
"8_15_est_GP_param.csv","mu[3]",4.605482712,8,15,2000
"8_15_est_GP_param.csv","mu[4]",-3.001941851,8,15,2000
"8_15_est_GP_param.csv","mu[5]",-0.840542345,8,15,2000
"8_16_est_GP_param.csv","alpha",3.106244168,8,16,2000
"8_16_est_GP_param.csv","rho",1.554030813,8,16,2000
"8_16_est_GP_param.csv","sigma",2.938143529,8,16,2000
"8_16_est_GP_param.csv","mu[1]",-2.636299871,8,16,2000
"8_16_est_GP_param.csv","mu[2]",-1.310428948,8,16,2000
"8_16_est_GP_param.csv","mu[3]",-0.126027761,8,16,2000
"8_16_est_GP_param.csv","mu[4]",-3.201299917,8,16,2000
"8_16_est_GP_param.csv","mu[5]",-0.681408727,8,16,2000
"8_17_est_GP_param.csv","alpha",2.379267182,8,17,2000
"8_17_est_GP_param.csv","rho",1.253945344,8,17,2000
"8_17_est_GP_param.csv","sigma",3.080294721,8,17,2000
"8_17_est_GP_param.csv","mu[1]",1.717319326,8,17,2000
"8_17_est_GP_param.csv","mu[2]",-0.550169085,8,17,2000
"8_17_est_GP_param.csv","mu[3]",-1.118071637,8,17,2000
"8_17_est_GP_param.csv","mu[4]",3.748706152,8,17,2000
"8_17_est_GP_param.csv","mu[5]",-1.301966751,8,17,2000
"8_18_est_GP_param.csv","alpha",2.810333499,8,18,2000
"8_18_est_GP_param.csv","rho",1.438294156,8,18,2000
"8_18_est_GP_param.csv","sigma",3.016918122,8,18,2000
"8_18_est_GP_param.csv","mu[1]",-2.498598129,8,18,2000
"8_18_est_GP_param.csv","mu[2]",2.73401324,8,18,2000
"8_18_est_GP_param.csv","mu[3]",1.453719164,8,18,2000
"8_18_est_GP_param.csv","mu[4]",-2.250925842,8,18,2000
"8_18_est_GP_param.csv","mu[5]",1.268847419,8,18,2000
"8_19_est_GP_param.csv","alpha",3.391409631,8,19,2000
"8_19_est_GP_param.csv","rho",1.143996091,8,19,2000
"8_19_est_GP_param.csv","sigma",3.090787716,8,19,2000
"8_19_est_GP_param.csv","mu[1]",0.677911524,8,19,2000
"8_19_est_GP_param.csv","mu[2]",4.170560119,8,19,2000
"8_19_est_GP_param.csv","mu[3]",0.404011368,8,19,2000
"8_19_est_GP_param.csv","mu[4]",-0.148059015,8,19,2000
"8_19_est_GP_param.csv","mu[5]",0.323842991,8,19,2000
"8_2_est_GP_param.csv","alpha",1.968511925,8,2,2000
"8_2_est_GP_param.csv","rho",1.174872173,8,2,2000
"8_2_est_GP_param.csv","sigma",3.081761902,8,2,2000
"8_2_est_GP_param.csv","mu[1]",0.99121624,8,2,2000
"8_2_est_GP_param.csv","mu[2]",1.007711627,8,2,2000
"8_2_est_GP_param.csv","mu[3]",5.724965572,8,2,2000
"8_2_est_GP_param.csv","mu[4]",0.466376646,8,2,2000
"8_2_est_GP_param.csv","mu[5]",-3.924259076,8,2,2000
"8_20_est_GP_param.csv","alpha",2.895535748,8,20,2000
"8_20_est_GP_param.csv","rho",1.100897013,8,20,2000
"8_20_est_GP_param.csv","sigma",2.979519096,8,20,2000
"8_20_est_GP_param.csv","mu[1]",4.921911281,8,20,2000
"8_20_est_GP_param.csv","mu[2]",-2.755710617,8,20,2000
"8_20_est_GP_param.csv","mu[3]",2.908274072,8,20,2000
"8_20_est_GP_param.csv","mu[4]",2.282267236,8,20,2000
"8_20_est_GP_param.csv","mu[5]",-0.222685658,8,20,2000
"8_3_est_GP_param.csv","alpha",1.821981711,8,3,2000
"8_3_est_GP_param.csv","rho",0.88831568,8,3,2000
"8_3_est_GP_param.csv","sigma",3.047574224,8,3,2000
"8_3_est_GP_param.csv","mu[1]",1.209004023,8,3,2000
"8_3_est_GP_param.csv","mu[2]",-1.4528278,8,3,2000
"8_3_est_GP_param.csv","mu[3]",-0.515721055,8,3,2000
"8_3_est_GP_param.csv","mu[4]",1.765208565,8,3,2000
"8_3_est_GP_param.csv","mu[5]",1.377123997,8,3,2000
"8_4_est_GP_param.csv","alpha",2.695693949,8,4,2000
"8_4_est_GP_param.csv","rho",1.190100573,8,4,2000
"8_4_est_GP_param.csv","sigma",2.881840811,8,4,2000
"8_4_est_GP_param.csv","mu[1]",-3.883543107,8,4,2000
"8_4_est_GP_param.csv","mu[2]",3.57128443,8,4,2000
"8_4_est_GP_param.csv","mu[3]",-1.208970584,8,4,2000
"8_4_est_GP_param.csv","mu[4]",0.575406035,8,4,2000
"8_4_est_GP_param.csv","mu[5]",7.97715935,8,4,2000
"8_5_est_GP_param.csv","alpha",2.659582901,8,5,2000
"8_5_est_GP_param.csv","rho",1.039302343,8,5,2000
"8_5_est_GP_param.csv","sigma",2.958808542,8,5,2000
"8_5_est_GP_param.csv","mu[1]",-1.677119349,8,5,2000
"8_5_est_GP_param.csv","mu[2]",1.057910678,8,5,2000
"8_5_est_GP_param.csv","mu[3]",-1.558553167,8,5,2000
"8_5_est_GP_param.csv","mu[4]",-2.889918673,8,5,2000
"8_5_est_GP_param.csv","mu[5]",-2.252102576,8,5,2000
"8_6_est_GP_param.csv","alpha",2.447200842,8,6,2000
"8_6_est_GP_param.csv","rho",1.273324946,8,6,2000
"8_6_est_GP_param.csv","sigma",3.032744592,8,6,2000
"8_6_est_GP_param.csv","mu[1]",-2.118977134,8,6,2000
"8_6_est_GP_param.csv","mu[2]",1.167137144,8,6,2000
"8_6_est_GP_param.csv","mu[3]",2.558918564,8,6,2000
"8_6_est_GP_param.csv","mu[4]",-1.129227264,8,6,2000
"8_6_est_GP_param.csv","mu[5]",-0.397267102,8,6,2000
"8_7_est_GP_param.csv","alpha",3.471765474,8,7,2000
"8_7_est_GP_param.csv","rho",1.248096623,8,7,2000
"8_7_est_GP_param.csv","sigma",2.992999004,8,7,2000
"8_7_est_GP_param.csv","mu[1]",3.22849763,8,7,2000
"8_7_est_GP_param.csv","mu[2]",-3.987697897,8,7,2000
"8_7_est_GP_param.csv","mu[3]",-1.907499997,8,7,2000
"8_7_est_GP_param.csv","mu[4]",-2.75573629,8,7,2000
"8_7_est_GP_param.csv","mu[5]",-0.134868586,8,7,2000
"8_8_est_GP_param.csv","alpha",2.400724862,8,8,2000
"8_8_est_GP_param.csv","rho",0.946746234,8,8,2000
"8_8_est_GP_param.csv","sigma",3.04919896,8,8,2000
"8_8_est_GP_param.csv","mu[1]",-2.286958473,8,8,2000
"8_8_est_GP_param.csv","mu[2]",1.260085279,8,8,2000
"8_8_est_GP_param.csv","mu[3]",4.972207088,8,8,2000
"8_8_est_GP_param.csv","mu[4]",0.205360198,8,8,2000
"8_8_est_GP_param.csv","mu[5]",1.123703187,8,8,2000
"8_9_est_GP_param.csv","alpha",2.775449352,8,9,2000
"8_9_est_GP_param.csv","rho",1.220090381,8,9,2000
"8_9_est_GP_param.csv","sigma",3.02283459,8,9,2000
"8_9_est_GP_param.csv","mu[1]",-2.196900115,8,9,2000
"8_9_est_GP_param.csv","mu[2]",4.756615811,8,9,2000
"8_9_est_GP_param.csv","mu[3]",-3.292371719,8,9,2000
"8_9_est_GP_param.csv","mu[4]",-0.373724503,8,9,2000
"8_9_est_GP_param.csv","mu[5]",1.611921594,8,9,2000
"9_10_est_GP_param.csv","alpha",2.527806376,9,10,2000
"9_10_est_GP_param.csv","rho",1.464929907,9,10,2000
"9_10_est_GP_param.csv","sigma",3.026061261,9,10,2000
"9_10_est_GP_param.csv","mu[1]",-0.382953994,9,10,2000
"9_10_est_GP_param.csv","mu[2]",-1.490485979,9,10,2000
"9_10_est_GP_param.csv","mu[3]",-2.711534779,9,10,2000
"9_10_est_GP_param.csv","mu[4]",-0.656146721,9,10,2000
"9_10_est_GP_param.csv","mu[5]",-1.539337638,9,10,2000
"9_11_est_GP_param.csv","alpha",4.418639841,9,11,2000
"9_11_est_GP_param.csv","rho",1.738596921,9,11,2000
"9_11_est_GP_param.csv","sigma",3.034524811,9,11,2000
"9_11_est_GP_param.csv","mu[1]",1.835051271,9,11,2000
"9_11_est_GP_param.csv","mu[2]",-0.224032679,9,11,2000
"9_11_est_GP_param.csv","mu[3]",1.028294467,9,11,2000
"9_11_est_GP_param.csv","mu[4]",-3.638542149,9,11,2000
"9_11_est_GP_param.csv","mu[5]",0.385219792,9,11,2000
"9_12_est_GP_param.csv","alpha",2.547971153,9,12,2000
"9_12_est_GP_param.csv","rho",1.440962974,9,12,2000
"9_12_est_GP_param.csv","sigma",2.987168846,9,12,2000
"9_12_est_GP_param.csv","mu[1]",2.331486891,9,12,2000
"9_12_est_GP_param.csv","mu[2]",3.257693853,9,12,2000
"9_12_est_GP_param.csv","mu[3]",1.756490252,9,12,2000
"9_12_est_GP_param.csv","mu[4]",1.561947179,9,12,2000
"9_12_est_GP_param.csv","mu[5]",-1.435779125,9,12,2000
"9_13_est_GP_param.csv","alpha",2.730947258,9,13,2000
"9_13_est_GP_param.csv","rho",1.847991459,9,13,2000
"9_13_est_GP_param.csv","sigma",3.023274323,9,13,2000
"9_13_est_GP_param.csv","mu[1]",5.173503677,9,13,2000
"9_13_est_GP_param.csv","mu[2]",2.967595188,9,13,2000
"9_13_est_GP_param.csv","mu[3]",0.644510236,9,13,2000
"9_13_est_GP_param.csv","mu[4]",0.233698166,9,13,2000
"9_13_est_GP_param.csv","mu[5]",1.042635665,9,13,2000
"9_14_est_GP_param.csv","alpha",3.24163414,9,14,2000
"9_14_est_GP_param.csv","rho",1.621589119,9,14,2000
"9_14_est_GP_param.csv","sigma",2.928312188,9,14,2000
"9_14_est_GP_param.csv","mu[1]",-0.191244623,9,14,2000
"9_14_est_GP_param.csv","mu[2]",1.556722869,9,14,2000
"9_14_est_GP_param.csv","mu[3]",6.042774268,9,14,2000
"9_14_est_GP_param.csv","mu[4]",1.333343529,9,14,2000
"9_14_est_GP_param.csv","mu[5]",5.559035223,9,14,2000
"9_15_est_GP_param.csv","alpha",3.295720712,9,15,2000
"9_15_est_GP_param.csv","rho",2.034992365,9,15,2000
"9_15_est_GP_param.csv","sigma",2.947111752,9,15,2000
"9_15_est_GP_param.csv","mu[1]",0.460562677,9,15,2000
"9_15_est_GP_param.csv","mu[2]",-1.974054513,9,15,2000
"9_15_est_GP_param.csv","mu[3]",-3.172371444,9,15,2000
"9_15_est_GP_param.csv","mu[4]",-2.139353395,9,15,2000
"9_15_est_GP_param.csv","mu[5]",-2.058801996,9,15,2000
"9_16_est_GP_param.csv","alpha",1.96635296,9,16,2000
"9_16_est_GP_param.csv","rho",1.014084845,9,16,2000
"9_16_est_GP_param.csv","sigma",2.902173116,9,16,2000
"9_16_est_GP_param.csv","mu[1]",-0.642153863,9,16,2000
"9_16_est_GP_param.csv","mu[2]",-1.512549611,9,16,2000
"9_16_est_GP_param.csv","mu[3]",5.024954056,9,16,2000
"9_16_est_GP_param.csv","mu[4]",4.775330768,9,16,2000
"9_16_est_GP_param.csv","mu[5]",-1.382597906,9,16,2000
"9_17_est_GP_param.csv","alpha",3.630488425,9,17,2000
"9_17_est_GP_param.csv","rho",1.807381556,9,17,2000
"9_17_est_GP_param.csv","sigma",2.970193034,9,17,2000
"9_17_est_GP_param.csv","mu[1]",-0.50875068,9,17,2000
"9_17_est_GP_param.csv","mu[2]",4.02594715,9,17,2000
"9_17_est_GP_param.csv","mu[3]",6.07063051,9,17,2000
"9_17_est_GP_param.csv","mu[4]",2.290493655,9,17,2000
"9_17_est_GP_param.csv","mu[5]",2.893766037,9,17,2000
"9_18_est_GP_param.csv","alpha",2.856653459,9,18,2000
"9_18_est_GP_param.csv","rho",1.469220021,9,18,2000
"9_18_est_GP_param.csv","sigma",2.992258271,9,18,2000
"9_18_est_GP_param.csv","mu[1]",-0.164513242,9,18,2000
"9_18_est_GP_param.csv","mu[2]",3.620059405,9,18,2000
"9_18_est_GP_param.csv","mu[3]",2.185949968,9,18,2000
"9_18_est_GP_param.csv","mu[4]",-1.515977398,9,18,2000
"9_18_est_GP_param.csv","mu[5]",-0.178679309,9,18,2000
"9_19_est_GP_param.csv","alpha",3.437853565,9,19,2000
"9_19_est_GP_param.csv","rho",1.843037291,9,19,2000
"9_19_est_GP_param.csv","sigma",2.986821399,9,19,2000
"9_19_est_GP_param.csv","mu[1]",-0.014348631,9,19,2000
"9_19_est_GP_param.csv","mu[2]",1.118787111,9,19,2000
"9_19_est_GP_param.csv","mu[3]",3.312319166,9,19,2000
"9_19_est_GP_param.csv","mu[4]",0.185555139,9,19,2000
"9_19_est_GP_param.csv","mu[5]",3.194542281,9,19,2000
"9_2_est_GP_param.csv","alpha",1.53400384,9,2,2000
"9_2_est_GP_param.csv","rho",0.863728876,9,2,2000
"9_2_est_GP_param.csv","sigma",3.003591887,9,2,2000
"9_2_est_GP_param.csv","mu[1]",-1.864023747,9,2,2000
"9_2_est_GP_param.csv","mu[2]",-3.501452238,9,2,2000
"9_2_est_GP_param.csv","mu[3]",4.774107397,9,2,2000
"9_2_est_GP_param.csv","mu[4]",0.50446121,9,2,2000
"9_2_est_GP_param.csv","mu[5]",-2.611457788,9,2,2000
"9_20_est_GP_param.csv","alpha",2.771318539,9,20,2000
"9_20_est_GP_param.csv","rho",1.409754594,9,20,2000
"9_20_est_GP_param.csv","sigma",2.959356377,9,20,2000
"9_20_est_GP_param.csv","mu[1]",5.448070401,9,20,2000
"9_20_est_GP_param.csv","mu[2]",-3.040129852,9,20,2000
"9_20_est_GP_param.csv","mu[3]",-1.341275421,9,20,2000
"9_20_est_GP_param.csv","mu[4]",0.998080693,9,20,2000
"9_20_est_GP_param.csv","mu[5]",-2.404096286,9,20,2000
"9_3_est_GP_param.csv","alpha",2.703115607,9,3,2000
"9_3_est_GP_param.csv","rho",1.754171046,9,3,2000
"9_3_est_GP_param.csv","sigma",2.996022553,9,3,2000
"9_3_est_GP_param.csv","mu[1]",1.229058754,9,3,2000
"9_3_est_GP_param.csv","mu[2]",-1.229610361,9,3,2000
"9_3_est_GP_param.csv","mu[3]",0.018984394,9,3,2000
"9_3_est_GP_param.csv","mu[4]",0.954601775,9,3,2000
"9_3_est_GP_param.csv","mu[5]",2.792504262,9,3,2000
"9_4_est_GP_param.csv","alpha",2.070049405,9,4,2000
"9_4_est_GP_param.csv","rho",1.491065737,9,4,2000
"9_4_est_GP_param.csv","sigma",2.946717981,9,4,2000
"9_4_est_GP_param.csv","mu[1]",3.381043998,9,4,2000
"9_4_est_GP_param.csv","mu[2]",3.420566501,9,4,2000
"9_4_est_GP_param.csv","mu[3]",-2.818749075,9,4,2000
"9_4_est_GP_param.csv","mu[4]",-3.263500545,9,4,2000
"9_4_est_GP_param.csv","mu[5]",-2.833659322,9,4,2000
"9_5_est_GP_param.csv","alpha",2.0086805,9,5,2000
"9_5_est_GP_param.csv","rho",1.392319472,9,5,2000
"9_5_est_GP_param.csv","sigma",3.035707827,9,5,2000
"9_5_est_GP_param.csv","mu[1]",-3.895828217,9,5,2000
"9_5_est_GP_param.csv","mu[2]",1.436439183,9,5,2000
"9_5_est_GP_param.csv","mu[3]",2.2924427,9,5,2000
"9_5_est_GP_param.csv","mu[4]",-1.373306447,9,5,2000
"9_5_est_GP_param.csv","mu[5]",0.068195039,9,5,2000
"9_6_est_GP_param.csv","alpha",2.613753936,9,6,2000
"9_6_est_GP_param.csv","rho",1.461277301,9,6,2000
"9_6_est_GP_param.csv","sigma",2.978952469,9,6,2000
"9_6_est_GP_param.csv","mu[1]",-2.127496531,9,6,2000
"9_6_est_GP_param.csv","mu[2]",-0.480945757,9,6,2000
"9_6_est_GP_param.csv","mu[3]",4.072945057,9,6,2000
"9_6_est_GP_param.csv","mu[4]",-0.445688661,9,6,2000
"9_6_est_GP_param.csv","mu[5]",-2.728660176,9,6,2000
"9_7_est_GP_param.csv","alpha",2.917825114,9,7,2000
"9_7_est_GP_param.csv","rho",1.557031318,9,7,2000
"9_7_est_GP_param.csv","sigma",2.983698412,9,7,2000
"9_7_est_GP_param.csv","mu[1]",3.949643693,9,7,2000
"9_7_est_GP_param.csv","mu[2]",0.142378058,9,7,2000
"9_7_est_GP_param.csv","mu[3]",2.238185776,9,7,2000
"9_7_est_GP_param.csv","mu[4]",0.07289636,9,7,2000
"9_7_est_GP_param.csv","mu[5]",2.947377032,9,7,2000
"9_8_est_GP_param.csv","alpha",2.220574569,9,8,2000
"9_8_est_GP_param.csv","rho",1.266772712,9,8,2000
"9_8_est_GP_param.csv","sigma",2.99514664,9,8,2000
"9_8_est_GP_param.csv","mu[1]",0.441063584,9,8,2000
"9_8_est_GP_param.csv","mu[2]",1.844376887,9,8,2000
"9_8_est_GP_param.csv","mu[3]",-1.365711613,9,8,2000
"9_8_est_GP_param.csv","mu[4]",-2.458700308,9,8,2000
"9_8_est_GP_param.csv","mu[5]",0.893288054,9,8,2000
"9_9_est_GP_param.csv","alpha",2.914790189,9,9,2000
"9_9_est_GP_param.csv","rho",1.399797776,9,9,2000
"9_9_est_GP_param.csv","sigma",3.05783114,9,9,2000
"9_9_est_GP_param.csv","mu[1]",5.285802923,9,9,2000
"9_9_est_GP_param.csv","mu[2]",-1.012248638,9,9,2000
"9_9_est_GP_param.csv","mu[3]",2.403487842,9,9,2000
"9_9_est_GP_param.csv","mu[4]",2.57553943,9,9,2000
"9_9_est_GP_param.csv","mu[5]",-2.203970488,9,9,2000
"10_10_est_GP_param.csv","alpha",2.937297296,10,10,1000
"10_10_est_GP_param.csv","rho",1.770133046,10,10,1000
"10_10_est_GP_param.csv","sigma",2.969969721,10,10,1000
"10_10_est_GP_param.csv","mu[1]",-2.080907687,10,10,1000
"10_10_est_GP_param.csv","mu[2]",0.312987998,10,10,1000
"10_10_est_GP_param.csv","mu[3]",-1.769023283,10,10,1000
"10_10_est_GP_param.csv","mu[4]",-0.114540547,10,10,1000
"10_10_est_GP_param.csv","mu[5]",4.137919838,10,10,1000
"10_11_est_GP_param.csv","alpha",2.196522588,10,11,1000
"10_11_est_GP_param.csv","rho",1.582397249,10,11,1000
"10_11_est_GP_param.csv","sigma",3.034866358,10,11,1000
"10_11_est_GP_param.csv","mu[1]",-1.961790556,10,11,1000
"10_11_est_GP_param.csv","mu[2]",-3.249005819,10,11,1000
"10_11_est_GP_param.csv","mu[3]",-3.087139575,10,11,1000
"10_11_est_GP_param.csv","mu[4]",-0.815903851,10,11,1000
"10_11_est_GP_param.csv","mu[5]",-3.155646953,10,11,1000
"10_12_est_GP_param.csv","alpha",3.062042561,10,12,1000
"10_12_est_GP_param.csv","rho",1.715878253,10,12,1000
"10_12_est_GP_param.csv","sigma",3.016810307,10,12,1000
"10_12_est_GP_param.csv","mu[1]",0.896352067,10,12,1000
"10_12_est_GP_param.csv","mu[2]",-2.509133416,10,12,1000
"10_12_est_GP_param.csv","mu[3]",2.37697034,10,12,1000
"10_12_est_GP_param.csv","mu[4]",-0.920395592,10,12,1000
"10_12_est_GP_param.csv","mu[5]",-0.929739422,10,12,1000
"10_13_est_GP_param.csv","alpha",3.662273377,10,13,1000
"10_13_est_GP_param.csv","rho",2.026950938,10,13,1000
"10_13_est_GP_param.csv","sigma",2.939985094,10,13,1000
"10_13_est_GP_param.csv","mu[1]",-3.037111346,10,13,1000
"10_13_est_GP_param.csv","mu[2]",1.727525776,10,13,1000
"10_13_est_GP_param.csv","mu[3]",-0.014857712,10,13,1000
"10_13_est_GP_param.csv","mu[4]",2.418569265,10,13,1000
"10_13_est_GP_param.csv","mu[5]",5.467515576,10,13,1000
"10_14_est_GP_param.csv","alpha",1.553352331,10,14,1000
"10_14_est_GP_param.csv","rho",1.048344058,10,14,1000
"10_14_est_GP_param.csv","sigma",2.98528674,10,14,1000
"10_14_est_GP_param.csv","mu[1]",0.647875681,10,14,1000
"10_14_est_GP_param.csv","mu[2]",0.088822188,10,14,1000
"10_14_est_GP_param.csv","mu[3]",3.110398965,10,14,1000
"10_14_est_GP_param.csv","mu[4]",0.465554044,10,14,1000
"10_14_est_GP_param.csv","mu[5]",-1.325899072,10,14,1000
"10_15_est_GP_param.csv","alpha",3.334931478,10,15,1000
"10_15_est_GP_param.csv","rho",1.930720989,10,15,1000
"10_15_est_GP_param.csv","sigma",2.977567742,10,15,1000
"10_15_est_GP_param.csv","mu[1]",-1.175358302,10,15,1000
"10_15_est_GP_param.csv","mu[2]",-1.442155719,10,15,1000
"10_15_est_GP_param.csv","mu[3]",-2.640186358,10,15,1000
"10_15_est_GP_param.csv","mu[4]",2.789296145,10,15,1000
"10_15_est_GP_param.csv","mu[5]",-0.021273094,10,15,1000
"10_16_est_GP_param.csv","alpha",3.199504061,10,16,1000
"10_16_est_GP_param.csv","rho",1.693254814,10,16,1000
"10_16_est_GP_param.csv","sigma",2.924426783,10,16,1000
"10_16_est_GP_param.csv","mu[1]",-1.734046848,10,16,1000
"10_16_est_GP_param.csv","mu[2]",0.128730204,10,16,1000
"10_16_est_GP_param.csv","mu[3]",-0.13914588,10,16,1000
"10_16_est_GP_param.csv","mu[4]",0.142315274,10,16,1000
"10_16_est_GP_param.csv","mu[5]",-1.373981848,10,16,1000
"10_17_est_GP_param.csv","alpha",3.285616055,10,17,1000
"10_17_est_GP_param.csv","rho",1.876777089,10,17,1000
"10_17_est_GP_param.csv","sigma",3.020460756,10,17,1000
"10_17_est_GP_param.csv","mu[1]",1.664583365,10,17,1000
"10_17_est_GP_param.csv","mu[2]",1.05644621,10,17,1000
"10_17_est_GP_param.csv","mu[3]",-2.589752006,10,17,1000
"10_17_est_GP_param.csv","mu[4]",1.774389203,10,17,1000
"10_17_est_GP_param.csv","mu[5]",-3.056450998,10,17,1000
"10_18_est_GP_param.csv","alpha",2.651668984,10,18,1000
"10_18_est_GP_param.csv","rho",1.790604137,10,18,1000
"10_18_est_GP_param.csv","sigma",2.965566993,10,18,1000
"10_18_est_GP_param.csv","mu[1]",-0.880791318,10,18,1000
"10_18_est_GP_param.csv","mu[2]",1.092916771,10,18,1000
"10_18_est_GP_param.csv","mu[3]",0.358669699,10,18,1000
"10_18_est_GP_param.csv","mu[4]",-0.851087087,10,18,1000
"10_18_est_GP_param.csv","mu[5]",-0.591580757,10,18,1000
"10_19_est_GP_param.csv","alpha",3.138123808,10,19,1000
"10_19_est_GP_param.csv","rho",1.700825229,10,19,1000
"10_19_est_GP_param.csv","sigma",2.983569762,10,19,1000
"10_19_est_GP_param.csv","mu[1]",0.249851949,10,19,1000
"10_19_est_GP_param.csv","mu[2]",1.141709459,10,19,1000
"10_19_est_GP_param.csv","mu[3]",1.074123945,10,19,1000
"10_19_est_GP_param.csv","mu[4]",2.905419276,10,19,1000
"10_19_est_GP_param.csv","mu[5]",5.454676892,10,19,1000
"10_2_est_GP_param.csv","alpha",3.215651808,10,2,1000
"10_2_est_GP_param.csv","rho",1.737148358,10,2,1000
"10_2_est_GP_param.csv","sigma",2.911362312,10,2,1000
"10_2_est_GP_param.csv","mu[1]",-1.0691485,10,2,1000
"10_2_est_GP_param.csv","mu[2]",4.502066766,10,2,1000
"10_2_est_GP_param.csv","mu[3]",1.009392031,10,2,1000
"10_2_est_GP_param.csv","mu[4]",1.099852202,10,2,1000
"10_2_est_GP_param.csv","mu[5]",-1.031552302,10,2,1000
"10_20_est_GP_param.csv","alpha",2.989352665,10,20,1000
"10_20_est_GP_param.csv","rho",1.902790841,10,20,1000
"10_20_est_GP_param.csv","sigma",3.054058829,10,20,1000
"10_20_est_GP_param.csv","mu[1]",-0.76657384,10,20,1000
"10_20_est_GP_param.csv","mu[2]",3.814872157,10,20,1000
"10_20_est_GP_param.csv","mu[3]",1.194562877,10,20,1000
"10_20_est_GP_param.csv","mu[4]",1.561476978,10,20,1000
"10_20_est_GP_param.csv","mu[5]",0.69152407,10,20,1000
"10_3_est_GP_param.csv","alpha",3.845472963,10,3,1000
"10_3_est_GP_param.csv","rho",1.906901587,10,3,1000
"10_3_est_GP_param.csv","sigma",2.962695845,10,3,1000
"10_3_est_GP_param.csv","mu[1]",-2.109844057,10,3,1000
"10_3_est_GP_param.csv","mu[2]",4.038612284,10,3,1000
"10_3_est_GP_param.csv","mu[3]",7.336945441,10,3,1000
"10_3_est_GP_param.csv","mu[4]",-3.326909556,10,3,1000
"10_3_est_GP_param.csv","mu[5]",1.458357661,10,3,1000
"10_4_est_GP_param.csv","alpha",3.15755736,10,4,1000
"10_4_est_GP_param.csv","rho",2.34246021,10,4,1000
"10_4_est_GP_param.csv","sigma",2.933993848,10,4,1000
"10_4_est_GP_param.csv","mu[1]",5.505464351,10,4,1000
"10_4_est_GP_param.csv","mu[2]",0.825311504,10,4,1000
"10_4_est_GP_param.csv","mu[3]",0.559723366,10,4,1000
"10_4_est_GP_param.csv","mu[4]",-2.886602358,10,4,1000
"10_4_est_GP_param.csv","mu[5]",-1.333037792,10,4,1000
"10_5_est_GP_param.csv","alpha",3.139645363,10,5,1000
"10_5_est_GP_param.csv","rho",1.948986591,10,5,1000
"10_5_est_GP_param.csv","sigma",3.017230522,10,5,1000
"10_5_est_GP_param.csv","mu[1]",-3.111331487,10,5,1000
"10_5_est_GP_param.csv","mu[2]",-1.964994392,10,5,1000
"10_5_est_GP_param.csv","mu[3]",1.098986353,10,5,1000
"10_5_est_GP_param.csv","mu[4]",2.607049625,10,5,1000
"10_5_est_GP_param.csv","mu[5]",1.751274439,10,5,1000
"10_6_est_GP_param.csv","alpha",3.226315273,10,6,1000
"10_6_est_GP_param.csv","rho",1.847010189,10,6,1000
"10_6_est_GP_param.csv","sigma",3.005338158,10,6,1000
"10_6_est_GP_param.csv","mu[1]",-2.768991559,10,6,1000
"10_6_est_GP_param.csv","mu[2]",1.069451894,10,6,1000
"10_6_est_GP_param.csv","mu[3]",-2.526104182,10,6,1000
"10_6_est_GP_param.csv","mu[4]",-2.46107692,10,6,1000
"10_6_est_GP_param.csv","mu[5]",5.827197151,10,6,1000
"10_7_est_GP_param.csv","alpha",3.513138689,10,7,1000
"10_7_est_GP_param.csv","rho",1.79582472,10,7,1000
"10_7_est_GP_param.csv","sigma",3.102963995,10,7,1000
"10_7_est_GP_param.csv","mu[1]",4.023099376,10,7,1000
"10_7_est_GP_param.csv","mu[2]",0.630334807,10,7,1000
"10_7_est_GP_param.csv","mu[3]",-0.691224507,10,7,1000
"10_7_est_GP_param.csv","mu[4]",-0.376506608,10,7,1000
"10_7_est_GP_param.csv","mu[5]",-0.43722779,10,7,1000
"10_8_est_GP_param.csv","alpha",3.031611085,10,8,1000
"10_8_est_GP_param.csv","rho",1.95198104,10,8,1000
"10_8_est_GP_param.csv","sigma",2.8097897,10,8,1000
"10_8_est_GP_param.csv","mu[1]",1.78231979,10,8,1000
"10_8_est_GP_param.csv","mu[2]",-0.382385504,10,8,1000
"10_8_est_GP_param.csv","mu[3]",7.825578077,10,8,1000
"10_8_est_GP_param.csv","mu[4]",3.165407307,10,8,1000
"10_8_est_GP_param.csv","mu[5]",0.305904426,10,8,1000
"10_9_est_GP_param.csv","alpha",2.663534856,10,9,1000
"10_9_est_GP_param.csv","rho",1.661162401,10,9,1000
"10_9_est_GP_param.csv","sigma",3.014672928,10,9,1000
"10_9_est_GP_param.csv","mu[1]",-0.258077949,10,9,1000
"10_9_est_GP_param.csv","mu[2]",-1.867638834,10,9,1000
"10_9_est_GP_param.csv","mu[3]",-1.267760002,10,9,1000
"10_9_est_GP_param.csv","mu[4]",-2.012126619,10,9,1000
"10_9_est_GP_param.csv","mu[5]",-0.463414418,10,9,1000
"11_10_est_GP_param.csv","alpha",2.655336633,11,10,1000
"11_10_est_GP_param.csv","rho",2.599514507,11,10,1000
"11_10_est_GP_param.csv","sigma",3.083138048,11,10,1000
"11_10_est_GP_param.csv","mu[1]",0.051965084,11,10,1000
"11_10_est_GP_param.csv","mu[2]",-2.188645269,11,10,1000
"11_10_est_GP_param.csv","mu[3]",-2.081259064,11,10,1000
"11_10_est_GP_param.csv","mu[4]",3.41221494,11,10,1000
"11_10_est_GP_param.csv","mu[5]",4.366719977,11,10,1000
"11_11_est_GP_param.csv","alpha",2.286251458,11,11,1000
"11_11_est_GP_param.csv","rho",1.9648666,11,11,1000
"11_11_est_GP_param.csv","sigma",2.97469912,11,11,1000
"11_11_est_GP_param.csv","mu[1]",2.931915008,11,11,1000
"11_11_est_GP_param.csv","mu[2]",2.659327379,11,11,1000
"11_11_est_GP_param.csv","mu[3]",0.41712714,11,11,1000
"11_11_est_GP_param.csv","mu[4]",2.211973435,11,11,1000
"11_11_est_GP_param.csv","mu[5]",-1.791574263,11,11,1000
"11_12_est_GP_param.csv","alpha",2.978045003,11,12,1000
"11_12_est_GP_param.csv","rho",2.084365254,11,12,1000
"11_12_est_GP_param.csv","sigma",3.054724899,11,12,1000
"11_12_est_GP_param.csv","mu[1]",-1.364301861,11,12,1000
"11_12_est_GP_param.csv","mu[2]",0.766499543,11,12,1000
"11_12_est_GP_param.csv","mu[3]",-1.98665574,11,12,1000
"11_12_est_GP_param.csv","mu[4]",-1.01224572,11,12,1000
"11_12_est_GP_param.csv","mu[5]",1.619444008,11,12,1000
"11_13_est_GP_param.csv","alpha",3.419522541,11,13,1000
"11_13_est_GP_param.csv","rho",2.764972555,11,13,1000
"11_13_est_GP_param.csv","sigma",3.036541854,11,13,1000
"11_13_est_GP_param.csv","mu[1]",2.194524581,11,13,1000
"11_13_est_GP_param.csv","mu[2]",-2.286760763,11,13,1000
"11_13_est_GP_param.csv","mu[3]",-0.374462306,11,13,1000
"11_13_est_GP_param.csv","mu[4]",3.509322174,11,13,1000
"11_13_est_GP_param.csv","mu[5]",-2.743981037,11,13,1000
"11_14_est_GP_param.csv","alpha",3.116694207,11,14,1000
"11_14_est_GP_param.csv","rho",2.196892268,11,14,1000
"11_14_est_GP_param.csv","sigma",2.951803969,11,14,1000
"11_14_est_GP_param.csv","mu[1]",0.219727866,11,14,1000
"11_14_est_GP_param.csv","mu[2]",-1.989349556,11,14,1000
"11_14_est_GP_param.csv","mu[3]",-0.315927494,11,14,1000
"11_14_est_GP_param.csv","mu[4]",-2.790683516,11,14,1000
"11_14_est_GP_param.csv","mu[5]",1.442614797,11,14,1000
"11_15_est_GP_param.csv","alpha",3.185384609,11,15,1000
"11_15_est_GP_param.csv","rho",2.267744424,11,15,1000
"11_15_est_GP_param.csv","sigma",2.965498547,11,15,1000
"11_15_est_GP_param.csv","mu[1]",-0.084125785,11,15,1000
"11_15_est_GP_param.csv","mu[2]",-1.726405829,11,15,1000
"11_15_est_GP_param.csv","mu[3]",-1.866179901,11,15,1000
"11_15_est_GP_param.csv","mu[4]",6.349288314,11,15,1000
"11_15_est_GP_param.csv","mu[5]",-0.80558174,11,15,1000
"11_16_est_GP_param.csv","alpha",3.720189881,11,16,1000
"11_16_est_GP_param.csv","rho",2.358615139,11,16,1000
"11_16_est_GP_param.csv","sigma",2.947536184,11,16,1000
"11_16_est_GP_param.csv","mu[1]",2.116085667,11,16,1000
"11_16_est_GP_param.csv","mu[2]",0.380488736,11,16,1000
"11_16_est_GP_param.csv","mu[3]",-0.22659249,11,16,1000
"11_16_est_GP_param.csv","mu[4]",-3.351797141,11,16,1000
"11_16_est_GP_param.csv","mu[5]",1.538027999,11,16,1000
"11_17_est_GP_param.csv","alpha",3.198085298,11,17,1000
"11_17_est_GP_param.csv","rho",2.702804257,11,17,1000
"11_17_est_GP_param.csv","sigma",2.925025792,11,17,1000
"11_17_est_GP_param.csv","mu[1]",-0.608606645,11,17,1000
"11_17_est_GP_param.csv","mu[2]",-0.303433148,11,17,1000
"11_17_est_GP_param.csv","mu[3]",-3.299400181,11,17,1000
"11_17_est_GP_param.csv","mu[4]",3.641173061,11,17,1000
"11_17_est_GP_param.csv","mu[5]",-1.175339823,11,17,1000
"11_18_est_GP_param.csv","alpha",2.151291384,11,18,1000
"11_18_est_GP_param.csv","rho",1.546257235,11,18,1000
"11_18_est_GP_param.csv","sigma",2.972239127,11,18,1000
"11_18_est_GP_param.csv","mu[1]",1.525024877,11,18,1000
"11_18_est_GP_param.csv","mu[2]",-1.134745626,11,18,1000
"11_18_est_GP_param.csv","mu[3]",0.34397279,11,18,1000
"11_18_est_GP_param.csv","mu[4]",0.689965879,11,18,1000
"11_18_est_GP_param.csv","mu[5]",0.495363215,11,18,1000
"11_19_est_GP_param.csv","alpha",3.636494329,11,19,1000
"11_19_est_GP_param.csv","rho",2.524649297,11,19,1000
"11_19_est_GP_param.csv","sigma",2.999302594,11,19,1000
"11_19_est_GP_param.csv","mu[1]",-1.998849421,11,19,1000
"11_19_est_GP_param.csv","mu[2]",-2.813507427,11,19,1000
"11_19_est_GP_param.csv","mu[3]",1.407013657,11,19,1000
"11_19_est_GP_param.csv","mu[4]",-1.223860822,11,19,1000
"11_19_est_GP_param.csv","mu[5]",5.248522006,11,19,1000
"11_2_est_GP_param.csv","alpha",3.33314474,11,2,1000
"11_2_est_GP_param.csv","rho",2.887517369,11,2,1000
"11_2_est_GP_param.csv","sigma",2.984746063,11,2,1000
"11_2_est_GP_param.csv","mu[1]",4.508379863,11,2,1000
"11_2_est_GP_param.csv","mu[2]",0.648554265,11,2,1000
"11_2_est_GP_param.csv","mu[3]",0.753068528,11,2,1000
"11_2_est_GP_param.csv","mu[4]",-1.559423976,11,2,1000
"11_2_est_GP_param.csv","mu[5]",-3.142184186,11,2,1000
"11_20_est_GP_param.csv","alpha",2.910558194,11,20,1000
"11_20_est_GP_param.csv","rho",2.011045856,11,20,1000
"11_20_est_GP_param.csv","sigma",2.861376942,11,20,1000
"11_20_est_GP_param.csv","mu[1]",-2.424394641,11,20,1000
"11_20_est_GP_param.csv","mu[2]",-2.775980903,11,20,1000
"11_20_est_GP_param.csv","mu[3]",-2.307242253,11,20,1000
"11_20_est_GP_param.csv","mu[4]",-1.488528099,11,20,1000
"11_20_est_GP_param.csv","mu[5]",-1.209538473,11,20,1000
"11_3_est_GP_param.csv","alpha",2.366866236,11,3,1000
"11_3_est_GP_param.csv","rho",2.188758423,11,3,1000
"11_3_est_GP_param.csv","sigma",2.948105468,11,3,1000
"11_3_est_GP_param.csv","mu[1]",0.196760595,11,3,1000
"11_3_est_GP_param.csv","mu[2]",1.576594556,11,3,1000
"11_3_est_GP_param.csv","mu[3]",-2.62608245,11,3,1000
"11_3_est_GP_param.csv","mu[4]",0.076741428,11,3,1000
"11_3_est_GP_param.csv","mu[5]",-3.094652974,11,3,1000
"11_4_est_GP_param.csv","alpha",3.227122522,11,4,1000
"11_4_est_GP_param.csv","rho",2.404559319,11,4,1000
"11_4_est_GP_param.csv","sigma",3.053400607,11,4,1000
"11_4_est_GP_param.csv","mu[1]",0.461303243,11,4,1000
"11_4_est_GP_param.csv","mu[2]",-2.832512545,11,4,1000
"11_4_est_GP_param.csv","mu[3]",-1.130586954,11,4,1000
"11_4_est_GP_param.csv","mu[4]",1.857654336,11,4,1000
"11_4_est_GP_param.csv","mu[5]",1.023271311,11,4,1000
"11_5_est_GP_param.csv","alpha",2.843264884,11,5,1000
"11_5_est_GP_param.csv","rho",2.263816483,11,5,1000
"11_5_est_GP_param.csv","sigma",3.021235654,11,5,1000
"11_5_est_GP_param.csv","mu[1]",-0.713362691,11,5,1000
"11_5_est_GP_param.csv","mu[2]",2.322450265,11,5,1000
"11_5_est_GP_param.csv","mu[3]",1.771311371,11,5,1000
"11_5_est_GP_param.csv","mu[4]",-1.118009881,11,5,1000
"11_5_est_GP_param.csv","mu[5]",-0.01736405,11,5,1000
"11_6_est_GP_param.csv","alpha",4.072125868,11,6,1000
"11_6_est_GP_param.csv","rho",2.967282044,11,6,1000
"11_6_est_GP_param.csv","sigma",3.114845361,11,6,1000
"11_6_est_GP_param.csv","mu[1]",3.585811601,11,6,1000
"11_6_est_GP_param.csv","mu[2]",1.905268186,11,6,1000
"11_6_est_GP_param.csv","mu[3]",-3.393750118,11,6,1000
"11_6_est_GP_param.csv","mu[4]",1.195725424,11,6,1000
"11_6_est_GP_param.csv","mu[5]",1.666684797,11,6,1000
"11_7_est_GP_param.csv","alpha",3.123415147,11,7,1000
"11_7_est_GP_param.csv","rho",2.046176236,11,7,1000
"11_7_est_GP_param.csv","sigma",2.991053438,11,7,1000
"11_7_est_GP_param.csv","mu[1]",-1.465000135,11,7,1000
"11_7_est_GP_param.csv","mu[2]",-1.634581472,11,7,1000
"11_7_est_GP_param.csv","mu[3]",-1.518414255,11,7,1000
"11_7_est_GP_param.csv","mu[4]",4.204735093,11,7,1000
"11_7_est_GP_param.csv","mu[5]",3.631192492,11,7,1000
"11_8_est_GP_param.csv","alpha",2.084156591,11,8,1000
"11_8_est_GP_param.csv","rho",2.090149666,11,8,1000
"11_8_est_GP_param.csv","sigma",3.025513314,11,8,1000
"11_8_est_GP_param.csv","mu[1]",3.137720034,11,8,1000
"11_8_est_GP_param.csv","mu[2]",-0.403527314,11,8,1000
"11_8_est_GP_param.csv","mu[3]",-2.272053275,11,8,1000
"11_8_est_GP_param.csv","mu[4]",-1.570329963,11,8,1000
"11_8_est_GP_param.csv","mu[5]",-0.919622947,11,8,1000
"11_9_est_GP_param.csv","alpha",2.973498582,11,9,1000
"11_9_est_GP_param.csv","rho",2.226071338,11,9,1000
"11_9_est_GP_param.csv","sigma",2.927317099,11,9,1000
"11_9_est_GP_param.csv","mu[1]",-1.824714846,11,9,1000
"11_9_est_GP_param.csv","mu[2]",0.036880777,11,9,1000
"11_9_est_GP_param.csv","mu[3]",0.638158445,11,9,1000
"11_9_est_GP_param.csv","mu[4]",-0.780851023,11,9,1000
"11_9_est_GP_param.csv","mu[5]",-1.979781444,11,9,1000
"12_10_est_GP_param.csv","alpha",3.109693537,12,10,1000
"12_10_est_GP_param.csv","rho",2.245135656,12,10,1000
"12_10_est_GP_param.csv","sigma",3.13260883,12,10,1000
"12_10_est_GP_param.csv","mu[1]",1.96908851,12,10,1000
"12_10_est_GP_param.csv","mu[2]",-2.064361077,12,10,1000
"12_10_est_GP_param.csv","mu[3]",-0.862637602,12,10,1000
"12_10_est_GP_param.csv","mu[4]",-1.499878703,12,10,1000
"12_10_est_GP_param.csv","mu[5]",-0.103269761,12,10,1000
"12_11_est_GP_param.csv","alpha",2.97411702,12,11,1000
"12_11_est_GP_param.csv","rho",2.458673179,12,11,1000
"12_11_est_GP_param.csv","sigma",2.887364416,12,11,1000
"12_11_est_GP_param.csv","mu[1]",-0.564524444,12,11,1000
"12_11_est_GP_param.csv","mu[2]",1.645335264,12,11,1000
"12_11_est_GP_param.csv","mu[3]",2.539446727,12,11,1000
"12_11_est_GP_param.csv","mu[4]",3.729606182,12,11,1000
"12_11_est_GP_param.csv","mu[5]",1.637718504,12,11,1000
"12_12_est_GP_param.csv","alpha",3.473440712,12,12,1000
"12_12_est_GP_param.csv","rho",2.51144509,12,12,1000
"12_12_est_GP_param.csv","sigma",2.940776603,12,12,1000
"12_12_est_GP_param.csv","mu[1]",2.003842285,12,12,1000
"12_12_est_GP_param.csv","mu[2]",0.241933039,12,12,1000
"12_12_est_GP_param.csv","mu[3]",-2.602320465,12,12,1000
"12_12_est_GP_param.csv","mu[4]",-2.61602517,12,12,1000
"12_12_est_GP_param.csv","mu[5]",-0.63422557,12,12,1000
"12_13_est_GP_param.csv","alpha",2.808733389,12,13,1000
"12_13_est_GP_param.csv","rho",2.057371285,12,13,1000
"12_13_est_GP_param.csv","sigma",3.052995093,12,13,1000
"12_13_est_GP_param.csv","mu[1]",-0.227044675,12,13,1000
"12_13_est_GP_param.csv","mu[2]",3.535685333,12,13,1000
"12_13_est_GP_param.csv","mu[3]",-0.728217224,12,13,1000
"12_13_est_GP_param.csv","mu[4]",-2.553045399,12,13,1000
"12_13_est_GP_param.csv","mu[5]",2.237127641,12,13,1000
"12_14_est_GP_param.csv","alpha",2.740274868,12,14,1000
"12_14_est_GP_param.csv","rho",2.380130937,12,14,1000
"12_14_est_GP_param.csv","sigma",3.087705753,12,14,1000
"12_14_est_GP_param.csv","mu[1]",6.213688075,12,14,1000
"12_14_est_GP_param.csv","mu[2]",-0.436569571,12,14,1000
"12_14_est_GP_param.csv","mu[3]",-1.429261252,12,14,1000
"12_14_est_GP_param.csv","mu[4]",1.334665861,12,14,1000
"12_14_est_GP_param.csv","mu[5]",-2.737402067,12,14,1000
"12_15_est_GP_param.csv","alpha",3.323208312,12,15,1000
"12_15_est_GP_param.csv","rho",2.773886513,12,15,1000
"12_15_est_GP_param.csv","sigma",2.936313476,12,15,1000
"12_15_est_GP_param.csv","mu[1]",1.042637632,12,15,1000
"12_15_est_GP_param.csv","mu[2]",3.45433062,12,15,1000
"12_15_est_GP_param.csv","mu[3]",-3.108002362,12,15,1000
"12_15_est_GP_param.csv","mu[4]",1.433936854,12,15,1000
"12_15_est_GP_param.csv","mu[5]",-1.532780545,12,15,1000
"12_16_est_GP_param.csv","alpha",3.74366275,12,16,1000
"12_16_est_GP_param.csv","rho",2.60608795,12,16,1000
"12_16_est_GP_param.csv","sigma",3.055864786,12,16,1000
"12_16_est_GP_param.csv","mu[1]",-2.609652991,12,16,1000
"12_16_est_GP_param.csv","mu[2]",5.3983795,12,16,1000
"12_16_est_GP_param.csv","mu[3]",0.477322333,12,16,1000
"12_16_est_GP_param.csv","mu[4]",6.230405476,12,16,1000
"12_16_est_GP_param.csv","mu[5]",-0.286460251,12,16,1000
"12_17_est_GP_param.csv","alpha",2.564591801,12,17,1000
"12_17_est_GP_param.csv","rho",2.126742817,12,17,1000
"12_17_est_GP_param.csv","sigma",3.037620298,12,17,1000
"12_17_est_GP_param.csv","mu[1]",-0.02336148,12,17,1000
"12_17_est_GP_param.csv","mu[2]",-2.011002505,12,17,1000
"12_17_est_GP_param.csv","mu[3]",-2.74950756,12,17,1000
"12_17_est_GP_param.csv","mu[4]",0.814188584,12,17,1000
"12_17_est_GP_param.csv","mu[5]",-1.465744498,12,17,1000
"12_18_est_GP_param.csv","alpha",3.31858709,12,18,1000
"12_18_est_GP_param.csv","rho",2.410874059,12,18,1000
"12_18_est_GP_param.csv","sigma",2.941075649,12,18,1000
"12_18_est_GP_param.csv","mu[1]",-1.790146649,12,18,1000
"12_18_est_GP_param.csv","mu[2]",0.246530368,12,18,1000
"12_18_est_GP_param.csv","mu[3]",-2.87279005,12,18,1000
"12_18_est_GP_param.csv","mu[4]",4.247156514,12,18,1000
"12_18_est_GP_param.csv","mu[5]",2.383069166,12,18,1000
"12_19_est_GP_param.csv","alpha",3.021948531,12,19,1000
"12_19_est_GP_param.csv","rho",2.650931642,12,19,1000
"12_19_est_GP_param.csv","sigma",2.988318079,12,19,1000
"12_19_est_GP_param.csv","mu[1]",0.490828958,12,19,1000
"12_19_est_GP_param.csv","mu[2]",-2.279339587,12,19,1000
"12_19_est_GP_param.csv","mu[3]",-0.702047863,12,19,1000
"12_19_est_GP_param.csv","mu[4]",-2.480304033,12,19,1000
"12_19_est_GP_param.csv","mu[5]",0.523557568,12,19,1000
"12_2_est_GP_param.csv","alpha",2.749464314,12,2,1000
"12_2_est_GP_param.csv","rho",2.077717037,12,2,1000
"12_2_est_GP_param.csv","sigma",3.030321727,12,2,1000
"12_2_est_GP_param.csv","mu[1]",-2.25522488,12,2,1000
"12_2_est_GP_param.csv","mu[2]",-0.616856137,12,2,1000
"12_2_est_GP_param.csv","mu[3]",-0.354232642,12,2,1000
"12_2_est_GP_param.csv","mu[4]",2.783237911,12,2,1000
"12_2_est_GP_param.csv","mu[5]",-0.702820163,12,2,1000
"12_20_est_GP_param.csv","alpha",2.956575699,12,20,1000
"12_20_est_GP_param.csv","rho",2.496439801,12,20,1000
"12_20_est_GP_param.csv","sigma",2.958594049,12,20,1000
"12_20_est_GP_param.csv","mu[1]",0.611008924,12,20,1000
"12_20_est_GP_param.csv","mu[2]",1.634038829,12,20,1000
"12_20_est_GP_param.csv","mu[3]",-0.024959132,12,20,1000
"12_20_est_GP_param.csv","mu[4]",4.18767666,12,20,1000
"12_20_est_GP_param.csv","mu[5]",1.299997223,12,20,1000
"12_3_est_GP_param.csv","alpha",1.99758825,12,3,1000
"12_3_est_GP_param.csv","rho",1.47030211,12,3,1000
"12_3_est_GP_param.csv","sigma",2.909446727,12,3,1000
"12_3_est_GP_param.csv","mu[1]",-0.662541934,12,3,1000
"12_3_est_GP_param.csv","mu[2]",0.803620942,12,3,1000
"12_3_est_GP_param.csv","mu[3]",-1.688205394,12,3,1000
"12_3_est_GP_param.csv","mu[4]",1.657945723,12,3,1000
"12_3_est_GP_param.csv","mu[5]",0.475711425,12,3,1000
"12_4_est_GP_param.csv","alpha",2.652678214,12,4,1000
"12_4_est_GP_param.csv","rho",2.260751765,12,4,1000
"12_4_est_GP_param.csv","sigma",2.842704957,12,4,1000
"12_4_est_GP_param.csv","mu[1]",6.293367782,12,4,1000
"12_4_est_GP_param.csv","mu[2]",0.202180405,12,4,1000
"12_4_est_GP_param.csv","mu[3]",0.931139326,12,4,1000
"12_4_est_GP_param.csv","mu[4]",-1.248191058,12,4,1000
"12_4_est_GP_param.csv","mu[5]",-2.23771339,12,4,1000
"12_5_est_GP_param.csv","alpha",3.561361384,12,5,1000
"12_5_est_GP_param.csv","rho",2.460696201,12,5,1000
"12_5_est_GP_param.csv","sigma",2.969443424,12,5,1000
"12_5_est_GP_param.csv","mu[1]",-0.596367967,12,5,1000
"12_5_est_GP_param.csv","mu[2]",-0.889853678,12,5,1000
"12_5_est_GP_param.csv","mu[3]",2.478625987,12,5,1000
"12_5_est_GP_param.csv","mu[4]",-3.177153273,12,5,1000
"12_5_est_GP_param.csv","mu[5]",1.955321268,12,5,1000
"12_6_est_GP_param.csv","alpha",2.396769093,12,6,1000
"12_6_est_GP_param.csv","rho",2.242779953,12,6,1000
"12_6_est_GP_param.csv","sigma",3.041249005,12,6,1000
"12_6_est_GP_param.csv","mu[1]",1.213157485,12,6,1000
"12_6_est_GP_param.csv","mu[2]",-1.31928501,12,6,1000
"12_6_est_GP_param.csv","mu[3]",3.140547962,12,6,1000
"12_6_est_GP_param.csv","mu[4]",-0.147221218,12,6,1000
"12_6_est_GP_param.csv","mu[5]",-1.737149774,12,6,1000
"12_7_est_GP_param.csv","alpha",2.450531093,12,7,1000
"12_7_est_GP_param.csv","rho",2.489483977,12,7,1000
"12_7_est_GP_param.csv","sigma",2.999567771,12,7,1000
"12_7_est_GP_param.csv","mu[1]",3.507943142,12,7,1000
"12_7_est_GP_param.csv","mu[2]",-2.975068904,12,7,1000
"12_7_est_GP_param.csv","mu[3]",-0.115566138,12,7,1000
"12_7_est_GP_param.csv","mu[4]",2.011657636,12,7,1000
"12_7_est_GP_param.csv","mu[5]",-0.740378243,12,7,1000
"12_8_est_GP_param.csv","alpha",2.762737765,12,8,1000
"12_8_est_GP_param.csv","rho",2.280569809,12,8,1000
"12_8_est_GP_param.csv","sigma",3.044746386,12,8,1000
"12_8_est_GP_param.csv","mu[1]",-0.571293075,12,8,1000
"12_8_est_GP_param.csv","mu[2]",0.414814956,12,8,1000
"12_8_est_GP_param.csv","mu[3]",1.529640617,12,8,1000
"12_8_est_GP_param.csv","mu[4]",3.731061879,12,8,1000
"12_8_est_GP_param.csv","mu[5]",1.452723922,12,8,1000
"12_9_est_GP_param.csv","alpha",2.931140377,12,9,1000
"12_9_est_GP_param.csv","rho",2.447358165,12,9,1000
"12_9_est_GP_param.csv","sigma",2.98382326,12,9,1000
"12_9_est_GP_param.csv","mu[1]",0.40734306,12,9,1000
"12_9_est_GP_param.csv","mu[2]",2.670981441,12,9,1000
"12_9_est_GP_param.csv","mu[3]",1.732244794,12,9,1000
"12_9_est_GP_param.csv","mu[4]",-0.793680743,12,9,1000
"12_9_est_GP_param.csv","mu[5]",-2.646963194,12,9,1000
"2_10_est_GP_param.csv","alpha",2.823258803,2,10,1000
"2_10_est_GP_param.csv","rho",-2.622741699,2,10,1000
"2_10_est_GP_param.csv","sigma",2.437848652,2,10,1000
"2_10_est_GP_param.csv","mu[1]",3.093712651,2,10,1000
"2_10_est_GP_param.csv","mu[2]",9.269761657,2,10,1000
"2_10_est_GP_param.csv","mu[3]",3.805198373,2,10,1000
"2_10_est_GP_param.csv","mu[4]",-3.398731817,2,10,1000
"2_10_est_GP_param.csv","mu[5]",5.127030167,2,10,1000
"2_11_est_GP_param.csv","alpha",2.153305965,2,11,1000
"2_11_est_GP_param.csv","rho",-2.102399718,2,11,1000
"2_11_est_GP_param.csv","sigma",2.935207364,2,11,1000
"2_11_est_GP_param.csv","mu[1]",-1.948770391,2,11,1000
"2_11_est_GP_param.csv","mu[2]",-0.221925517,2,11,1000
"2_11_est_GP_param.csv","mu[3]",-2.012795617,2,11,1000
"2_11_est_GP_param.csv","mu[4]",-0.501311248,2,11,1000
"2_11_est_GP_param.csv","mu[5]",3.108726639,2,11,1000
"2_12_est_GP_param.csv","alpha",2.625185867,2,12,1000
"2_12_est_GP_param.csv","rho",1.530275203,2,12,1000
"2_12_est_GP_param.csv","sigma",3.500485442,2,12,1000
"2_12_est_GP_param.csv","mu[1]",2.732107682,2,12,1000
"2_12_est_GP_param.csv","mu[2]",-1.00893954,2,12,1000
"2_12_est_GP_param.csv","mu[3]",-3.419796028,2,12,1000
"2_12_est_GP_param.csv","mu[4]",2.486058249,2,12,1000
"2_12_est_GP_param.csv","mu[5]",-1.094957547,2,12,1000
"2_13_est_GP_param.csv","alpha",2.1927745,2,13,1000
"2_13_est_GP_param.csv","rho",-2.377015155,2,13,1000
"2_13_est_GP_param.csv","sigma",2.886099738,2,13,1000
"2_13_est_GP_param.csv","mu[1]",4.684638738,2,13,1000
"2_13_est_GP_param.csv","mu[2]",-4.366248088,2,13,1000
"2_13_est_GP_param.csv","mu[3]",-2.706095118,2,13,1000
"2_13_est_GP_param.csv","mu[4]",-1.221571321,2,13,1000
"2_13_est_GP_param.csv","mu[5]",0.346334515,2,13,1000
"2_14_est_GP_param.csv","alpha",2.335646889,2,14,1000
"2_14_est_GP_param.csv","rho",-2.428589734,2,14,1000
"2_14_est_GP_param.csv","sigma",2.589094521,2,14,1000
"2_14_est_GP_param.csv","mu[1]",-3.042819187,2,14,1000
"2_14_est_GP_param.csv","mu[2]",4.242385797,2,14,1000
"2_14_est_GP_param.csv","mu[3]",0.222727853,2,14,1000
"2_14_est_GP_param.csv","mu[4]",-1.03145876,2,14,1000
"2_14_est_GP_param.csv","mu[5]",-0.114609729,2,14,1000
"2_15_est_GP_param.csv","alpha",2.193765164,2,15,1000
"2_15_est_GP_param.csv","rho",-2.31424925,2,15,1000
"2_15_est_GP_param.csv","sigma",2.766842591,2,15,1000
"2_15_est_GP_param.csv","mu[1]",6.202612455,2,15,1000
"2_15_est_GP_param.csv","mu[2]",-2.865644274,2,15,1000
"2_15_est_GP_param.csv","mu[3]",2.944109141,2,15,1000
"2_15_est_GP_param.csv","mu[4]",-2.983166638,2,15,1000
"2_15_est_GP_param.csv","mu[5]",1.696890503,2,15,1000
"2_16_est_GP_param.csv","alpha",2.068855392,2,16,1000
"2_16_est_GP_param.csv","rho",-2.220460448,2,16,1000
"2_16_est_GP_param.csv","sigma",2.898019661,2,16,1000
"2_16_est_GP_param.csv","mu[1]",1.527521847,2,16,1000
"2_16_est_GP_param.csv","mu[2]",0.967699566,2,16,1000
"2_16_est_GP_param.csv","mu[3]",-1.154958985,2,16,1000
"2_16_est_GP_param.csv","mu[4]",-3.824735355,2,16,1000
"2_16_est_GP_param.csv","mu[5]",2.843123051,2,16,1000
"2_17_est_GP_param.csv","alpha",2.891946492,2,17,1000
"2_17_est_GP_param.csv","rho",2.046569322,2,17,1000
"2_17_est_GP_param.csv","sigma",3.446175063,2,17,1000
"2_17_est_GP_param.csv","mu[1]",-2.93657946,2,17,1000
"2_17_est_GP_param.csv","mu[2]",2.514686047,2,17,1000
"2_17_est_GP_param.csv","mu[3]",-3.128943361,2,17,1000
"2_17_est_GP_param.csv","mu[4]",0.588714095,2,17,1000
"2_17_est_GP_param.csv","mu[5]",0.299551119,2,17,1000
"2_18_est_GP_param.csv","alpha",1.794974394,2,18,1000
"2_18_est_GP_param.csv","rho",-2.128572603,2,18,1000
"2_18_est_GP_param.csv","sigma",3.101021858,2,18,1000
"2_18_est_GP_param.csv","mu[1]",-2.156990628,2,18,1000
"2_18_est_GP_param.csv","mu[2]",0.256575761,2,18,1000
"2_18_est_GP_param.csv","mu[3]",-1.012495067,2,18,1000
"2_18_est_GP_param.csv","mu[4]",2.565792733,2,18,1000
"2_18_est_GP_param.csv","mu[5]",-1.432904229,2,18,1000
"2_19_est_GP_param.csv","alpha",2.462472993,2,19,1000
"2_19_est_GP_param.csv","rho",-0.884110519,2,19,1000
"2_19_est_GP_param.csv","sigma",3.09951779,2,19,1000
"2_19_est_GP_param.csv","mu[1]",0.396274211,2,19,1000
"2_19_est_GP_param.csv","mu[2]",-2.376727268,2,19,1000
"2_19_est_GP_param.csv","mu[3]",1.9193684,2,19,1000
"2_19_est_GP_param.csv","mu[4]",5.918783069,2,19,1000
"2_19_est_GP_param.csv","mu[5]",-4.306057814,2,19,1000
"2_2_est_GP_param.csv","alpha",1.976564499,2,2,1000
"2_2_est_GP_param.csv","rho",-2.066685203,2,2,1000
"2_2_est_GP_param.csv","sigma",3.117526013,2,2,1000
"2_2_est_GP_param.csv","mu[1]",-0.129450943,2,2,1000
"2_2_est_GP_param.csv","mu[2]",1.738416389,2,2,1000
"2_2_est_GP_param.csv","mu[3]",-4.856711349,2,2,1000
"2_2_est_GP_param.csv","mu[4]",-3.680349783,2,2,1000
"2_2_est_GP_param.csv","mu[5]",-1.284782434,2,2,1000
"2_20_est_GP_param.csv","alpha",2.356891508,2,20,1000
"2_20_est_GP_param.csv","rho",-2.438114118,2,20,1000
"2_20_est_GP_param.csv","sigma",2.827355728,2,20,1000
"2_20_est_GP_param.csv","mu[1]",3.180181043,2,20,1000
"2_20_est_GP_param.csv","mu[2]",-0.264050096,2,20,1000
"2_20_est_GP_param.csv","mu[3]",-4.31674365,2,20,1000
"2_20_est_GP_param.csv","mu[4]",-1.806281202,2,20,1000
"2_20_est_GP_param.csv","mu[5]",0.873199611,2,20,1000
"2_3_est_GP_param.csv","alpha",2.42977791,2,3,1000
"2_3_est_GP_param.csv","rho",-2.45826049,2,3,1000
"2_3_est_GP_param.csv","sigma",2.611817429,2,3,1000
"2_3_est_GP_param.csv","mu[1]",-0.893697155,2,3,1000
"2_3_est_GP_param.csv","mu[2]",5.713888941,2,3,1000
"2_3_est_GP_param.csv","mu[3]",4.01639904,2,3,1000
"2_3_est_GP_param.csv","mu[4]",0.659829903,2,3,1000
"2_3_est_GP_param.csv","mu[5]",0.443412698,2,3,1000
"2_4_est_GP_param.csv","alpha",2.011489094,2,4,1000
"2_4_est_GP_param.csv","rho",-2.115274694,2,4,1000
"2_4_est_GP_param.csv","sigma",2.838499073,2,4,1000
"2_4_est_GP_param.csv","mu[1]",-2.441897709,2,4,1000
"2_4_est_GP_param.csv","mu[2]",2.582498376,2,4,1000
"2_4_est_GP_param.csv","mu[3]",1.136619204,2,4,1000
"2_4_est_GP_param.csv","mu[4]",-4.832908397,2,4,1000
"2_4_est_GP_param.csv","mu[5]",-1.185172502,2,4,1000
"2_5_est_GP_param.csv","alpha",2.387603775,2,5,1000
"2_5_est_GP_param.csv","rho",-2.152230641,2,5,1000
"2_5_est_GP_param.csv","sigma",2.803822011,2,5,1000
"2_5_est_GP_param.csv","mu[1]",3.199196023,2,5,1000
"2_5_est_GP_param.csv","mu[2]",-0.160429388,2,5,1000
"2_5_est_GP_param.csv","mu[3]",-0.981006884,2,5,1000
"2_5_est_GP_param.csv","mu[4]",4.223847052,2,5,1000
"2_5_est_GP_param.csv","mu[5]",-0.322145819,2,5,1000
"2_6_est_GP_param.csv","alpha",1.800872079,2,6,1000
"2_6_est_GP_param.csv","rho",-2.10715704,2,6,1000
"2_6_est_GP_param.csv","sigma",2.942830723,2,6,1000
"2_6_est_GP_param.csv","mu[1]",-0.689998638,2,6,1000
"2_6_est_GP_param.csv","mu[2]",-2.891116215,2,6,1000
"2_6_est_GP_param.csv","mu[3]",2.211520281,2,6,1000
"2_6_est_GP_param.csv","mu[4]",-2.029693983,2,6,1000
"2_6_est_GP_param.csv","mu[5]",2.596948976,2,6,1000
"2_7_est_GP_param.csv","alpha",2.25782273,2,7,1000
"2_7_est_GP_param.csv","rho",-2.237280375,2,7,1000
"2_7_est_GP_param.csv","sigma",2.984962955,2,7,1000
"2_7_est_GP_param.csv","mu[1]",1.765965151,2,7,1000
"2_7_est_GP_param.csv","mu[2]",8.155393227,2,7,1000
"2_7_est_GP_param.csv","mu[3]",-0.776300383,2,7,1000
"2_7_est_GP_param.csv","mu[4]",3.222504923,2,7,1000
"2_7_est_GP_param.csv","mu[5]",5.152269688,2,7,1000
"2_8_est_GP_param.csv","alpha",2.406327072,2,8,1000
"2_8_est_GP_param.csv","rho",1.064580517,2,8,1000
"2_8_est_GP_param.csv","sigma",3.399285397,2,8,1000
"2_8_est_GP_param.csv","mu[1]",-1.878237571,2,8,1000
"2_8_est_GP_param.csv","mu[2]",3.009066154,2,8,1000
"2_8_est_GP_param.csv","mu[3]",0.609647231,2,8,1000
"2_8_est_GP_param.csv","mu[4]",0.743270536,2,8,1000
"2_8_est_GP_param.csv","mu[5]",2.231178608,2,8,1000
"2_9_est_GP_param.csv","alpha",2.187383008,2,9,1000
"2_9_est_GP_param.csv","rho",-2.291016107,2,9,1000
"2_9_est_GP_param.csv","sigma",2.773719795,2,9,1000
"2_9_est_GP_param.csv","mu[1]",-2.888472299,2,9,1000
"2_9_est_GP_param.csv","mu[2]",-0.684643996,2,9,1000
"2_9_est_GP_param.csv","mu[3]",-0.616114621,2,9,1000
"2_9_est_GP_param.csv","mu[4]",-3.421877946,2,9,1000
"2_9_est_GP_param.csv","mu[5]",1.111297295,2,9,1000
"3_10_est_GP_param.csv","alpha",2.329368692,3,10,1000
"3_10_est_GP_param.csv","rho",-1.203665159,3,10,1000
"3_10_est_GP_param.csv","sigma",3.107365063,3,10,1000
"3_10_est_GP_param.csv","mu[1]",-2.006375811,3,10,1000
"3_10_est_GP_param.csv","mu[2]",2.003767778,3,10,1000
"3_10_est_GP_param.csv","mu[3]",2.480577964,3,10,1000
"3_10_est_GP_param.csv","mu[4]",-0.99433253,3,10,1000
"3_10_est_GP_param.csv","mu[5]",2.54382334,3,10,1000
"3_11_est_GP_param.csv","alpha",2.162579563,3,11,1000
"3_11_est_GP_param.csv","rho",-1.242894612,3,11,1000
"3_11_est_GP_param.csv","sigma",3.032779613,3,11,1000
"3_11_est_GP_param.csv","mu[1]",-0.186667594,3,11,1000
"3_11_est_GP_param.csv","mu[2]",-2.053511287,3,11,1000
"3_11_est_GP_param.csv","mu[3]",-4.736277711,3,11,1000
"3_11_est_GP_param.csv","mu[4]",1.779342652,3,11,1000
"3_11_est_GP_param.csv","mu[5]",-3.296605022,3,11,1000
"3_12_est_GP_param.csv","alpha",1.976226117,3,12,1000
"3_12_est_GP_param.csv","rho",-1.514583555,3,12,1000
"3_12_est_GP_param.csv","sigma",2.93556882,3,12,1000
"3_12_est_GP_param.csv","mu[1]",4.946393485,3,12,1000
"3_12_est_GP_param.csv","mu[2]",1.102308822,3,12,1000
"3_12_est_GP_param.csv","mu[3]",1.00039722,3,12,1000
"3_12_est_GP_param.csv","mu[4]",3.688744696,3,12,1000
"3_12_est_GP_param.csv","mu[5]",-1.501518934,3,12,1000
"3_13_est_GP_param.csv","alpha",2.228386703,3,13,1000
"3_13_est_GP_param.csv","rho",-1.162677159,3,13,1000
"3_13_est_GP_param.csv","sigma",2.929020741,3,13,1000
"3_13_est_GP_param.csv","mu[1]",-2.650216952,3,13,1000
"3_13_est_GP_param.csv","mu[2]",-2.886826241,3,13,1000
"3_13_est_GP_param.csv","mu[3]",-0.162590813,3,13,1000
"3_13_est_GP_param.csv","mu[4]",1.834260267,3,13,1000
"3_13_est_GP_param.csv","mu[5]",-0.818740099,3,13,1000
"3_14_est_GP_param.csv","alpha",1.957007844,3,14,1000
"3_14_est_GP_param.csv","rho",-1.529971787,3,14,1000
"3_14_est_GP_param.csv","sigma",3.042481824,3,14,1000
"3_14_est_GP_param.csv","mu[1]",-4.083392268,3,14,1000
"3_14_est_GP_param.csv","mu[2]",-0.892320753,3,14,1000
"3_14_est_GP_param.csv","mu[3]",1.099871562,3,14,1000
"3_14_est_GP_param.csv","mu[4]",-3.01710517,3,14,1000
"3_14_est_GP_param.csv","mu[5]",4.657850109,3,14,1000
"3_15_est_GP_param.csv","alpha",2.174153227,3,15,1000
"3_15_est_GP_param.csv","rho",-1.73463055,3,15,1000
"3_15_est_GP_param.csv","sigma",2.881859259,3,15,1000
"3_15_est_GP_param.csv","mu[1]",0.033496792,3,15,1000
"3_15_est_GP_param.csv","mu[2]",4.748147976,3,15,1000
"3_15_est_GP_param.csv","mu[3]",-1.703130993,3,15,1000
"3_15_est_GP_param.csv","mu[4]",0.327100936,3,15,1000
"3_15_est_GP_param.csv","mu[5]",5.452337575,3,15,1000
"3_16_est_GP_param.csv","alpha",2.290252045,3,16,1000
"3_16_est_GP_param.csv","rho",-1.291569237,3,16,1000
"3_16_est_GP_param.csv","sigma",3.100764796,3,16,1000
"3_16_est_GP_param.csv","mu[1]",0.203839305,3,16,1000
"3_16_est_GP_param.csv","mu[2]",2.604173667,3,16,1000
"3_16_est_GP_param.csv","mu[3]",0.689904249,3,16,1000
"3_16_est_GP_param.csv","mu[4]",-0.628493941,3,16,1000
"3_16_est_GP_param.csv","mu[5]",-3.027283441,3,16,1000
"3_17_est_GP_param.csv","alpha",2.270237057,3,17,1000
"3_17_est_GP_param.csv","rho",-1.243149542,3,17,1000
"3_17_est_GP_param.csv","sigma",2.939532735,3,17,1000
"3_17_est_GP_param.csv","mu[1]",-0.811994222,3,17,1000
"3_17_est_GP_param.csv","mu[2]",3.933107993,3,17,1000
"3_17_est_GP_param.csv","mu[3]",-2.312479562,3,17,1000
"3_17_est_GP_param.csv","mu[4]",2.259170056,3,17,1000
"3_17_est_GP_param.csv","mu[5]",-0.651778944,3,17,1000
"3_18_est_GP_param.csv","alpha",2.441649064,3,18,1000
"3_18_est_GP_param.csv","rho",-1.583368682,3,18,1000
"3_18_est_GP_param.csv","sigma",2.766631851,3,18,1000
"3_18_est_GP_param.csv","mu[1]",1.365508697,3,18,1000
"3_18_est_GP_param.csv","mu[2]",4.791752597,3,18,1000
"3_18_est_GP_param.csv","mu[3]",2.139700565,3,18,1000
"3_18_est_GP_param.csv","mu[4]",0.93773826,3,18,1000
"3_18_est_GP_param.csv","mu[5]",0.092532104,3,18,1000
"3_19_est_GP_param.csv","alpha",1.972846304,3,19,1000
"3_19_est_GP_param.csv","rho",-1.191810272,3,19,1000
"3_19_est_GP_param.csv","sigma",3.040038003,3,19,1000
"3_19_est_GP_param.csv","mu[1]",-1.262682796,3,19,1000
"3_19_est_GP_param.csv","mu[2]",4.428703912,3,19,1000
"3_19_est_GP_param.csv","mu[3]",0.653096736,3,19,1000
"3_19_est_GP_param.csv","mu[4]",-2.660572763,3,19,1000
"3_19_est_GP_param.csv","mu[5]",-3.485948284,3,19,1000
"3_2_est_GP_param.csv","alpha",1.869670207,3,2,1000
"3_2_est_GP_param.csv","rho",-1.296237897,3,2,1000
"3_2_est_GP_param.csv","sigma",3.137670507,3,2,1000
"3_2_est_GP_param.csv","mu[1]",-0.598332601,3,2,1000
"3_2_est_GP_param.csv","mu[2]",4.939655224,3,2,1000
"3_2_est_GP_param.csv","mu[3]",-2.566155662,3,2,1000
"3_2_est_GP_param.csv","mu[4]",-0.300232567,3,2,1000
"3_2_est_GP_param.csv","mu[5]",2.622231711,3,2,1000
"3_20_est_GP_param.csv","alpha",1.873325479,3,20,1000
"3_20_est_GP_param.csv","rho",-1.349531887,3,20,1000
"3_20_est_GP_param.csv","sigma",2.979177152,3,20,1000
"3_20_est_GP_param.csv","mu[1]",-0.099729749,3,20,1000
"3_20_est_GP_param.csv","mu[2]",-2.080070517,3,20,1000
"3_20_est_GP_param.csv","mu[3]",0.041233067,3,20,1000
"3_20_est_GP_param.csv","mu[4]",6.893788081,3,20,1000
"3_20_est_GP_param.csv","mu[5]",3.980341483,3,20,1000
"3_3_est_GP_param.csv","alpha",1.843463799,3,3,1000
"3_3_est_GP_param.csv","rho",-1.223281421,3,3,1000
"3_3_est_GP_param.csv","sigma",3.058595817,3,3,1000
"3_3_est_GP_param.csv","mu[1]",2.539307531,3,3,1000
"3_3_est_GP_param.csv","mu[2]",-3.764321658,3,3,1000
"3_3_est_GP_param.csv","mu[3]",-1.496287759,3,3,1000
"3_3_est_GP_param.csv","mu[4]",-2.395795413,3,3,1000
"3_3_est_GP_param.csv","mu[5]",-3.487047969,3,3,1000
"3_4_est_GP_param.csv","alpha",2.080840125,3,4,1000
"3_4_est_GP_param.csv","rho",-1.480563468,3,4,1000
"3_4_est_GP_param.csv","sigma",2.805649534,3,4,1000
"3_4_est_GP_param.csv","mu[1]",5.796312145,3,4,1000
"3_4_est_GP_param.csv","mu[2]",0.190873519,3,4,1000
"3_4_est_GP_param.csv","mu[3]",5.054411221,3,4,1000
"3_4_est_GP_param.csv","mu[4]",0.137963702,3,4,1000
"3_4_est_GP_param.csv","mu[5]",-2.448384718,3,4,1000
"3_5_est_GP_param.csv","alpha",2.331937597,3,5,1000
"3_5_est_GP_param.csv","rho",-1.051265785,3,5,1000
"3_5_est_GP_param.csv","sigma",3.078860696,3,5,1000
"3_5_est_GP_param.csv","mu[1]",3.119014328,3,5,1000
"3_5_est_GP_param.csv","mu[2]",-0.148957456,3,5,1000
"3_5_est_GP_param.csv","mu[3]",-4.895673783,3,5,1000
"3_5_est_GP_param.csv","mu[4]",4.859252027,3,5,1000
"3_5_est_GP_param.csv","mu[5]",-4.668090891,3,5,1000
"3_6_est_GP_param.csv","alpha",2.072470964,3,6,1000
"3_6_est_GP_param.csv","rho",-1.48064284,3,6,1000
"3_6_est_GP_param.csv","sigma",2.887141212,3,6,1000
"3_6_est_GP_param.csv","mu[1]",1.674068486,3,6,1000
"3_6_est_GP_param.csv","mu[2]",-3.142032819,3,6,1000
"3_6_est_GP_param.csv","mu[3]",2.682840972,3,6,1000
"3_6_est_GP_param.csv","mu[4]",3.456835192,3,6,1000
"3_6_est_GP_param.csv","mu[5]",-2.256869179,3,6,1000
"3_7_est_GP_param.csv","alpha",1.899854732,3,7,1000
"3_7_est_GP_param.csv","rho",-1.405680647,3,7,1000
"3_7_est_GP_param.csv","sigma",3.082787257,3,7,1000
"3_7_est_GP_param.csv","mu[1]",3.80887938,3,7,1000
"3_7_est_GP_param.csv","mu[2]",-4.536011963,3,7,1000
"3_7_est_GP_param.csv","mu[3]",4.385599778,3,7,1000
"3_7_est_GP_param.csv","mu[4]",2.693036632,3,7,1000
"3_7_est_GP_param.csv","mu[5]",2.521049189,3,7,1000
"3_8_est_GP_param.csv","alpha",1.94047692,3,8,1000
"3_8_est_GP_param.csv","rho",-1.173795324,3,8,1000
"3_8_est_GP_param.csv","sigma",3.197992545,3,8,1000
"3_8_est_GP_param.csv","mu[1]",1.26082342,3,8,1000
"3_8_est_GP_param.csv","mu[2]",4.778521361,3,8,1000
"3_8_est_GP_param.csv","mu[3]",2.781816061,3,8,1000
"3_8_est_GP_param.csv","mu[4]",1.035063379,3,8,1000
"3_8_est_GP_param.csv","mu[5]",7.091090556,3,8,1000
"3_9_est_GP_param.csv","alpha",2.11751937,3,9,1000
"3_9_est_GP_param.csv","rho",-1.439101299,3,9,1000
"3_9_est_GP_param.csv","sigma",2.985487635,3,9,1000
"3_9_est_GP_param.csv","mu[1]",-2.34966843,3,9,1000
"3_9_est_GP_param.csv","mu[2]",-1.73082993,3,9,1000
"3_9_est_GP_param.csv","mu[3]",-1.664100734,3,9,1000
"3_9_est_GP_param.csv","mu[4]",-2.18414962,3,9,1000
"3_9_est_GP_param.csv","mu[5]",-2.750709927,3,9,1000
"4_10_est_GP_param.csv","alpha",2.159595759,4,10,1000
"4_10_est_GP_param.csv","rho",-0.744215037,4,10,1000
"4_10_est_GP_param.csv","sigma",2.859889986,4,10,1000
"4_10_est_GP_param.csv","mu[1]",3.621544988,4,10,1000
"4_10_est_GP_param.csv","mu[2]",-0.67232617,4,10,1000
"4_10_est_GP_param.csv","mu[3]",0.808928297,4,10,1000
"4_10_est_GP_param.csv","mu[4]",1.350645604,4,10,1000
"4_10_est_GP_param.csv","mu[5]",2.376187733,4,10,1000
"4_11_est_GP_param.csv","alpha",2.371195295,4,11,1000
"4_11_est_GP_param.csv","rho",-0.802413649,4,11,1000
"4_11_est_GP_param.csv","sigma",2.861603512,4,11,1000
"4_11_est_GP_param.csv","mu[1]",1.838321668,4,11,1000
"4_11_est_GP_param.csv","mu[2]",0.267679703,4,11,1000
"4_11_est_GP_param.csv","mu[3]",-3.194983637,4,11,1000
"4_11_est_GP_param.csv","mu[4]",1.391376199,4,11,1000
"4_11_est_GP_param.csv","mu[5]",3.041257658,4,11,1000
"4_12_est_GP_param.csv","alpha",2.04024589,4,12,1000
"4_12_est_GP_param.csv","rho",-0.513113288,4,12,1000
"4_12_est_GP_param.csv","sigma",3.101781776,4,12,1000
"4_12_est_GP_param.csv","mu[1]",-0.543952116,4,12,1000
"4_12_est_GP_param.csv","mu[2]",2.494551502,4,12,1000
"4_12_est_GP_param.csv","mu[3]",0.303584693,4,12,1000
"4_12_est_GP_param.csv","mu[4]",0.45124775,4,12,1000
"4_12_est_GP_param.csv","mu[5]",-0.226427527,4,12,1000
"4_13_est_GP_param.csv","alpha",1.984101355,4,13,1000
"4_13_est_GP_param.csv","rho",-0.925839218,4,13,1000
"4_13_est_GP_param.csv","sigma",2.99214271,4,13,1000
"4_13_est_GP_param.csv","mu[1]",-1.754672806,4,13,1000
"4_13_est_GP_param.csv","mu[2]",3.346397844,4,13,1000
"4_13_est_GP_param.csv","mu[3]",0.387013429,4,13,1000
"4_13_est_GP_param.csv","mu[4]",-3.053190574,4,13,1000
"4_13_est_GP_param.csv","mu[5]",4.228609969,4,13,1000
"4_14_est_GP_param.csv","alpha",2.146366567,4,14,1000
"4_14_est_GP_param.csv","rho",-0.826718019,4,14,1000
"4_14_est_GP_param.csv","sigma",3.103566933,4,14,1000
"4_14_est_GP_param.csv","mu[1]",-1.820726689,4,14,1000
"4_14_est_GP_param.csv","mu[2]",-0.973757276,4,14,1000
"4_14_est_GP_param.csv","mu[3]",3.189019801,4,14,1000
"4_14_est_GP_param.csv","mu[4]",-1.377777233,4,14,1000
"4_14_est_GP_param.csv","mu[5]",3.541001487,4,14,1000
"4_15_est_GP_param.csv","alpha",3.776106881,4,15,1000
"4_15_est_GP_param.csv","rho",0.448158271,4,15,1000
"4_15_est_GP_param.csv","sigma",3.226859523,4,15,1000
"4_15_est_GP_param.csv","mu[1]",-4.287779563,4,15,1000
"4_15_est_GP_param.csv","mu[2]",2.266559889,4,15,1000
"4_15_est_GP_param.csv","mu[3]",-2.46986949,4,15,1000
"4_15_est_GP_param.csv","mu[4]",2.402438388,4,15,1000
"4_15_est_GP_param.csv","mu[5]",1.453649378,4,15,1000
"4_16_est_GP_param.csv","alpha",1.884706806,4,16,1000
"4_16_est_GP_param.csv","rho",-0.527275982,4,16,1000
"4_16_est_GP_param.csv","sigma",3.082515269,4,16,1000
"4_16_est_GP_param.csv","mu[1]",2.10136305,4,16,1000
"4_16_est_GP_param.csv","mu[2]",0.143731306,4,16,1000
"4_16_est_GP_param.csv","mu[3]",2.318890813,4,16,1000
"4_16_est_GP_param.csv","mu[4]",0.101319462,4,16,1000
"4_16_est_GP_param.csv","mu[5]",-0.092665909,4,16,1000
"4_17_est_GP_param.csv","alpha",1.963915897,4,17,1000
"4_17_est_GP_param.csv","rho",-0.733257,4,17,1000
"4_17_est_GP_param.csv","sigma",3.068221728,4,17,1000
"4_17_est_GP_param.csv","mu[1]",-3.046461326,4,17,1000
"4_17_est_GP_param.csv","mu[2]",-2.218614741,4,17,1000
"4_17_est_GP_param.csv","mu[3]",-0.664982683,4,17,1000
"4_17_est_GP_param.csv","mu[4]",0.678913827,4,17,1000
"4_17_est_GP_param.csv","mu[5]",-1.74366317,4,17,1000
"4_18_est_GP_param.csv","alpha",1.963124811,4,18,1000
"4_18_est_GP_param.csv","rho",-0.77467751,4,18,1000
"4_18_est_GP_param.csv","sigma",2.914444479,4,18,1000
"4_18_est_GP_param.csv","mu[1]",-0.224013347,4,18,1000
"4_18_est_GP_param.csv","mu[2]",0.016594583,4,18,1000
"4_18_est_GP_param.csv","mu[3]",2.491030055,4,18,1000
"4_18_est_GP_param.csv","mu[4]",-2.32710431,4,18,1000
"4_18_est_GP_param.csv","mu[5]",0.897213265,4,18,1000
"4_19_est_GP_param.csv","alpha",1.964494636,4,19,1000
"4_19_est_GP_param.csv","rho",-0.752856127,4,19,1000
"4_19_est_GP_param.csv","sigma",2.98770271,4,19,1000
"4_19_est_GP_param.csv","mu[1]",-3.294992849,4,19,1000
"4_19_est_GP_param.csv","mu[2]",1.297943316,4,19,1000
"4_19_est_GP_param.csv","mu[3]",1.086862408,4,19,1000
"4_19_est_GP_param.csv","mu[4]",-0.971579678,4,19,1000
"4_19_est_GP_param.csv","mu[5]",-2.774427135,4,19,1000
"4_2_est_GP_param.csv","alpha",2.180190957,4,2,1000
"4_2_est_GP_param.csv","rho",-0.606461823,4,2,1000
"4_2_est_GP_param.csv","sigma",2.926315681,4,2,1000
"4_2_est_GP_param.csv","mu[1]",2.562591089,4,2,1000
"4_2_est_GP_param.csv","mu[2]",-3.357540341,4,2,1000
"4_2_est_GP_param.csv","mu[3]",-3.992013571,4,2,1000
"4_2_est_GP_param.csv","mu[4]",-0.016367915,4,2,1000
"4_2_est_GP_param.csv","mu[5]",-0.558136603,4,2,1000
"4_20_est_GP_param.csv","alpha",2.101866387,4,20,1000
"4_20_est_GP_param.csv","rho",-0.627995051,4,20,1000
"4_20_est_GP_param.csv","sigma",2.979794513,4,20,1000
"4_20_est_GP_param.csv","mu[1]",0.20402225,4,20,1000
"4_20_est_GP_param.csv","mu[2]",-0.349055019,4,20,1000
"4_20_est_GP_param.csv","mu[3]",-0.446030106,4,20,1000
"4_20_est_GP_param.csv","mu[4]",1.412793454,4,20,1000
"4_20_est_GP_param.csv","mu[5]",-2.618653459,4,20,1000
"4_3_est_GP_param.csv","alpha",2.111519609,4,3,1000
"4_3_est_GP_param.csv","rho",-0.490046053,4,3,1000
"4_3_est_GP_param.csv","sigma",3.090802486,4,3,1000
"4_3_est_GP_param.csv","mu[1]",-4.469635439,4,3,1000
"4_3_est_GP_param.csv","mu[2]",-0.913887411,4,3,1000
"4_3_est_GP_param.csv","mu[3]",-3.954453132,4,3,1000
"4_3_est_GP_param.csv","mu[4]",2.779216662,4,3,1000
"4_3_est_GP_param.csv","mu[5]",-4.265198055,4,3,1000
"4_4_est_GP_param.csv","alpha",2.507595561,4,4,1000
"4_4_est_GP_param.csv","rho",-0.692082561,4,4,1000
"4_4_est_GP_param.csv","sigma",2.967562197,4,4,1000
"4_4_est_GP_param.csv","mu[1]",-0.643229068,4,4,1000
"4_4_est_GP_param.csv","mu[2]",3.373898105,4,4,1000
"4_4_est_GP_param.csv","mu[3]",-0.182100317,4,4,1000
"4_4_est_GP_param.csv","mu[4]",-4.757329115,4,4,1000
"4_4_est_GP_param.csv","mu[5]",-3.19727808,4,4,1000
"4_5_est_GP_param.csv","alpha",2.188719253,4,5,1000
"4_5_est_GP_param.csv","rho",-0.557466398,4,5,1000
"4_5_est_GP_param.csv","sigma",3.040690821,4,5,1000
"4_5_est_GP_param.csv","mu[1]",3.380660873,4,5,1000
"4_5_est_GP_param.csv","mu[2]",2.438662252,4,5,1000
"4_5_est_GP_param.csv","mu[3]",-3.185756672,4,5,1000
"4_5_est_GP_param.csv","mu[4]",-1.164564831,4,5,1000
"4_5_est_GP_param.csv","mu[5]",-0.169324949,4,5,1000
"4_6_est_GP_param.csv","alpha",2.056267321,4,6,1000
"4_6_est_GP_param.csv","rho",-0.787634794,4,6,1000
"4_6_est_GP_param.csv","sigma",2.899796713,4,6,1000
"4_6_est_GP_param.csv","mu[1]",0.92519453,4,6,1000
"4_6_est_GP_param.csv","mu[2]",2.275191476,4,6,1000
"4_6_est_GP_param.csv","mu[3]",-3.613827859,4,6,1000
"4_6_est_GP_param.csv","mu[4]",-0.615451261,4,6,1000
"4_6_est_GP_param.csv","mu[5]",-1.221721652,4,6,1000
"4_7_est_GP_param.csv","alpha",1.963492708,4,7,1000
"4_7_est_GP_param.csv","rho",-0.791719896,4,7,1000
"4_7_est_GP_param.csv","sigma",2.997152524,4,7,1000
"4_7_est_GP_param.csv","mu[1]",3.956569666,4,7,1000
"4_7_est_GP_param.csv","mu[2]",-1.52658481,4,7,1000
"4_7_est_GP_param.csv","mu[3]",-2.764893491,4,7,1000
"4_7_est_GP_param.csv","mu[4]",-3.447735803,4,7,1000
"4_7_est_GP_param.csv","mu[5]",-0.948912771,4,7,1000
"4_8_est_GP_param.csv","alpha",2.552088071,4,8,1000
"4_8_est_GP_param.csv","rho",-0.5774124,4,8,1000
"4_8_est_GP_param.csv","sigma",2.918336924,4,8,1000
"4_8_est_GP_param.csv","mu[1]",1.167277906,4,8,1000
"4_8_est_GP_param.csv","mu[2]",2.870863944,4,8,1000
"4_8_est_GP_param.csv","mu[3]",9.228466368,4,8,1000
"4_8_est_GP_param.csv","mu[4]",2.985183435,4,8,1000
"4_8_est_GP_param.csv","mu[5]",-1.990275816,4,8,1000
"4_9_est_GP_param.csv","alpha",2.392864735,4,9,1000
"4_9_est_GP_param.csv","rho",-0.346265583,4,9,1000
"4_9_est_GP_param.csv","sigma",3.079198272,4,9,1000
"4_9_est_GP_param.csv","mu[1]",4.171577084,4,9,1000
"4_9_est_GP_param.csv","mu[2]",4.519069295,4,9,1000
"4_9_est_GP_param.csv","mu[3]",-2.191766852,4,9,1000
"4_9_est_GP_param.csv","mu[4]",-4.505823208,4,9,1000
"4_9_est_GP_param.csv","mu[5]",-4.529891416,4,9,1000
"5_10_est_GP_param.csv","alpha",2.309893055,5,10,1000
"5_10_est_GP_param.csv","rho",-0.422134092,5,10,1000
"5_10_est_GP_param.csv","sigma",3.024518819,5,10,1000
"5_10_est_GP_param.csv","mu[1]",2.204359261,5,10,1000
"5_10_est_GP_param.csv","mu[2]",0.959946385,5,10,1000
"5_10_est_GP_param.csv","mu[3]",-4.01060914,5,10,1000
"5_10_est_GP_param.csv","mu[4]",0.259301011,5,10,1000
"5_10_est_GP_param.csv","mu[5]",3.022277327,5,10,1000
"5_11_est_GP_param.csv","alpha",2.021034863,5,11,1000
"5_11_est_GP_param.csv","rho",-0.311145376,5,11,1000
"5_11_est_GP_param.csv","sigma",3.026301371,5,11,1000
"5_11_est_GP_param.csv","mu[1]",2.723477979,5,11,1000
"5_11_est_GP_param.csv","mu[2]",-0.606901787,5,11,1000
"5_11_est_GP_param.csv","mu[3]",-0.597241997,5,11,1000
"5_11_est_GP_param.csv","mu[4]",6.429006794,5,11,1000
"5_11_est_GP_param.csv","mu[5]",-0.323870849,5,11,1000
"5_12_est_GP_param.csv","alpha",2.018208641,5,12,1000
"5_12_est_GP_param.csv","rho",-0.324744372,5,12,1000
"5_12_est_GP_param.csv","sigma",3.038300336,5,12,1000
"5_12_est_GP_param.csv","mu[1]",-3.121514806,5,12,1000
"5_12_est_GP_param.csv","mu[2]",0.958661484,5,12,1000
"5_12_est_GP_param.csv","mu[3]",-0.857065859,5,12,1000
"5_12_est_GP_param.csv","mu[4]",1.032277292,5,12,1000
"5_12_est_GP_param.csv","mu[5]",2.400769848,5,12,1000
"5_13_est_GP_param.csv","alpha",1.979775348,5,13,1000
"5_13_est_GP_param.csv","rho",-0.044778106,5,13,1000
"5_13_est_GP_param.csv","sigma",2.976060507,5,13,1000
"5_13_est_GP_param.csv","mu[1]",1.362199486,5,13,1000
"5_13_est_GP_param.csv","mu[2]",-0.861347542,5,13,1000
"5_13_est_GP_param.csv","mu[3]",0.775983848,5,13,1000
"5_13_est_GP_param.csv","mu[4]",1.254391813,5,13,1000
"5_13_est_GP_param.csv","mu[5]",0.248351076,5,13,1000
"5_14_est_GP_param.csv","alpha",2.03567818,5,14,1000
"5_14_est_GP_param.csv","rho",-0.162063514,5,14,1000
"5_14_est_GP_param.csv","sigma",2.96414492,5,14,1000
"5_14_est_GP_param.csv","mu[1]",4.223291978,5,14,1000
"5_14_est_GP_param.csv","mu[2]",-3.159214164,5,14,1000
"5_14_est_GP_param.csv","mu[3]",3.650352173,5,14,1000
"5_14_est_GP_param.csv","mu[4]",0.90799695,5,14,1000
"5_14_est_GP_param.csv","mu[5]",0.603557548,5,14,1000
"5_15_est_GP_param.csv","alpha",2.070191762,5,15,1000
"5_15_est_GP_param.csv","rho",-0.342695331,5,15,1000
"5_15_est_GP_param.csv","sigma",2.979384686,5,15,1000
"5_15_est_GP_param.csv","mu[1]",-2.208723005,5,15,1000
"5_15_est_GP_param.csv","mu[2]",-3.568473397,5,15,1000
"5_15_est_GP_param.csv","mu[3]",-4.455183244,5,15,1000
"5_15_est_GP_param.csv","mu[4]",-3.227256243,5,15,1000
"5_15_est_GP_param.csv","mu[5]",-2.807180831,5,15,1000
"5_16_est_GP_param.csv","alpha",2.200170579,5,16,1000
"5_16_est_GP_param.csv","rho",-0.106221347,5,16,1000
"5_16_est_GP_param.csv","sigma",2.957747896,5,16,1000
"5_16_est_GP_param.csv","mu[1]",0.794822414,5,16,1000
"5_16_est_GP_param.csv","mu[2]",1.830880047,5,16,1000
"5_16_est_GP_param.csv","mu[3]",-4.507324628,5,16,1000
"5_16_est_GP_param.csv","mu[4]",0.361648812,5,16,1000
"5_16_est_GP_param.csv","mu[5]",2.606111358,5,16,1000
"5_17_est_GP_param.csv","alpha",2.038231,5,17,1000
"5_17_est_GP_param.csv","rho",-0.182056435,5,17,1000
"5_17_est_GP_param.csv","sigma",2.970251146,5,17,1000
"5_17_est_GP_param.csv","mu[1]",-1.428031332,5,17,1000
"5_17_est_GP_param.csv","mu[2]",-0.933124989,5,17,1000
"5_17_est_GP_param.csv","mu[3]",2.114438844,5,17,1000
"5_17_est_GP_param.csv","mu[4]",-0.460703369,5,17,1000
"5_17_est_GP_param.csv","mu[5]",-4.391020793,5,17,1000
"5_18_est_GP_param.csv","alpha",2.152842406,5,18,1000
"5_18_est_GP_param.csv","rho",-0.251689808,5,18,1000
"5_18_est_GP_param.csv","sigma",2.941048375,5,18,1000
"5_18_est_GP_param.csv","mu[1]",-1.538539045,5,18,1000
"5_18_est_GP_param.csv","mu[2]",0.596847733,5,18,1000
"5_18_est_GP_param.csv","mu[3]",-0.953300854,5,18,1000
"5_18_est_GP_param.csv","mu[4]",2.719252102,5,18,1000
"5_18_est_GP_param.csv","mu[5]",0.910854301,5,18,1000
"5_19_est_GP_param.csv","alpha",1.61349602,5,19,1000
"5_19_est_GP_param.csv","rho",-0.125413394,5,19,1000
"5_19_est_GP_param.csv","sigma",3.021792068,5,19,1000
"5_19_est_GP_param.csv","mu[1]",1.973764019,5,19,1000
"5_19_est_GP_param.csv","mu[2]",-0.997443398,5,19,1000
"5_19_est_GP_param.csv","mu[3]",-0.283195677,5,19,1000
"5_19_est_GP_param.csv","mu[4]",-0.497283284,5,19,1000
"5_19_est_GP_param.csv","mu[5]",3.022815605,5,19,1000
"5_2_est_GP_param.csv","alpha",1.907705774,5,2,1000
"5_2_est_GP_param.csv","rho",-0.245276117,5,2,1000
"5_2_est_GP_param.csv","sigma",3.07834175,5,2,1000
"5_2_est_GP_param.csv","mu[1]",-0.370646905,5,2,1000
"5_2_est_GP_param.csv","mu[2]",4.869083085,5,2,1000
"5_2_est_GP_param.csv","mu[3]",0.922623093,5,2,1000
"5_2_est_GP_param.csv","mu[4]",4.303470242,5,2,1000
"5_2_est_GP_param.csv","mu[5]",3.120761825,5,2,1000
"5_20_est_GP_param.csv","alpha",2.224215605,5,20,1000
"5_20_est_GP_param.csv","rho",-0.230603614,5,20,1000
"5_20_est_GP_param.csv","sigma",3.037966028,5,20,1000
"5_20_est_GP_param.csv","mu[1]",1.0540692,5,20,1000
"5_20_est_GP_param.csv","mu[2]",0.408996104,5,20,1000
"5_20_est_GP_param.csv","mu[3]",-0.325258113,5,20,1000
"5_20_est_GP_param.csv","mu[4]",3.721857483,5,20,1000
"5_20_est_GP_param.csv","mu[5]",-0.455618838,5,20,1000
"5_3_est_GP_param.csv","alpha",2.133890653,5,3,1000
"5_3_est_GP_param.csv","rho",-0.324178779,5,3,1000
"5_3_est_GP_param.csv","sigma",3.04461767,5,3,1000
"5_3_est_GP_param.csv","mu[1]",-0.151357672,5,3,1000
"5_3_est_GP_param.csv","mu[2]",2.201167732,5,3,1000
"5_3_est_GP_param.csv","mu[3]",1.009651312,5,3,1000
"5_3_est_GP_param.csv","mu[4]",-3.682206045,5,3,1000
"5_3_est_GP_param.csv","mu[5]",3.539636873,5,3,1000
"5_4_est_GP_param.csv","alpha",2.347974881,5,4,1000
"5_4_est_GP_param.csv","rho",-0.270069819,5,4,1000
"5_4_est_GP_param.csv","sigma",2.97306121,5,4,1000
"5_4_est_GP_param.csv","mu[1]",5.874395182,5,4,1000
"5_4_est_GP_param.csv","mu[2]",0.563192537,5,4,1000
"5_4_est_GP_param.csv","mu[3]",-4.207380597,5,4,1000
"5_4_est_GP_param.csv","mu[4]",-3.926032591,5,4,1000
"5_4_est_GP_param.csv","mu[5]",-2.560841945,5,4,1000
"5_5_est_GP_param.csv","alpha",2.292249502,5,5,1000
"5_5_est_GP_param.csv","rho",-0.303715909,5,5,1000
"5_5_est_GP_param.csv","sigma",3.001437444,5,5,1000
"5_5_est_GP_param.csv","mu[1]",-0.108083094,5,5,1000
"5_5_est_GP_param.csv","mu[2]",0.735434471,5,5,1000
"5_5_est_GP_param.csv","mu[3]",2.113404574,5,5,1000
"5_5_est_GP_param.csv","mu[4]",3.545111061,5,5,1000
"5_5_est_GP_param.csv","mu[5]",-0.857892944,5,5,1000
"5_6_est_GP_param.csv","alpha",2.398105542,5,6,1000
"5_6_est_GP_param.csv","rho",-0.132760731,5,6,1000
"5_6_est_GP_param.csv","sigma",3.132919349,5,6,1000
"5_6_est_GP_param.csv","mu[1]",-3.72156804,5,6,1000
"5_6_est_GP_param.csv","mu[2]",2.308099994,5,6,1000
"5_6_est_GP_param.csv","mu[3]",1.776405642,5,6,1000
"5_6_est_GP_param.csv","mu[4]",-0.069203058,5,6,1000
"5_6_est_GP_param.csv","mu[5]",-2.527497258,5,6,1000
"5_7_est_GP_param.csv","alpha",2.511910013,5,7,1000
"5_7_est_GP_param.csv","rho",-0.042954467,5,7,1000
"5_7_est_GP_param.csv","sigma",3.006921685,5,7,1000
"5_7_est_GP_param.csv","mu[1]",-1.380323109,5,7,1000
"5_7_est_GP_param.csv","mu[2]",-1.837357032,5,7,1000
"5_7_est_GP_param.csv","mu[3]",4.274155421,5,7,1000
"5_7_est_GP_param.csv","mu[4]",1.532976165,5,7,1000
"5_7_est_GP_param.csv","mu[5]",2.180705737,5,7,1000
"5_8_est_GP_param.csv","alpha",2.178526148,5,8,1000
"5_8_est_GP_param.csv","rho",-0.333008978,5,8,1000
"5_8_est_GP_param.csv","sigma",3.020306146,5,8,1000
"5_8_est_GP_param.csv","mu[1]",0.390483295,5,8,1000
"5_8_est_GP_param.csv","mu[2]",0.550794015,5,8,1000
"5_8_est_GP_param.csv","mu[3]",-0.343811628,5,8,1000
"5_8_est_GP_param.csv","mu[4]",-2.242985573,5,8,1000
"5_8_est_GP_param.csv","mu[5]",2.360012389,5,8,1000
"5_9_est_GP_param.csv","alpha",2.461978902,5,9,1000
"5_9_est_GP_param.csv","rho",-0.182333059,5,9,1000
"5_9_est_GP_param.csv","sigma",3.017154423,5,9,1000
"5_9_est_GP_param.csv","mu[1]",-0.448604981,5,9,1000
"5_9_est_GP_param.csv","mu[2]",-2.412419307,5,9,1000
"5_9_est_GP_param.csv","mu[3]",3.586306505,5,9,1000
"5_9_est_GP_param.csv","mu[4]",-0.242431864,5,9,1000
"5_9_est_GP_param.csv","mu[5]",-0.137325716,5,9,1000
"6_10_est_GP_param.csv","alpha",2.423914294,6,10,1000
"6_10_est_GP_param.csv","rho",0.015038328,6,10,1000
"6_10_est_GP_param.csv","sigma",2.905653807,6,10,1000
"6_10_est_GP_param.csv","mu[1]",-4.049268426,6,10,1000
"6_10_est_GP_param.csv","mu[2]",0.445404775,6,10,1000
"6_10_est_GP_param.csv","mu[3]",-0.48849782,6,10,1000
"6_10_est_GP_param.csv","mu[4]",-2.253132363,6,10,1000
"6_10_est_GP_param.csv","mu[5]",-1.033814902,6,10,1000
"6_11_est_GP_param.csv","alpha",1.744954015,6,11,1000
"6_11_est_GP_param.csv","rho",-0.27409383,6,11,1000
"6_11_est_GP_param.csv","sigma",2.91040238,6,11,1000
"6_11_est_GP_param.csv","mu[1]",-2.30840961,6,11,1000
"6_11_est_GP_param.csv","mu[2]",0.3101417,6,11,1000
"6_11_est_GP_param.csv","mu[3]",3.265275202,6,11,1000
"6_11_est_GP_param.csv","mu[4]",0.703250349,6,11,1000
"6_11_est_GP_param.csv","mu[5]",2.100067796,6,11,1000
"6_12_est_GP_param.csv","alpha",1.821504169,6,12,1000
"6_12_est_GP_param.csv","rho",-0.095562956,6,12,1000
"6_12_est_GP_param.csv","sigma",3.02137194,6,12,1000
"6_12_est_GP_param.csv","mu[1]",5.9892002,6,12,1000
"6_12_est_GP_param.csv","mu[2]",-0.551851302,6,12,1000
"6_12_est_GP_param.csv","mu[3]",-4.437486242,6,12,1000
"6_12_est_GP_param.csv","mu[4]",3.59187119,6,12,1000
"6_12_est_GP_param.csv","mu[5]",-1.409056198,6,12,1000
"6_13_est_GP_param.csv","alpha",2.691823487,6,13,1000
"6_13_est_GP_param.csv","rho",0.202106815,6,13,1000
"6_13_est_GP_param.csv","sigma",2.909867237,6,13,1000
"6_13_est_GP_param.csv","mu[1]",-0.960179608,6,13,1000
"6_13_est_GP_param.csv","mu[2]",2.558847554,6,13,1000
"6_13_est_GP_param.csv","mu[3]",-1.527763038,6,13,1000
"6_13_est_GP_param.csv","mu[4]",7.520080209,6,13,1000
"6_13_est_GP_param.csv","mu[5]",-2.645289896,6,13,1000
"6_14_est_GP_param.csv","alpha",2.012458161,6,14,1000
"6_14_est_GP_param.csv","rho",-0.274633029,6,14,1000
"6_14_est_GP_param.csv","sigma",2.854478473,6,14,1000
"6_14_est_GP_param.csv","mu[1]",-0.01532563,6,14,1000
"6_14_est_GP_param.csv","mu[2]",0.67109147,6,14,1000
"6_14_est_GP_param.csv","mu[3]",-0.018316004,6,14,1000
"6_14_est_GP_param.csv","mu[4]",-2.453803591,6,14,1000
"6_14_est_GP_param.csv","mu[5]",2.371317064,6,14,1000
"6_15_est_GP_param.csv","alpha",2.048106446,6,15,1000
"6_15_est_GP_param.csv","rho",0.08791665,6,15,1000
"6_15_est_GP_param.csv","sigma",2.999219626,6,15,1000
"6_15_est_GP_param.csv","mu[1]",1.138400642,6,15,1000
"6_15_est_GP_param.csv","mu[2]",1.618610865,6,15,1000
"6_15_est_GP_param.csv","mu[3]",1.094628858,6,15,1000
"6_15_est_GP_param.csv","mu[4]",2.397174956,6,15,1000
"6_15_est_GP_param.csv","mu[5]",-2.0529261,6,15,1000
"6_16_est_GP_param.csv","alpha",2.136879316,6,16,1000
"6_16_est_GP_param.csv","rho",0.17454426,6,16,1000
"6_16_est_GP_param.csv","sigma",3.028472208,6,16,1000
"6_16_est_GP_param.csv","mu[1]",0.658580986,6,16,1000
"6_16_est_GP_param.csv","mu[2]",-0.489269714,6,16,1000
"6_16_est_GP_param.csv","mu[3]",-2.492064579,6,16,1000
"6_16_est_GP_param.csv","mu[4]",0.508284883,6,16,1000
"6_16_est_GP_param.csv","mu[5]",4.145489633,6,16,1000
"6_17_est_GP_param.csv","alpha",1.99125038,6,17,1000
"6_17_est_GP_param.csv","rho",-0.148660829,6,17,1000
"6_17_est_GP_param.csv","sigma",2.838802191,6,17,1000
"6_17_est_GP_param.csv","mu[1]",3.594752203,6,17,1000
"6_17_est_GP_param.csv","mu[2]",1.967252434,6,17,1000
"6_17_est_GP_param.csv","mu[3]",-1.195470417,6,17,1000
"6_17_est_GP_param.csv","mu[4]",1.61658367,6,17,1000
"6_17_est_GP_param.csv","mu[5]",7.53104531,6,17,1000
"6_18_est_GP_param.csv","alpha",2.309611197,6,18,1000
"6_18_est_GP_param.csv","rho",0.010902942,6,18,1000
"6_18_est_GP_param.csv","sigma",3.030245351,6,18,1000
"6_18_est_GP_param.csv","mu[1]",0.002630843,6,18,1000
"6_18_est_GP_param.csv","mu[2]",-1.956454718,6,18,1000
"6_18_est_GP_param.csv","mu[3]",-0.897530845,6,18,1000
"6_18_est_GP_param.csv","mu[4]",-0.341625142,6,18,1000
"6_18_est_GP_param.csv","mu[5]",-3.051005306,6,18,1000
"6_19_est_GP_param.csv","alpha",2.077031833,6,19,1000
"6_19_est_GP_param.csv","rho",-0.051955001,6,19,1000
"6_19_est_GP_param.csv","sigma",3.035552184,6,19,1000
"6_19_est_GP_param.csv","mu[1]",-4.127883188,6,19,1000
"6_19_est_GP_param.csv","mu[2]",0.796855203,6,19,1000
"6_19_est_GP_param.csv","mu[3]",-1.09013474,6,19,1000
"6_19_est_GP_param.csv","mu[4]",2.090139457,6,19,1000
"6_19_est_GP_param.csv","mu[5]",-2.359123565,6,19,1000
"6_2_est_GP_param.csv","alpha",2.099410466,6,2,1000
"6_2_est_GP_param.csv","rho",-0.052599771,6,2,1000
"6_2_est_GP_param.csv","sigma",2.912233952,6,2,1000
"6_2_est_GP_param.csv","mu[1]",-1.147527221,6,2,1000
"6_2_est_GP_param.csv","mu[2]",2.187675775,6,2,1000
"6_2_est_GP_param.csv","mu[3]",-3.765893128,6,2,1000
"6_2_est_GP_param.csv","mu[4]",-3.075836208,6,2,1000
"6_2_est_GP_param.csv","mu[5]",0.886708898,6,2,1000
"6_20_est_GP_param.csv","alpha",2.906863777,6,20,1000
"6_20_est_GP_param.csv","rho",0.286893976,6,20,1000
"6_20_est_GP_param.csv","sigma",2.926534185,6,20,1000
"6_20_est_GP_param.csv","mu[1]",0.377159963,6,20,1000
"6_20_est_GP_param.csv","mu[2]",-1.324056956,6,20,1000
"6_20_est_GP_param.csv","mu[3]",2.75073554,6,20,1000
"6_20_est_GP_param.csv","mu[4]",-2.962817506,6,20,1000
"6_20_est_GP_param.csv","mu[5]",-0.401522711,6,20,1000
"6_3_est_GP_param.csv","alpha",2.269010753,6,3,1000
"6_3_est_GP_param.csv","rho",0.228334657,6,3,1000
"6_3_est_GP_param.csv","sigma",2.864915471,6,3,1000
"6_3_est_GP_param.csv","mu[1]",-3.325059763,6,3,1000
"6_3_est_GP_param.csv","mu[2]",5.119469744,6,3,1000
"6_3_est_GP_param.csv","mu[3]",2.129383154,6,3,1000
"6_3_est_GP_param.csv","mu[4]",5.255976538,6,3,1000
"6_3_est_GP_param.csv","mu[5]",4.450019477,6,3,1000
"6_4_est_GP_param.csv","alpha",2.227072964,6,4,1000
"6_4_est_GP_param.csv","rho",-0.050723345,6,4,1000
"6_4_est_GP_param.csv","sigma",2.895020961,6,4,1000
"6_4_est_GP_param.csv","mu[1]",-2.102824443,6,4,1000
"6_4_est_GP_param.csv","mu[2]",-1.230678413,6,4,1000
"6_4_est_GP_param.csv","mu[3]",-1.536118594,6,4,1000
"6_4_est_GP_param.csv","mu[4]",-3.076435624,6,4,1000
"6_4_est_GP_param.csv","mu[5]",-0.43733713,6,4,1000
"6_5_est_GP_param.csv","alpha",2.162631162,6,5,1000
"6_5_est_GP_param.csv","rho",-0.065515213,6,5,1000
"6_5_est_GP_param.csv","sigma",3.057224107,6,5,1000
"6_5_est_GP_param.csv","mu[1]",1.887639412,6,5,1000
"6_5_est_GP_param.csv","mu[2]",1.356763677,6,5,1000
"6_5_est_GP_param.csv","mu[3]",1.724241975,6,5,1000
"6_5_est_GP_param.csv","mu[4]",0.363602003,6,5,1000
"6_5_est_GP_param.csv","mu[5]",-4.296976022,6,5,1000
"6_6_est_GP_param.csv","alpha",2.278102657,6,6,1000
"6_6_est_GP_param.csv","rho",0.184288882,6,6,1000
"6_6_est_GP_param.csv","sigma",3.131440343,6,6,1000
"6_6_est_GP_param.csv","mu[1]",5.02203937,6,6,1000
"6_6_est_GP_param.csv","mu[2]",-2.718466829,6,6,1000
"6_6_est_GP_param.csv","mu[3]",-3.825027553,6,6,1000
"6_6_est_GP_param.csv","mu[4]",4.296298114,6,6,1000
"6_6_est_GP_param.csv","mu[5]",5.079057086,6,6,1000
"6_7_est_GP_param.csv","alpha",1.814929148,6,7,1000
"6_7_est_GP_param.csv","rho",-0.317455009,6,7,1000
"6_7_est_GP_param.csv","sigma",3.042091622,6,7,1000
"6_7_est_GP_param.csv","mu[1]",-3.83526091,6,7,1000
"6_7_est_GP_param.csv","mu[2]",5.750067106,6,7,1000
"6_7_est_GP_param.csv","mu[3]",-1.524089473,6,7,1000
"6_7_est_GP_param.csv","mu[4]",-2.227589892,6,7,1000
"6_7_est_GP_param.csv","mu[5]",2.287029674,6,7,1000
"6_8_est_GP_param.csv","alpha",2.059822688,6,8,1000
"6_8_est_GP_param.csv","rho",0.118246384,6,8,1000
"6_8_est_GP_param.csv","sigma",3.088426381,6,8,1000
"6_8_est_GP_param.csv","mu[1]",2.595764061,6,8,1000
"6_8_est_GP_param.csv","mu[2]",0.805449414,6,8,1000
"6_8_est_GP_param.csv","mu[3]",-4.216201181,6,8,1000
"6_8_est_GP_param.csv","mu[4]",-1.748622559,6,8,1000
"6_8_est_GP_param.csv","mu[5]",2.136664093,6,8,1000
"6_9_est_GP_param.csv","alpha",2.102706066,6,9,1000
"6_9_est_GP_param.csv","rho",0.118323242,6,9,1000
"6_9_est_GP_param.csv","sigma",3.063619189,6,9,1000
"6_9_est_GP_param.csv","mu[1]",3.763353309,6,9,1000
"6_9_est_GP_param.csv","mu[2]",0.019870247,6,9,1000
"6_9_est_GP_param.csv","mu[3]",-2.090142323,6,9,1000
"6_9_est_GP_param.csv","mu[4]",-4.020243978,6,9,1000
"6_9_est_GP_param.csv","mu[5]",1.901077284,6,9,1000
"7_10_est_GP_param.csv","alpha",2.842652562,7,10,1000
"7_10_est_GP_param.csv","rho",1.233860648,7,10,1000
"7_10_est_GP_param.csv","sigma",3.032727201,7,10,1000
"7_10_est_GP_param.csv","mu[1]",-0.288282631,7,10,1000
"7_10_est_GP_param.csv","mu[2]",2.990371802,7,10,1000
"7_10_est_GP_param.csv","mu[3]",0.299698722,7,10,1000
"7_10_est_GP_param.csv","mu[4]",1.576743165,7,10,1000
"7_10_est_GP_param.csv","mu[5]",3.474748329,7,10,1000
"7_11_est_GP_param.csv","alpha",2.507911142,7,11,1000
"7_11_est_GP_param.csv","rho",0.621752692,7,11,1000
"7_11_est_GP_param.csv","sigma",2.964148387,7,11,1000
"7_11_est_GP_param.csv","mu[1]",0.524821363,7,11,1000
"7_11_est_GP_param.csv","mu[2]",-0.680405705,7,11,1000
"7_11_est_GP_param.csv","mu[3]",3.312315178,7,11,1000
"7_11_est_GP_param.csv","mu[4]",-3.66299781,7,11,1000
"7_11_est_GP_param.csv","mu[5]",2.615431576,7,11,1000
"7_12_est_GP_param.csv","alpha",2.257636656,7,12,1000
"7_12_est_GP_param.csv","rho",0.747145148,7,12,1000
"7_12_est_GP_param.csv","sigma",3.069621153,7,12,1000
"7_12_est_GP_param.csv","mu[1]",-2.653518236,7,12,1000
"7_12_est_GP_param.csv","mu[2]",-3.473665942,7,12,1000
"7_12_est_GP_param.csv","mu[3]",5.812846543,7,12,1000
"7_12_est_GP_param.csv","mu[4]",-2.450087014,7,12,1000
"7_12_est_GP_param.csv","mu[5]",-1.243764782,7,12,1000
"7_13_est_GP_param.csv","alpha",3.042137526,7,13,1000
"7_13_est_GP_param.csv","rho",0.7901619,7,13,1000
"7_13_est_GP_param.csv","sigma",3.062893205,7,13,1000
"7_13_est_GP_param.csv","mu[1]",1.353952449,7,13,1000
"7_13_est_GP_param.csv","mu[2]",4.529150569,7,13,1000
"7_13_est_GP_param.csv","mu[3]",-3.971622277,7,13,1000
"7_13_est_GP_param.csv","mu[4]",-0.727261511,7,13,1000
"7_13_est_GP_param.csv","mu[5]",0.715321691,7,13,1000
"7_14_est_GP_param.csv","alpha",3.810065484,7,14,1000
"7_14_est_GP_param.csv","rho",1.018815082,7,14,1000
"7_14_est_GP_param.csv","sigma",3.025503148,7,14,1000
"7_14_est_GP_param.csv","mu[1]",3.529553359,7,14,1000
"7_14_est_GP_param.csv","mu[2]",-1.670880024,7,14,1000
"7_14_est_GP_param.csv","mu[3]",-0.973633917,7,14,1000
"7_14_est_GP_param.csv","mu[4]",1.451151832,7,14,1000
"7_14_est_GP_param.csv","mu[5]",-4.011298504,7,14,1000
"7_15_est_GP_param.csv","alpha",2.595116841,7,15,1000
"7_15_est_GP_param.csv","rho",1.004589294,7,15,1000
"7_15_est_GP_param.csv","sigma",2.991086443,7,15,1000
"7_15_est_GP_param.csv","mu[1]",2.069793498,7,15,1000
"7_15_est_GP_param.csv","mu[2]",-3.436352766,7,15,1000
"7_15_est_GP_param.csv","mu[3]",-2.689161962,7,15,1000
"7_15_est_GP_param.csv","mu[4]",0.348327673,7,15,1000
"7_15_est_GP_param.csv","mu[5]",-1.542447294,7,15,1000
"7_16_est_GP_param.csv","alpha",2.480581763,7,16,1000
"7_16_est_GP_param.csv","rho",0.675127306,7,16,1000
"7_16_est_GP_param.csv","sigma",2.907744878,7,16,1000
"7_16_est_GP_param.csv","mu[1]",-3.083054341,7,16,1000
"7_16_est_GP_param.csv","mu[2]",-0.579818179,7,16,1000
"7_16_est_GP_param.csv","mu[3]",-0.593170633,7,16,1000
"7_16_est_GP_param.csv","mu[4]",0.481260817,7,16,1000
"7_16_est_GP_param.csv","mu[5]",5.500987899,7,16,1000
"7_17_est_GP_param.csv","alpha",2.299642853,7,17,1000
"7_17_est_GP_param.csv","rho",0.643423798,7,17,1000
"7_17_est_GP_param.csv","sigma",3.109796206,7,17,1000
"7_17_est_GP_param.csv","mu[1]",1.325008509,7,17,1000
"7_17_est_GP_param.csv","mu[2]",0.029848734,7,17,1000
"7_17_est_GP_param.csv","mu[3]",0.137258728,7,17,1000
"7_17_est_GP_param.csv","mu[4]",-1.535089979,7,17,1000
"7_17_est_GP_param.csv","mu[5]",-0.083186182,7,17,1000
"7_18_est_GP_param.csv","alpha",3.375893062,7,18,1000
"7_18_est_GP_param.csv","rho",0.908950899,7,18,1000
"7_18_est_GP_param.csv","sigma",2.966001943,7,18,1000
"7_18_est_GP_param.csv","mu[1]",1.570095698,7,18,1000
"7_18_est_GP_param.csv","mu[2]",-3.781535971,7,18,1000
"7_18_est_GP_param.csv","mu[3]",3.611210145,7,18,1000
"7_18_est_GP_param.csv","mu[4]",1.887750971,7,18,1000
"7_18_est_GP_param.csv","mu[5]",-4.140455162,7,18,1000
"7_19_est_GP_param.csv","alpha",2.656232075,7,19,1000
"7_19_est_GP_param.csv","rho",0.829970752,7,19,1000
"7_19_est_GP_param.csv","sigma",2.963354989,7,19,1000
"7_19_est_GP_param.csv","mu[1]",-3.25702502,7,19,1000
"7_19_est_GP_param.csv","mu[2]",-0.690372918,7,19,1000
"7_19_est_GP_param.csv","mu[3]",-3.350185006,7,19,1000
"7_19_est_GP_param.csv","mu[4]",-2.585947316,7,19,1000
"7_19_est_GP_param.csv","mu[5]",-1.647632554,7,19,1000
"7_2_est_GP_param.csv","alpha",2.303094849,7,2,1000
"7_2_est_GP_param.csv","rho",0.871087256,7,2,1000
"7_2_est_GP_param.csv","sigma",2.969995496,7,2,1000
"7_2_est_GP_param.csv","mu[1]",-0.590258824,7,2,1000
"7_2_est_GP_param.csv","mu[2]",2.314014449,7,2,1000
"7_2_est_GP_param.csv","mu[3]",-0.281650531,7,2,1000
"7_2_est_GP_param.csv","mu[4]",3.450787822,7,2,1000
"7_2_est_GP_param.csv","mu[5]",0.73137564,7,2,1000
"7_20_est_GP_param.csv","alpha",3.017928528,7,20,1000
"7_20_est_GP_param.csv","rho",0.942280434,7,20,1000
"7_20_est_GP_param.csv","sigma",3.003659075,7,20,1000
"7_20_est_GP_param.csv","mu[1]",0.10743001,7,20,1000
"7_20_est_GP_param.csv","mu[2]",-2.936659039,7,20,1000
"7_20_est_GP_param.csv","mu[3]",3.526547605,7,20,1000
"7_20_est_GP_param.csv","mu[4]",-3.50110047,7,20,1000
"7_20_est_GP_param.csv","mu[5]",-0.014928948,7,20,1000
"7_3_est_GP_param.csv","alpha",2.282056712,7,3,1000
"7_3_est_GP_param.csv","rho",0.975840479,7,3,1000
"7_3_est_GP_param.csv","sigma",2.947548101,7,3,1000
"7_3_est_GP_param.csv","mu[1]",1.224129942,7,3,1000
"7_3_est_GP_param.csv","mu[2]",2.87056849,7,3,1000
"7_3_est_GP_param.csv","mu[3]",1.420760381,7,3,1000
"7_3_est_GP_param.csv","mu[4]",0.417643517,7,3,1000
"7_3_est_GP_param.csv","mu[5]",4.437346844,7,3,1000
"7_4_est_GP_param.csv","alpha",2.511650688,7,4,1000
"7_4_est_GP_param.csv","rho",0.765994322,7,4,1000
"7_4_est_GP_param.csv","sigma",3.003583842,7,4,1000
"7_4_est_GP_param.csv","mu[1]",2.52503985,7,4,1000
"7_4_est_GP_param.csv","mu[2]",2.699784943,7,4,1000
"7_4_est_GP_param.csv","mu[3]",2.85074758,7,4,1000
"7_4_est_GP_param.csv","mu[4]",-3.575214585,7,4,1000
"7_4_est_GP_param.csv","mu[5]",-2.316662435,7,4,1000
"7_5_est_GP_param.csv","alpha",2.509593026,7,5,1000
"7_5_est_GP_param.csv","rho",0.744808809,7,5,1000
"7_5_est_GP_param.csv","sigma",2.897722411,7,5,1000
"7_5_est_GP_param.csv","mu[1]",-2.608393989,7,5,1000
"7_5_est_GP_param.csv","mu[2]",3.766613417,7,5,1000
"7_5_est_GP_param.csv","mu[3]",5.140996032,7,5,1000
"7_5_est_GP_param.csv","mu[4]",0.288731082,7,5,1000
"7_5_est_GP_param.csv","mu[5]",-2.931292661,7,5,1000
"7_6_est_GP_param.csv","alpha",1.994232086,7,6,1000
"7_6_est_GP_param.csv","rho",0.932187213,7,6,1000
"7_6_est_GP_param.csv","sigma",3.13796763,7,6,1000
"7_6_est_GP_param.csv","mu[1]",-3.379022889,7,6,1000
"7_6_est_GP_param.csv","mu[2]",-1.871620241,7,6,1000
"7_6_est_GP_param.csv","mu[3]",5.808854405,7,6,1000
"7_6_est_GP_param.csv","mu[4]",2.664983188,7,6,1000
"7_6_est_GP_param.csv","mu[5]",2.225743883,7,6,1000
"7_7_est_GP_param.csv","alpha",2.614873012,7,7,1000
"7_7_est_GP_param.csv","rho",0.956992099,7,7,1000
"7_7_est_GP_param.csv","sigma",2.943527983,7,7,1000
"7_7_est_GP_param.csv","mu[1]",0.034683982,7,7,1000
"7_7_est_GP_param.csv","mu[2]",6.337362396,7,7,1000
"7_7_est_GP_param.csv","mu[3]",-1.602607668,7,7,1000
"7_7_est_GP_param.csv","mu[4]",1.312397722,7,7,1000
"7_7_est_GP_param.csv","mu[5]",0.303026449,7,7,1000
"7_8_est_GP_param.csv","alpha",3.088481364,7,8,1000
"7_8_est_GP_param.csv","rho",0.878782045,7,8,1000
"7_8_est_GP_param.csv","sigma",2.943830107,7,8,1000
"7_8_est_GP_param.csv","mu[1]",2.581922237,7,8,1000
"7_8_est_GP_param.csv","mu[2]",-2.216207447,7,8,1000
"7_8_est_GP_param.csv","mu[3]",3.106154743,7,8,1000
"7_8_est_GP_param.csv","mu[4]",-2.985129512,7,8,1000
"7_8_est_GP_param.csv","mu[5]",-3.949665295,7,8,1000
"7_9_est_GP_param.csv","alpha",2.769978678,7,9,1000
"7_9_est_GP_param.csv","rho",0.879390622,7,9,1000
"7_9_est_GP_param.csv","sigma",3.033807584,7,9,1000
"7_9_est_GP_param.csv","mu[1]",2.637700529,7,9,1000
"7_9_est_GP_param.csv","mu[2]",5.687567784,7,9,1000
"7_9_est_GP_param.csv","mu[3]",-2.747349266,7,9,1000
"7_9_est_GP_param.csv","mu[4]",2.832196883,7,9,1000
"7_9_est_GP_param.csv","mu[5]",4.212483385,7,9,1000
"8_10_est_GP_param.csv","alpha",2.996696869,8,10,1000
"8_10_est_GP_param.csv","rho",1.233069199,8,10,1000
"8_10_est_GP_param.csv","sigma",2.909169251,8,10,1000
"8_10_est_GP_param.csv","mu[1]",-0.450993552,8,10,1000
"8_10_est_GP_param.csv","mu[2]",-3.010392143,8,10,1000
"8_10_est_GP_param.csv","mu[3]",-1.574490151,8,10,1000
"8_10_est_GP_param.csv","mu[4]",5.333904937,8,10,1000
"8_10_est_GP_param.csv","mu[5]",3.448563796,8,10,1000
"8_11_est_GP_param.csv","alpha",2.598874857,8,11,1000
"8_11_est_GP_param.csv","rho",1.1760731,8,11,1000
"8_11_est_GP_param.csv","sigma",3.042419334,8,11,1000
"8_11_est_GP_param.csv","mu[1]",-2.104994659,8,11,1000
"8_11_est_GP_param.csv","mu[2]",-0.438517485,8,11,1000
"8_11_est_GP_param.csv","mu[3]",-2.625435844,8,11,1000
"8_11_est_GP_param.csv","mu[4]",-3.074354974,8,11,1000
"8_11_est_GP_param.csv","mu[5]",-3.119386454,8,11,1000
"8_12_est_GP_param.csv","alpha",2.990748367,8,12,1000
"8_12_est_GP_param.csv","rho",1.206293215,8,12,1000
"8_12_est_GP_param.csv","sigma",2.949227766,8,12,1000
"8_12_est_GP_param.csv","mu[1]",-0.300305721,8,12,1000
"8_12_est_GP_param.csv","mu[2]",3.795806918,8,12,1000
"8_12_est_GP_param.csv","mu[3]",1.370726469,8,12,1000
"8_12_est_GP_param.csv","mu[4]",-3.276875395,8,12,1000
"8_12_est_GP_param.csv","mu[5]",2.498600733,8,12,1000
"8_13_est_GP_param.csv","alpha",2.907555603,8,13,1000
"8_13_est_GP_param.csv","rho",0.967524665,8,13,1000
"8_13_est_GP_param.csv","sigma",2.935721041,8,13,1000
"8_13_est_GP_param.csv","mu[1]",1.371097388,8,13,1000
"8_13_est_GP_param.csv","mu[2]",-2.933750995,8,13,1000
"8_13_est_GP_param.csv","mu[3]",2.476805986,8,13,1000
"8_13_est_GP_param.csv","mu[4]",6.675087818,8,13,1000
"8_13_est_GP_param.csv","mu[5]",-1.58249656,8,13,1000
"8_14_est_GP_param.csv","alpha",3.481767025,8,14,1000
"8_14_est_GP_param.csv","rho",1.386342604,8,14,1000
"8_14_est_GP_param.csv","sigma",3.042610271,8,14,1000
"8_14_est_GP_param.csv","mu[1]",-3.25695487,8,14,1000
"8_14_est_GP_param.csv","mu[2]",3.060607967,8,14,1000
"8_14_est_GP_param.csv","mu[3]",-1.205635531,8,14,1000
"8_14_est_GP_param.csv","mu[4]",-0.407343403,8,14,1000
"8_14_est_GP_param.csv","mu[5]",-1.58730689,8,14,1000
"8_15_est_GP_param.csv","alpha",2.765452517,8,15,1000
"8_15_est_GP_param.csv","rho",1.195318307,8,15,1000
"8_15_est_GP_param.csv","sigma",2.945374647,8,15,1000
"8_15_est_GP_param.csv","mu[1]",0.225116101,8,15,1000
"8_15_est_GP_param.csv","mu[2]",2.49405998,8,15,1000
"8_15_est_GP_param.csv","mu[3]",4.787868558,8,15,1000
"8_15_est_GP_param.csv","mu[4]",-2.961008942,8,15,1000
"8_15_est_GP_param.csv","mu[5]",-1.409208149,8,15,1000
"8_16_est_GP_param.csv","alpha",3.180840257,8,16,1000
"8_16_est_GP_param.csv","rho",1.767529151,8,16,1000
"8_16_est_GP_param.csv","sigma",2.926742078,8,16,1000
"8_16_est_GP_param.csv","mu[1]",-2.388262302,8,16,1000
"8_16_est_GP_param.csv","mu[2]",-1.512049699,8,16,1000
"8_16_est_GP_param.csv","mu[3]",0.08676993,8,16,1000
"8_16_est_GP_param.csv","mu[4]",-2.822965107,8,16,1000
"8_16_est_GP_param.csv","mu[5]",-0.678331706,8,16,1000
"8_17_est_GP_param.csv","alpha",2.686203178,8,17,1000
"8_17_est_GP_param.csv","rho",1.50022771,8,17,1000
"8_17_est_GP_param.csv","sigma",3.058118159,8,17,1000
"8_17_est_GP_param.csv","mu[1]",0.889238737,8,17,1000
"8_17_est_GP_param.csv","mu[2]",-0.298132275,8,17,1000
"8_17_est_GP_param.csv","mu[3]",-1.384668014,8,17,1000
"8_17_est_GP_param.csv","mu[4]",4.048810659,8,17,1000
"8_17_est_GP_param.csv","mu[5]",-1.031199438,8,17,1000
"8_18_est_GP_param.csv","alpha",2.934545114,8,18,1000
"8_18_est_GP_param.csv","rho",1.58558421,8,18,1000
"8_18_est_GP_param.csv","sigma",3.023115271,8,18,1000
"8_18_est_GP_param.csv","mu[1]",-2.778737421,8,18,1000
"8_18_est_GP_param.csv","mu[2]",2.519757566,8,18,1000
"8_18_est_GP_param.csv","mu[3]",1.344263626,8,18,1000
"8_18_est_GP_param.csv","mu[4]",-1.836097244,8,18,1000
"8_18_est_GP_param.csv","mu[5]",1.106807839,8,18,1000
"8_19_est_GP_param.csv","alpha",3.490828733,8,19,1000
"8_19_est_GP_param.csv","rho",1.077263259,8,19,1000
"8_19_est_GP_param.csv","sigma",2.973484548,8,19,1000
"8_19_est_GP_param.csv","mu[1]",0.992409783,8,19,1000
"8_19_est_GP_param.csv","mu[2]",3.794997912,8,19,1000
"8_19_est_GP_param.csv","mu[3]",0.565707357,8,19,1000
"8_19_est_GP_param.csv","mu[4]",-0.536698029,8,19,1000
"8_19_est_GP_param.csv","mu[5]",0.40651629,8,19,1000
"8_2_est_GP_param.csv","alpha",2.247851217,8,2,1000
"8_2_est_GP_param.csv","rho",1.355192752,8,2,1000
"8_2_est_GP_param.csv","sigma",3.031112102,8,2,1000
"8_2_est_GP_param.csv","mu[1]",0.948297363,8,2,1000
"8_2_est_GP_param.csv","mu[2]",0.780581494,8,2,1000
"8_2_est_GP_param.csv","mu[3]",4.61446607,8,2,1000
"8_2_est_GP_param.csv","mu[4]",-0.042739135,8,2,1000
"8_2_est_GP_param.csv","mu[5]",-3.547051178,8,2,1000
"8_20_est_GP_param.csv","alpha",2.884705863,8,20,1000
"8_20_est_GP_param.csv","rho",1.108200184,8,20,1000
"8_20_est_GP_param.csv","sigma",2.983836352,8,20,1000
"8_20_est_GP_param.csv","mu[1]",4.71025458,8,20,1000
"8_20_est_GP_param.csv","mu[2]",-2.841233854,8,20,1000
"8_20_est_GP_param.csv","mu[3]",2.488184565,8,20,1000
"8_20_est_GP_param.csv","mu[4]",2.499820098,8,20,1000
"8_20_est_GP_param.csv","mu[5]",-0.31224342,8,20,1000
"8_3_est_GP_param.csv","alpha",1.9670643,8,3,1000
"8_3_est_GP_param.csv","rho",0.980508827,8,3,1000
"8_3_est_GP_param.csv","sigma",3.016562025,8,3,1000
"8_3_est_GP_param.csv","mu[1]",1.333862638,8,3,1000
"8_3_est_GP_param.csv","mu[2]",-1.121574527,8,3,1000
"8_3_est_GP_param.csv","mu[3]",-0.273610349,8,3,1000
"8_3_est_GP_param.csv","mu[4]",1.682338233,8,3,1000
"8_3_est_GP_param.csv","mu[5]",1.277293426,8,3,1000
"8_4_est_GP_param.csv","alpha",3.11207505,8,4,1000
"8_4_est_GP_param.csv","rho",1.163919601,8,4,1000
"8_4_est_GP_param.csv","sigma",2.947081418,8,4,1000
"8_4_est_GP_param.csv","mu[1]",-3.669891764,8,4,1000
"8_4_est_GP_param.csv","mu[2]",3.656646677,8,4,1000
"8_4_est_GP_param.csv","mu[3]",-1.304043862,8,4,1000
"8_4_est_GP_param.csv","mu[4]",0.395869195,8,4,1000
"8_4_est_GP_param.csv","mu[5]",8.085636671,8,4,1000
"8_5_est_GP_param.csv","alpha",2.803902566,8,5,1000
"8_5_est_GP_param.csv","rho",1.148205186,8,5,1000
"8_5_est_GP_param.csv","sigma",3.016357786,8,5,1000
"8_5_est_GP_param.csv","mu[1]",-1.602170256,8,5,1000
"8_5_est_GP_param.csv","mu[2]",1.00925918,8,5,1000
"8_5_est_GP_param.csv","mu[3]",-1.525794881,8,5,1000
"8_5_est_GP_param.csv","mu[4]",-2.231802147,8,5,1000
"8_5_est_GP_param.csv","mu[5]",-2.258499755,8,5,1000
"8_6_est_GP_param.csv","alpha",2.676060301,8,6,1000
"8_6_est_GP_param.csv","rho",1.325537728,8,6,1000
"8_6_est_GP_param.csv","sigma",3.004591057,8,6,1000
"8_6_est_GP_param.csv","mu[1]",-2.082489241,8,6,1000
"8_6_est_GP_param.csv","mu[2]",1.048568561,8,6,1000
"8_6_est_GP_param.csv","mu[3]",2.057127432,8,6,1000
"8_6_est_GP_param.csv","mu[4]",-0.897707232,8,6,1000
"8_6_est_GP_param.csv","mu[5]",-0.547683364,8,6,1000
"8_7_est_GP_param.csv","alpha",3.788996929,8,7,1000
"8_7_est_GP_param.csv","rho",1.433587107,8,7,1000
"8_7_est_GP_param.csv","sigma",3.074979363,8,7,1000
"8_7_est_GP_param.csv","mu[1]",2.130885362,8,7,1000
"8_7_est_GP_param.csv","mu[2]",-3.723174034,8,7,1000
"8_7_est_GP_param.csv","mu[3]",-1.600845982,8,7,1000
"8_7_est_GP_param.csv","mu[4]",-2.501471893,8,7,1000
"8_7_est_GP_param.csv","mu[5]",0.044259839,8,7,1000
"8_8_est_GP_param.csv","alpha",2.503637791,8,8,1000
"8_8_est_GP_param.csv","rho",1.160282303,8,8,1000
"8_8_est_GP_param.csv","sigma",3.07051136,8,8,1000
"8_8_est_GP_param.csv","mu[1]",-2.658111144,8,8,1000
"8_8_est_GP_param.csv","mu[2]",1.444442701,8,8,1000
"8_8_est_GP_param.csv","mu[3]",4.663711031,8,8,1000
"8_8_est_GP_param.csv","mu[4]",-0.405201845,8,8,1000
"8_8_est_GP_param.csv","mu[5]",1.579750294,8,8,1000
"8_9_est_GP_param.csv","alpha",2.764684012,8,9,1000
"8_9_est_GP_param.csv","rho",1.118375907,8,9,1000
"8_9_est_GP_param.csv","sigma",3.003298768,8,9,1000
"8_9_est_GP_param.csv","mu[1]",-2.239696187,8,9,1000
"8_9_est_GP_param.csv","mu[2]",4.88433815,8,9,1000
"8_9_est_GP_param.csv","mu[3]",-3.470114712,8,9,1000
"8_9_est_GP_param.csv","mu[4]",-0.969173751,8,9,1000
"8_9_est_GP_param.csv","mu[5]",1.123589314,8,9,1000
"9_10_est_GP_param.csv","alpha",3.343484805,9,10,1000
"9_10_est_GP_param.csv","rho",2.269315554,9,10,1000
"9_10_est_GP_param.csv","sigma",2.996087642,9,10,1000
"9_10_est_GP_param.csv","mu[1]",-0.187656271,9,10,1000
"9_10_est_GP_param.csv","mu[2]",-1.02924258,9,10,1000
"9_10_est_GP_param.csv","mu[3]",-2.097138637,9,10,1000
"9_10_est_GP_param.csv","mu[4]",-0.181270577,9,10,1000
"9_10_est_GP_param.csv","mu[5]",-0.894112,9,10,1000
"9_11_est_GP_param.csv","alpha",4.383362075,9,11,1000
"9_11_est_GP_param.csv","rho",1.692611128,9,11,1000
"9_11_est_GP_param.csv","sigma",3.073798289,9,11,1000
"9_11_est_GP_param.csv","mu[1]",1.934239533,9,11,1000
"9_11_est_GP_param.csv","mu[2]",0.038493543,9,11,1000
"9_11_est_GP_param.csv","mu[3]",1.01938882,9,11,1000
"9_11_est_GP_param.csv","mu[4]",-3.625046177,9,11,1000
"9_11_est_GP_param.csv","mu[5]",0.610336006,9,11,1000
"9_12_est_GP_param.csv","alpha",2.642239478,9,12,1000
"9_12_est_GP_param.csv","rho",1.497278471,9,12,1000
"9_12_est_GP_param.csv","sigma",2.971070941,9,12,1000
"9_12_est_GP_param.csv","mu[1]",2.498437877,9,12,1000
"9_12_est_GP_param.csv","mu[2]",3.557643208,9,12,1000
"9_12_est_GP_param.csv","mu[3]",1.865099806,9,12,1000
"9_12_est_GP_param.csv","mu[4]",1.314843601,9,12,1000
"9_12_est_GP_param.csv","mu[5]",-1.221446068,9,12,1000
"9_13_est_GP_param.csv","alpha",2.580546769,9,13,1000
"9_13_est_GP_param.csv","rho",1.688942184,9,13,1000
"9_13_est_GP_param.csv","sigma",3.018455598,9,13,1000
"9_13_est_GP_param.csv","mu[1]",5.29734612,9,13,1000
"9_13_est_GP_param.csv","mu[2]",2.188806438,9,13,1000
"9_13_est_GP_param.csv","mu[3]",1.048142415,9,13,1000
"9_13_est_GP_param.csv","mu[4]",0.306506236,9,13,1000
"9_13_est_GP_param.csv","mu[5]",1.024433105,9,13,1000
"9_14_est_GP_param.csv","alpha",3.109055423,9,14,1000
"9_14_est_GP_param.csv","rho",1.517891614,9,14,1000
"9_14_est_GP_param.csv","sigma",2.864980857,9,14,1000
"9_14_est_GP_param.csv","mu[1]",-0.128229716,9,14,1000
"9_14_est_GP_param.csv","mu[2]",1.159811668,9,14,1000
"9_14_est_GP_param.csv","mu[3]",5.858573081,9,14,1000
"9_14_est_GP_param.csv","mu[4]",1.511118495,9,14,1000
"9_14_est_GP_param.csv","mu[5]",5.790678862,9,14,1000
"9_15_est_GP_param.csv","alpha",3.339515926,9,15,1000
"9_15_est_GP_param.csv","rho",2.034922641,9,15,1000
"9_15_est_GP_param.csv","sigma",2.92145322,9,15,1000
"9_15_est_GP_param.csv","mu[1]",0.21351965,9,15,1000
"9_15_est_GP_param.csv","mu[2]",-1.889661403,9,15,1000
"9_15_est_GP_param.csv","mu[3]",-2.941735963,9,15,1000
"9_15_est_GP_param.csv","mu[4]",-2.00578685,9,15,1000
"9_15_est_GP_param.csv","mu[5]",-1.592682049,9,15,1000
"9_16_est_GP_param.csv","alpha",2.462345894,9,16,1000
"9_16_est_GP_param.csv","rho",1.449999722,9,16,1000
"9_16_est_GP_param.csv","sigma",2.896453891,9,16,1000
"9_16_est_GP_param.csv","mu[1]",-1.005955883,9,16,1000
"9_16_est_GP_param.csv","mu[2]",-1.604698674,9,16,1000
"9_16_est_GP_param.csv","mu[3]",5.515918018,9,16,1000
"9_16_est_GP_param.csv","mu[4]",5.057288631,9,16,1000
"9_16_est_GP_param.csv","mu[5]",-1.062381136,9,16,1000
"9_17_est_GP_param.csv","alpha",3.683996842,9,17,1000
"9_17_est_GP_param.csv","rho",1.922643505,9,17,1000
"9_17_est_GP_param.csv","sigma",3.026161734,9,17,1000
"9_17_est_GP_param.csv","mu[1]",-0.557228832,9,17,1000
"9_17_est_GP_param.csv","mu[2]",3.569879234,9,17,1000
"9_17_est_GP_param.csv","mu[3]",5.606369008,9,17,1000
"9_17_est_GP_param.csv","mu[4]",2.379858781,9,17,1000
"9_17_est_GP_param.csv","mu[5]",2.918084808,9,17,1000
"9_18_est_GP_param.csv","alpha",2.92087485,9,18,1000
"9_18_est_GP_param.csv","rho",1.504222012,9,18,1000
"9_18_est_GP_param.csv","sigma",2.967434464,9,18,1000
"9_18_est_GP_param.csv","mu[1]",-0.408911131,9,18,1000
"9_18_est_GP_param.csv","mu[2]",3.030616529,9,18,1000
"9_18_est_GP_param.csv","mu[3]",1.902570776,9,18,1000
"9_18_est_GP_param.csv","mu[4]",-1.610827209,9,18,1000
"9_18_est_GP_param.csv","mu[5]",-0.420395234,9,18,1000
"9_19_est_GP_param.csv","alpha",3.333826712,9,19,1000
"9_19_est_GP_param.csv","rho",1.739235903,9,19,1000
"9_19_est_GP_param.csv","sigma",2.978797248,9,19,1000
"9_19_est_GP_param.csv","mu[1]",0.041238223,9,19,1000
"9_19_est_GP_param.csv","mu[2]",1.365479927,9,19,1000
"9_19_est_GP_param.csv","mu[3]",3.216717473,9,19,1000
"9_19_est_GP_param.csv","mu[4]",-0.058892729,9,19,1000
"9_19_est_GP_param.csv","mu[5]",2.447295036,9,19,1000
"9_2_est_GP_param.csv","alpha",1.89036756,9,2,1000
"9_2_est_GP_param.csv","rho",1.118168691,9,2,1000
"9_2_est_GP_param.csv","sigma",3.027602159,9,2,1000
"9_2_est_GP_param.csv","mu[1]",-1.686337648,9,2,1000
"9_2_est_GP_param.csv","mu[2]",-3.413685817,9,2,1000
"9_2_est_GP_param.csv","mu[3]",4.705646589,9,2,1000
"9_2_est_GP_param.csv","mu[4]",0.696869293,9,2,1000
"9_2_est_GP_param.csv","mu[5]",-2.510093435,9,2,1000
"9_20_est_GP_param.csv","alpha",2.936625373,9,20,1000
"9_20_est_GP_param.csv","rho",1.631629485,9,20,1000
"9_20_est_GP_param.csv","sigma",2.974328951,9,20,1000
"9_20_est_GP_param.csv","mu[1]",5.041566391,9,20,1000
"9_20_est_GP_param.csv","mu[2]",-2.775912612,9,20,1000
"9_20_est_GP_param.csv","mu[3]",-1.671156838,9,20,1000
"9_20_est_GP_param.csv","mu[4]",0.461763252,9,20,1000
"9_20_est_GP_param.csv","mu[5]",-2.372176892,9,20,1000
"9_3_est_GP_param.csv","alpha",2.497657849,9,3,1000
"9_3_est_GP_param.csv","rho",1.561444417,9,3,1000
"9_3_est_GP_param.csv","sigma",3.010272938,9,3,1000
"9_3_est_GP_param.csv","mu[1]",0.980434966,9,3,1000
"9_3_est_GP_param.csv","mu[2]",-0.727669355,9,3,1000
"9_3_est_GP_param.csv","mu[3]",0.449678182,9,3,1000
"9_3_est_GP_param.csv","mu[4]",0.539600687,9,3,1000
"9_3_est_GP_param.csv","mu[5]",2.664429303,9,3,1000
"9_4_est_GP_param.csv","alpha",2.123645836,9,4,1000
"9_4_est_GP_param.csv","rho",1.430347316,9,4,1000
"9_4_est_GP_param.csv","sigma",2.965818656,9,4,1000
"9_4_est_GP_param.csv","mu[1]",3.554453804,9,4,1000
"9_4_est_GP_param.csv","mu[2]",3.235145237,9,4,1000
"9_4_est_GP_param.csv","mu[3]",-2.583985778,9,4,1000
"9_4_est_GP_param.csv","mu[4]",-3.178587038,9,4,1000
"9_4_est_GP_param.csv","mu[5]",-2.447887375,9,4,1000
"9_5_est_GP_param.csv","alpha",2.458136848,9,5,1000
"9_5_est_GP_param.csv","rho",1.513551984,9,5,1000
"9_5_est_GP_param.csv","sigma",3.108597884,9,5,1000
"9_5_est_GP_param.csv","mu[1]",-3.779795424,9,5,1000
"9_5_est_GP_param.csv","mu[2]",1.664878033,9,5,1000
"9_5_est_GP_param.csv","mu[3]",2.387654617,9,5,1000
"9_5_est_GP_param.csv","mu[4]",-1.091487148,9,5,1000
"9_5_est_GP_param.csv","mu[5]",0.080181675,9,5,1000
"9_6_est_GP_param.csv","alpha",2.438351391,9,6,1000
"9_6_est_GP_param.csv","rho",1.195934237,9,6,1000
"9_6_est_GP_param.csv","sigma",2.922701697,9,6,1000
"9_6_est_GP_param.csv","mu[1]",-2.635275424,9,6,1000
"9_6_est_GP_param.csv","mu[2]",-0.465559909,9,6,1000
"9_6_est_GP_param.csv","mu[3]",4.346049605,9,6,1000
"9_6_est_GP_param.csv","mu[4]",-0.309516727,9,6,1000
"9_6_est_GP_param.csv","mu[5]",-3.038521659,9,6,1000
"9_7_est_GP_param.csv","alpha",3.081680632,9,7,1000
"9_7_est_GP_param.csv","rho",1.582469026,9,7,1000
"9_7_est_GP_param.csv","sigma",2.971759861,9,7,1000
"9_7_est_GP_param.csv","mu[1]",3.649410448,9,7,1000
"9_7_est_GP_param.csv","mu[2]",0.143878399,9,7,1000
"9_7_est_GP_param.csv","mu[3]",2.264724522,9,7,1000
"9_7_est_GP_param.csv","mu[4]",0.403910898,9,7,1000
"9_7_est_GP_param.csv","mu[5]",2.392373755,9,7,1000
"9_8_est_GP_param.csv","alpha",2.507367227,9,8,1000
"9_8_est_GP_param.csv","rho",1.401961597,9,8,1000
"9_8_est_GP_param.csv","sigma",3.055297966,9,8,1000
"9_8_est_GP_param.csv","mu[1]",0.488801458,9,8,1000
"9_8_est_GP_param.csv","mu[2]",2.300164465,9,8,1000
"9_8_est_GP_param.csv","mu[3]",-0.973746158,9,8,1000
"9_8_est_GP_param.csv","mu[4]",-2.487138155,9,8,1000
"9_8_est_GP_param.csv","mu[5]",1.242157924,9,8,1000
"9_9_est_GP_param.csv","alpha",2.932299043,9,9,1000
"9_9_est_GP_param.csv","rho",1.320748325,9,9,1000
"9_9_est_GP_param.csv","sigma",3.035665171,9,9,1000
"9_9_est_GP_param.csv","mu[1]",4.843419823,9,9,1000
"9_9_est_GP_param.csv","mu[2]",-0.592772599,9,9,1000
"9_9_est_GP_param.csv","mu[3]",2.179248003,9,9,1000
"9_9_est_GP_param.csv","mu[4]",2.468721337,9,9,1000
"9_9_est_GP_param.csv","mu[5]",-2.346523496,9,9,1000
"10_10_est_GP_param.csv","alpha",3.142363523,10,10,600
"10_10_est_GP_param.csv","rho",1.924815747,10,10,600
"10_10_est_GP_param.csv","sigma",2.955623997,10,10,600
"10_10_est_GP_param.csv","mu[1]",-1.377118688,10,10,600
"10_10_est_GP_param.csv","mu[2]",0.141024178,10,10,600
"10_10_est_GP_param.csv","mu[3]",-1.732755018,10,10,600
"10_10_est_GP_param.csv","mu[4]",-0.219296338,10,10,600
"10_10_est_GP_param.csv","mu[5]",3.836017825,10,10,600
"10_11_est_GP_param.csv","alpha",2.630241426,10,11,600
"10_11_est_GP_param.csv","rho",1.7048586,10,11,600
"10_11_est_GP_param.csv","sigma",3.019742357,10,11,600
"10_11_est_GP_param.csv","mu[1]",-1.66129782,10,11,600
"10_11_est_GP_param.csv","mu[2]",-2.804510686,10,11,600
"10_11_est_GP_param.csv","mu[3]",-2.7580276,10,11,600
"10_11_est_GP_param.csv","mu[4]",-0.436426621,10,11,600
"10_11_est_GP_param.csv","mu[5]",-2.402579672,10,11,600
"10_12_est_GP_param.csv","alpha",2.618807351,10,12,600
"10_12_est_GP_param.csv","rho",1.387257413,10,12,600
"10_12_est_GP_param.csv","sigma",2.923855608,10,12,600
"10_12_est_GP_param.csv","mu[1]",0.657477063,10,12,600
"10_12_est_GP_param.csv","mu[2]",-3.167119697,10,12,600
"10_12_est_GP_param.csv","mu[3]",3.180273161,10,12,600
"10_12_est_GP_param.csv","mu[4]",-1.514181011,10,12,600
"10_12_est_GP_param.csv","mu[5]",-1.157151294,10,12,600
"10_13_est_GP_param.csv","alpha",3.692107476,10,13,600
"10_13_est_GP_param.csv","rho",1.998007234,10,13,600
"10_13_est_GP_param.csv","sigma",3.004812391,10,13,600
"10_13_est_GP_param.csv","mu[1]",-3.120589897,10,13,600
"10_13_est_GP_param.csv","mu[2]",1.869273996,10,13,600
"10_13_est_GP_param.csv","mu[3]",0.346035964,10,13,600
"10_13_est_GP_param.csv","mu[4]",2.191615623,10,13,600
"10_13_est_GP_param.csv","mu[5]",5.439603528,10,13,600
"10_14_est_GP_param.csv","alpha",1.535593693,10,14,600
"10_14_est_GP_param.csv","rho",0.883857859,10,14,600
"10_14_est_GP_param.csv","sigma",3.042681323,10,14,600
"10_14_est_GP_param.csv","mu[1]",0.932000431,10,14,600
"10_14_est_GP_param.csv","mu[2]",-0.007728332,10,14,600
"10_14_est_GP_param.csv","mu[3]",3.035286374,10,14,600
"10_14_est_GP_param.csv","mu[4]",0.197969563,10,14,600
"10_14_est_GP_param.csv","mu[5]",-0.919295376,10,14,600
"10_15_est_GP_param.csv","alpha",3.326751655,10,15,600
"10_15_est_GP_param.csv","rho",1.981032458,10,15,600
"10_15_est_GP_param.csv","sigma",3.026637154,10,15,600
"10_15_est_GP_param.csv","mu[1]",-1.236131298,10,15,600
"10_15_est_GP_param.csv","mu[2]",-0.930849241,10,15,600
"10_15_est_GP_param.csv","mu[3]",-2.576533862,10,15,600
"10_15_est_GP_param.csv","mu[4]",2.357644727,10,15,600
"10_15_est_GP_param.csv","mu[5]",-0.389210482,10,15,600
"10_16_est_GP_param.csv","alpha",3.398452966,10,16,600
"10_16_est_GP_param.csv","rho",1.80456276,10,16,600
"10_16_est_GP_param.csv","sigma",2.916959304,10,16,600
"10_16_est_GP_param.csv","mu[1]",-1.722082445,10,16,600
"10_16_est_GP_param.csv","mu[2]",-0.218697315,10,16,600
"10_16_est_GP_param.csv","mu[3]",-0.703898787,10,16,600
"10_16_est_GP_param.csv","mu[4]",0.233459799,10,16,600
"10_16_est_GP_param.csv","mu[5]",-1.346993894,10,16,600
"10_17_est_GP_param.csv","alpha",3.073615298,10,17,600
"10_17_est_GP_param.csv","rho",1.674945472,10,17,600
"10_17_est_GP_param.csv","sigma",2.946158325,10,17,600
"10_17_est_GP_param.csv","mu[1]",1.724470974,10,17,600
"10_17_est_GP_param.csv","mu[2]",1.154746693,10,17,600
"10_17_est_GP_param.csv","mu[3]",-2.791615103,10,17,600
"10_17_est_GP_param.csv","mu[4]",1.137174388,10,17,600
"10_17_est_GP_param.csv","mu[5]",-3.267902183,10,17,600
"10_18_est_GP_param.csv","alpha",2.59861548,10,18,600
"10_18_est_GP_param.csv","rho",1.600525772,10,18,600
"10_18_est_GP_param.csv","sigma",2.865611589,10,18,600
"10_18_est_GP_param.csv","mu[1]",-0.888969505,10,18,600
"10_18_est_GP_param.csv","mu[2]",1.18961257,10,18,600
"10_18_est_GP_param.csv","mu[3]",0.078897037,10,18,600
"10_18_est_GP_param.csv","mu[4]",0.006182423,10,18,600
"10_18_est_GP_param.csv","mu[5]",-1.273315371,10,18,600
"10_19_est_GP_param.csv","alpha",3.146959294,10,19,600
"10_19_est_GP_param.csv","rho",1.85165439,10,19,600
"10_19_est_GP_param.csv","sigma",2.98337995,10,19,600
"10_19_est_GP_param.csv","mu[1]",-0.18270148,10,19,600
"10_19_est_GP_param.csv","mu[2]",0.929810656,10,19,600
"10_19_est_GP_param.csv","mu[3]",1.508406144,10,19,600
"10_19_est_GP_param.csv","mu[4]",1.982314355,10,19,600
"10_19_est_GP_param.csv","mu[5]",5.03058533,10,19,600
"10_2_est_GP_param.csv","alpha",3.102319513,10,2,600
"10_2_est_GP_param.csv","rho",1.651405564,10,2,600
"10_2_est_GP_param.csv","sigma",3.042553473,10,2,600
"10_2_est_GP_param.csv","mu[1]",-0.870756387,10,2,600
"10_2_est_GP_param.csv","mu[2]",4.797403069,10,2,600
"10_2_est_GP_param.csv","mu[3]",0.591907192,10,2,600
"10_2_est_GP_param.csv","mu[4]",1.000408843,10,2,600
"10_2_est_GP_param.csv","mu[5]",-1.26658739,10,2,600
"10_20_est_GP_param.csv","alpha",3.088469814,10,20,600
"10_20_est_GP_param.csv","rho",1.996446178,10,20,600
"10_20_est_GP_param.csv","sigma",3.094513941,10,20,600
"10_20_est_GP_param.csv","mu[1]",-0.744511214,10,20,600
"10_20_est_GP_param.csv","mu[2]",3.399106724,10,20,600
"10_20_est_GP_param.csv","mu[3]",0.819997689,10,20,600
"10_20_est_GP_param.csv","mu[4]",1.62594141,10,20,600
"10_20_est_GP_param.csv","mu[5]",1.178455681,10,20,600
"10_3_est_GP_param.csv","alpha",3.975086319,10,3,600
"10_3_est_GP_param.csv","rho",2.067359142,10,3,600
"10_3_est_GP_param.csv","sigma",2.915761137,10,3,600
"10_3_est_GP_param.csv","mu[1]",-1.922840695,10,3,600
"10_3_est_GP_param.csv","mu[2]",4.076390216,10,3,600
"10_3_est_GP_param.csv","mu[3]",7.013874895,10,3,600
"10_3_est_GP_param.csv","mu[4]",-3.022637594,10,3,600
"10_3_est_GP_param.csv","mu[5]",1.317466847,10,3,600
"10_4_est_GP_param.csv","alpha",3.245519235,10,4,600
"10_4_est_GP_param.csv","rho",2.460393992,10,4,600
"10_4_est_GP_param.csv","sigma",2.934786358,10,4,600
"10_4_est_GP_param.csv","mu[1]",5.453522666,10,4,600
"10_4_est_GP_param.csv","mu[2]",0.486131406,10,4,600
"10_4_est_GP_param.csv","mu[3]",0.937117078,10,4,600
"10_4_est_GP_param.csv","mu[4]",-2.871389026,10,4,600
"10_4_est_GP_param.csv","mu[5]",-1.084203415,10,4,600
"10_5_est_GP_param.csv","alpha",3.037829426,10,5,600
"10_5_est_GP_param.csv","rho",1.830302025,10,5,600
"10_5_est_GP_param.csv","sigma",3.062317226,10,5,600
"10_5_est_GP_param.csv","mu[1]",-3.041805642,10,5,600
"10_5_est_GP_param.csv","mu[2]",-2.088414741,10,5,600
"10_5_est_GP_param.csv","mu[3]",0.963345078,10,5,600
"10_5_est_GP_param.csv","mu[4]",2.2685773,10,5,600
"10_5_est_GP_param.csv","mu[5]",2.332292073,10,5,600
"10_6_est_GP_param.csv","alpha",3.153315173,10,6,600
"10_6_est_GP_param.csv","rho",1.639548138,10,6,600
"10_6_est_GP_param.csv","sigma",2.982077044,10,6,600
"10_6_est_GP_param.csv","mu[1]",-3.060412349,10,6,600
"10_6_est_GP_param.csv","mu[2]",0.500358582,10,6,600
"10_6_est_GP_param.csv","mu[3]",-2.250377715,10,6,600
"10_6_est_GP_param.csv","mu[4]",-2.622050571,10,6,600
"10_6_est_GP_param.csv","mu[5]",6.31814007,10,6,600
"10_7_est_GP_param.csv","alpha",3.346270314,10,7,600
"10_7_est_GP_param.csv","rho",1.717697471,10,7,600
"10_7_est_GP_param.csv","sigma",3.152401362,10,7,600
"10_7_est_GP_param.csv","mu[1]",4.357084764,10,7,600
"10_7_est_GP_param.csv","mu[2]",0.397921795,10,7,600
"10_7_est_GP_param.csv","mu[3]",-0.921140693,10,7,600
"10_7_est_GP_param.csv","mu[4]",-0.31915275,10,7,600
"10_7_est_GP_param.csv","mu[5]",-0.616130832,10,7,600
"10_8_est_GP_param.csv","alpha",3.00980816,10,8,600
"10_8_est_GP_param.csv","rho",1.80576135,10,8,600
"10_8_est_GP_param.csv","sigma",2.789286699,10,8,600
"10_8_est_GP_param.csv","mu[1]",1.69697778,10,8,600
"10_8_est_GP_param.csv","mu[2]",-0.048067638,10,8,600
"10_8_est_GP_param.csv","mu[3]",7.999848101,10,8,600
"10_8_est_GP_param.csv","mu[4]",2.76910076,10,8,600
"10_8_est_GP_param.csv","mu[5]",0.202551719,10,8,600
"10_9_est_GP_param.csv","alpha",2.96445605,10,9,600
"10_9_est_GP_param.csv","rho",1.816382445,10,9,600
"10_9_est_GP_param.csv","sigma",2.963935954,10,9,600
"10_9_est_GP_param.csv","mu[1]",-0.400480778,10,9,600
"10_9_est_GP_param.csv","mu[2]",-1.521925914,10,9,600
"10_9_est_GP_param.csv","mu[3]",-1.539096493,10,9,600
"10_9_est_GP_param.csv","mu[4]",-1.623351883,10,9,600
"10_9_est_GP_param.csv","mu[5]",-0.058279039,10,9,600
"11_10_est_GP_param.csv","alpha",2.146371195,11,10,600
"11_10_est_GP_param.csv","rho",2.045481392,11,10,600
"11_10_est_GP_param.csv","sigma",3.075921516,11,10,600
"11_10_est_GP_param.csv","mu[1]",-0.268414276,11,10,600
"11_10_est_GP_param.csv","mu[2]",-2.246983549,11,10,600
"11_10_est_GP_param.csv","mu[3]",-2.601237042,11,10,600
"11_10_est_GP_param.csv","mu[4]",4.132223734,11,10,600
"11_10_est_GP_param.csv","mu[5]",5.138278085,11,10,600
"11_11_est_GP_param.csv","alpha",1.954603635,11,11,600
"11_11_est_GP_param.csv","rho",1.674676769,11,11,600
"11_11_est_GP_param.csv","sigma",2.880500956,11,11,600
"11_11_est_GP_param.csv","mu[1]",2.482918306,11,11,600
"11_11_est_GP_param.csv","mu[2]",2.234377168,11,11,600
"11_11_est_GP_param.csv","mu[3]",0.382122761,11,11,600
"11_11_est_GP_param.csv","mu[4]",2.106648773,11,11,600
"11_11_est_GP_param.csv","mu[5]",-1.389363151,11,11,600
"11_12_est_GP_param.csv","alpha",2.871506687,11,12,600
"11_12_est_GP_param.csv","rho",1.923545535,11,12,600
"11_12_est_GP_param.csv","sigma",3.050636311,11,12,600
"11_12_est_GP_param.csv","mu[1]",-1.130644909,11,12,600
"11_12_est_GP_param.csv","mu[2]",0.927279249,11,12,600
"11_12_est_GP_param.csv","mu[3]",-1.838892264,11,12,600
"11_12_est_GP_param.csv","mu[4]",-1.173078946,11,12,600
"11_12_est_GP_param.csv","mu[5]",1.509116327,11,12,600
"11_13_est_GP_param.csv","alpha",3.293593738,11,13,600
"11_13_est_GP_param.csv","rho",2.777736137,11,13,600
"11_13_est_GP_param.csv","sigma",2.92292686,11,13,600
"11_13_est_GP_param.csv","mu[1]",2.372353735,11,13,600
"11_13_est_GP_param.csv","mu[2]",-2.119863486,11,13,600
"11_13_est_GP_param.csv","mu[3]",-0.426481996,11,13,600
"11_13_est_GP_param.csv","mu[4]",3.57948691,11,13,600
"11_13_est_GP_param.csv","mu[5]",-2.769639751,11,13,600
"11_14_est_GP_param.csv","alpha",3.154430938,11,14,600
"11_14_est_GP_param.csv","rho",2.005731224,11,14,600
"11_14_est_GP_param.csv","sigma",2.874292935,11,14,600
"11_14_est_GP_param.csv","mu[1]",0.321981287,11,14,600
"11_14_est_GP_param.csv","mu[2]",-1.761121345,11,14,600
"11_14_est_GP_param.csv","mu[3]",-0.08143995,11,14,600
"11_14_est_GP_param.csv","mu[4]",-3.235985089,11,14,600
"11_14_est_GP_param.csv","mu[5]",1.218167305,11,14,600
"11_15_est_GP_param.csv","alpha",3.029078571,11,15,600
"11_15_est_GP_param.csv","rho",2.145936034,11,15,600
"11_15_est_GP_param.csv","sigma",2.941860694,11,15,600
"11_15_est_GP_param.csv","mu[1]",0.431167167,11,15,600
"11_15_est_GP_param.csv","mu[2]",-1.734897827,11,15,600
"11_15_est_GP_param.csv","mu[3]",-1.464216988,11,15,600
"11_15_est_GP_param.csv","mu[4]",6.423389995,11,15,600
"11_15_est_GP_param.csv","mu[5]",-0.942793794,11,15,600
"11_16_est_GP_param.csv","alpha",3.765230194,11,16,600
"11_16_est_GP_param.csv","rho",2.383442064,11,16,600
"11_16_est_GP_param.csv","sigma",2.911521587,11,16,600
"11_16_est_GP_param.csv","mu[1]",1.805905226,11,16,600
"11_16_est_GP_param.csv","mu[2]",0.17973133,11,16,600
"11_16_est_GP_param.csv","mu[3]",-0.371562047,11,16,600
"11_16_est_GP_param.csv","mu[4]",-3.251728525,11,16,600
"11_16_est_GP_param.csv","mu[5]",1.087356062,11,16,600
"11_17_est_GP_param.csv","alpha",2.795673439,11,17,600
"11_17_est_GP_param.csv","rho",2.225953157,11,17,600
"11_17_est_GP_param.csv","sigma",2.824830209,11,17,600
"11_17_est_GP_param.csv","mu[1]",-0.330296892,11,17,600
"11_17_est_GP_param.csv","mu[2]",-0.529456684,11,17,600
"11_17_est_GP_param.csv","mu[3]",-3.457468516,11,17,600
"11_17_est_GP_param.csv","mu[4]",3.982758894,11,17,600
"11_17_est_GP_param.csv","mu[5]",-1.624489117,11,17,600
"11_18_est_GP_param.csv","alpha",1.895862705,11,18,600
"11_18_est_GP_param.csv","rho",1.285677789,11,18,600
"11_18_est_GP_param.csv","sigma",2.882048623,11,18,600
"11_18_est_GP_param.csv","mu[1]",1.41531903,11,18,600
"11_18_est_GP_param.csv","mu[2]",-0.65091087,11,18,600
"11_18_est_GP_param.csv","mu[3]",0.544804784,11,18,600
"11_18_est_GP_param.csv","mu[4]",0.540055483,11,18,600
"11_18_est_GP_param.csv","mu[5]",0.82749732,11,18,600
"11_19_est_GP_param.csv","alpha",3.551317573,11,19,600
"11_19_est_GP_param.csv","rho",2.392904462,11,19,600
"11_19_est_GP_param.csv","sigma",2.981690928,11,19,600
"11_19_est_GP_param.csv","mu[1]",-1.897346631,11,19,600
"11_19_est_GP_param.csv","mu[2]",-2.811670203,11,19,600
"11_19_est_GP_param.csv","mu[3]",1.123066015,11,19,600
"11_19_est_GP_param.csv","mu[4]",-1.74207151,11,19,600
"11_19_est_GP_param.csv","mu[5]",4.451502113,11,19,600
"11_2_est_GP_param.csv","alpha",3.452351713,11,2,600
"11_2_est_GP_param.csv","rho",3.025327232,11,2,600
"11_2_est_GP_param.csv","sigma",3.020424088,11,2,600
"11_2_est_GP_param.csv","mu[1]",4.02014332,11,2,600
"11_2_est_GP_param.csv","mu[2]",1.075226591,11,2,600
"11_2_est_GP_param.csv","mu[3]",0.997685734,11,2,600
"11_2_est_GP_param.csv","mu[4]",-1.241054987,11,2,600
"11_2_est_GP_param.csv","mu[5]",-3.151504696,11,2,600
"11_20_est_GP_param.csv","alpha",2.892503338,11,20,600
"11_20_est_GP_param.csv","rho",1.914048903,11,20,600
"11_20_est_GP_param.csv","sigma",2.882283962,11,20,600
"11_20_est_GP_param.csv","mu[1]",-2.613838308,11,20,600
"11_20_est_GP_param.csv","mu[2]",-2.665953181,11,20,600
"11_20_est_GP_param.csv","mu[3]",-2.084948645,11,20,600
"11_20_est_GP_param.csv","mu[4]",-1.625769866,11,20,600
"11_20_est_GP_param.csv","mu[5]",-1.264586517,11,20,600
"11_3_est_GP_param.csv","alpha",1.898150395,11,3,600
"11_3_est_GP_param.csv","rho",0.619932085,11,3,600
"11_3_est_GP_param.csv","sigma",2.934764779,11,3,600
"11_3_est_GP_param.csv","mu[1]",0.665237396,11,3,600
"11_3_est_GP_param.csv","mu[2]",1.778906782,11,3,600
"11_3_est_GP_param.csv","mu[3]",-3.472903384,11,3,600
"11_3_est_GP_param.csv","mu[4]",-0.097819642,11,3,600
"11_3_est_GP_param.csv","mu[5]",-3.848918093,11,3,600
"11_4_est_GP_param.csv","alpha",3.123716743,11,4,600
"11_4_est_GP_param.csv","rho",2.412312696,11,4,600
"11_4_est_GP_param.csv","sigma",3.0429452,11,4,600
"11_4_est_GP_param.csv","mu[1]",0.312980116,11,4,600
"11_4_est_GP_param.csv","mu[2]",-3.096099557,11,4,600
"11_4_est_GP_param.csv","mu[3]",-1.021662687,11,4,600
"11_4_est_GP_param.csv","mu[4]",2.273557862,11,4,600
"11_4_est_GP_param.csv","mu[5]",1.432137533,11,4,600
"11_5_est_GP_param.csv","alpha",2.794931398,11,5,600
"11_5_est_GP_param.csv","rho",2.158040003,11,5,600
"11_5_est_GP_param.csv","sigma",2.960279143,11,5,600
"11_5_est_GP_param.csv","mu[1]",-0.528377311,11,5,600
"11_5_est_GP_param.csv","mu[2]",1.734507041,11,5,600
"11_5_est_GP_param.csv","mu[3]",1.576158891,11,5,600
"11_5_est_GP_param.csv","mu[4]",-0.753705208,11,5,600
"11_5_est_GP_param.csv","mu[5]",-0.020701282,11,5,600
"11_6_est_GP_param.csv","alpha",3.964659504,11,6,600
"11_6_est_GP_param.csv","rho",2.969482631,11,6,600
"11_6_est_GP_param.csv","sigma",3.123722049,11,6,600
"11_6_est_GP_param.csv","mu[1]",3.325553159,11,6,600
"11_6_est_GP_param.csv","mu[2]",2.029334975,11,6,600
"11_6_est_GP_param.csv","mu[3]",-3.290947316,11,6,600
"11_6_est_GP_param.csv","mu[4]",1.118740664,11,6,600
"11_6_est_GP_param.csv","mu[5]",1.4532677,11,6,600
"11_7_est_GP_param.csv","alpha",2.784950127,11,7,600
"11_7_est_GP_param.csv","rho",1.878784212,11,7,600
"11_7_est_GP_param.csv","sigma",3.027885064,11,7,600
"11_7_est_GP_param.csv","mu[1]",-1.227177214,11,7,600
"11_7_est_GP_param.csv","mu[2]",-1.73712719,11,7,600
"11_7_est_GP_param.csv","mu[3]",-2.284399957,11,7,600
"11_7_est_GP_param.csv","mu[4]",4.778329055,11,7,600
"11_7_est_GP_param.csv","mu[5]",3.815239815,11,7,600
"11_8_est_GP_param.csv","alpha",2.332536023,11,8,600
"11_8_est_GP_param.csv","rho",1.963496705,11,8,600
"11_8_est_GP_param.csv","sigma",3.038165845,11,8,600
"11_8_est_GP_param.csv","mu[1]",2.839740353,11,8,600
"11_8_est_GP_param.csv","mu[2]",-0.668442104,11,8,600
"11_8_est_GP_param.csv","mu[3]",-1.95907695,11,8,600
"11_8_est_GP_param.csv","mu[4]",-1.078786666,11,8,600
"11_8_est_GP_param.csv","mu[5]",-0.790102962,11,8,600
"11_9_est_GP_param.csv","alpha",2.802355385,11,9,600
"11_9_est_GP_param.csv","rho",2.089582753,11,9,600
"11_9_est_GP_param.csv","sigma",2.917092291,11,9,600
"11_9_est_GP_param.csv","mu[1]",-2.032568448,11,9,600
"11_9_est_GP_param.csv","mu[2]",0.510888349,11,9,600
"11_9_est_GP_param.csv","mu[3]",0.590711293,11,9,600
"11_9_est_GP_param.csv","mu[4]",-1.441325937,11,9,600
"11_9_est_GP_param.csv","mu[5]",-2.584866266,11,9,600
"12_10_est_GP_param.csv","alpha",3.215765254,12,10,600
"12_10_est_GP_param.csv","rho",2.414246488,12,10,600
"12_10_est_GP_param.csv","sigma",3.114115933,12,10,600
"12_10_est_GP_param.csv","mu[1]",2.36344018,12,10,600
"12_10_est_GP_param.csv","mu[2]",-2.313116532,12,10,600
"12_10_est_GP_param.csv","mu[3]",-0.192250727,12,10,600
"12_10_est_GP_param.csv","mu[4]",-1.341414285,12,10,600
"12_10_est_GP_param.csv","mu[5]",0.652679363,12,10,600
"12_11_est_GP_param.csv","alpha",3.206910184,12,11,600
"12_11_est_GP_param.csv","rho",2.510982222,12,11,600
"12_11_est_GP_param.csv","sigma",2.848396847,12,11,600
"12_11_est_GP_param.csv","mu[1]",-0.196255275,12,11,600
"12_11_est_GP_param.csv","mu[2]",1.646715683,12,11,600
"12_11_est_GP_param.csv","mu[3]",2.007450327,12,11,600
"12_11_est_GP_param.csv","mu[4]",3.024505805,12,11,600
"12_11_est_GP_param.csv","mu[5]",1.444794684,12,11,600
"12_12_est_GP_param.csv","alpha",3.321230284,12,12,600
"12_12_est_GP_param.csv","rho",2.461028667,12,12,600
"12_12_est_GP_param.csv","sigma",2.982641484,12,12,600
"12_12_est_GP_param.csv","mu[1]",2.170176227,12,12,600
"12_12_est_GP_param.csv","mu[2]",0.70720716,12,12,600
"12_12_est_GP_param.csv","mu[3]",-2.559818973,12,12,600
"12_12_est_GP_param.csv","mu[4]",-2.558722917,12,12,600
"12_12_est_GP_param.csv","mu[5]",-0.337362954,12,12,600
"12_13_est_GP_param.csv","alpha",2.655163536,12,13,600
"12_13_est_GP_param.csv","rho",1.90457399,12,13,600
"12_13_est_GP_param.csv","sigma",3.077491438,12,13,600
"12_13_est_GP_param.csv","mu[1]",-0.282701111,12,13,600
"12_13_est_GP_param.csv","mu[2]",2.910378365,12,13,600
"12_13_est_GP_param.csv","mu[3]",-1.125421382,12,13,600
"12_13_est_GP_param.csv","mu[4]",-2.96834753,12,13,600
"12_13_est_GP_param.csv","mu[5]",2.291756959,12,13,600
"12_14_est_GP_param.csv","alpha",2.42475006,12,14,600
"12_14_est_GP_param.csv","rho",1.75676535,12,14,600
"12_14_est_GP_param.csv","sigma",3.076861621,12,14,600
"12_14_est_GP_param.csv","mu[1]",6.108917488,12,14,600
"12_14_est_GP_param.csv","mu[2]",-0.624794682,12,14,600
"12_14_est_GP_param.csv","mu[3]",-1.599518826,12,14,600
"12_14_est_GP_param.csv","mu[4]",2.027345513,12,14,600
"12_14_est_GP_param.csv","mu[5]",-3.242463806,12,14,600
"12_15_est_GP_param.csv","alpha",3.366465042,12,15,600
"12_15_est_GP_param.csv","rho",2.899124754,12,15,600
"12_15_est_GP_param.csv","sigma",2.960256014,12,15,600
"12_15_est_GP_param.csv","mu[1]",1.390028926,12,15,600
"12_15_est_GP_param.csv","mu[2]",3.718485886,12,15,600
"12_15_est_GP_param.csv","mu[3]",-2.962936097,12,15,600
"12_15_est_GP_param.csv","mu[4]",1.574079648,12,15,600
"12_15_est_GP_param.csv","mu[5]",-1.782078818,12,15,600
"12_16_est_GP_param.csv","alpha",3.659286133,12,16,600
"12_16_est_GP_param.csv","rho",2.369270294,12,16,600
"12_16_est_GP_param.csv","sigma",3.128367769,12,16,600
"12_16_est_GP_param.csv","mu[1]",-2.728305826,12,16,600
"12_16_est_GP_param.csv","mu[2]",5.040898118,12,16,600
"12_16_est_GP_param.csv","mu[3]",0.493058723,12,16,600
"12_16_est_GP_param.csv","mu[4]",6.33370984,12,16,600
"12_16_est_GP_param.csv","mu[5]",-0.444242606,12,16,600
"12_17_est_GP_param.csv","alpha",2.296804242,12,17,600
"12_17_est_GP_param.csv","rho",1.824307237,12,17,600
"12_17_est_GP_param.csv","sigma",3.026925384,12,17,600
"12_17_est_GP_param.csv","mu[1]",0.061019982,12,17,600
"12_17_est_GP_param.csv","mu[2]",-2.259990976,12,17,600
"12_17_est_GP_param.csv","mu[3]",-2.613691731,12,17,600
"12_17_est_GP_param.csv","mu[4]",0.813134021,12,17,600
"12_17_est_GP_param.csv","mu[5]",-1.307664763,12,17,600
"12_18_est_GP_param.csv","alpha",2.936384799,12,18,600
"12_18_est_GP_param.csv","rho",2.161568854,12,18,600
"12_18_est_GP_param.csv","sigma",2.988733601,12,18,600
"12_18_est_GP_param.csv","mu[1]",-1.783311119,12,18,600
"12_18_est_GP_param.csv","mu[2]",0.217160273,12,18,600
"12_18_est_GP_param.csv","mu[3]",-3.15122294,12,18,600
"12_18_est_GP_param.csv","mu[4]",4.369874918,12,18,600
"12_18_est_GP_param.csv","mu[5]",2.16708761,12,18,600
"12_19_est_GP_param.csv","alpha",2.844274981,12,19,600
"12_19_est_GP_param.csv","rho",2.463240681,12,19,600
"12_19_est_GP_param.csv","sigma",2.921188621,12,19,600
"12_19_est_GP_param.csv","mu[1]",0.095913984,12,19,600
"12_19_est_GP_param.csv","mu[2]",-2.303785781,12,19,600
"12_19_est_GP_param.csv","mu[3]",-0.759932343,12,19,600
"12_19_est_GP_param.csv","mu[4]",-2.70055757,12,19,600
"12_19_est_GP_param.csv","mu[5]",1.043322995,12,19,600
"12_2_est_GP_param.csv","alpha",2.637486863,12,2,600
"12_2_est_GP_param.csv","rho",2.288162587,12,2,600
"12_2_est_GP_param.csv","sigma",3.03594127,12,2,600
"12_2_est_GP_param.csv","mu[1]",-2.270268245,12,2,600
"12_2_est_GP_param.csv","mu[2]",-0.785429463,12,2,600
"12_2_est_GP_param.csv","mu[3]",-0.988437256,12,2,600
"12_2_est_GP_param.csv","mu[4]",2.264113266,12,2,600
"12_2_est_GP_param.csv","mu[5]",-1.369797072,12,2,600
"12_20_est_GP_param.csv","alpha",2.408657436,12,20,600
"12_20_est_GP_param.csv","rho",2.030839813,12,20,600
"12_20_est_GP_param.csv","sigma",3.01012399,12,20,600
"12_20_est_GP_param.csv","mu[1]",0.258212337,12,20,600
"12_20_est_GP_param.csv","mu[2]",1.716114849,12,20,600
"12_20_est_GP_param.csv","mu[3]",-0.936356514,12,20,600
"12_20_est_GP_param.csv","mu[4]",4.886764499,12,20,600
"12_20_est_GP_param.csv","mu[5]",1.385829512,12,20,600
"12_3_est_GP_param.csv","alpha",1.213008209,12,3,600
"12_3_est_GP_param.csv","rho",-0.218108098,12,3,600
"12_3_est_GP_param.csv","sigma",2.75698729,12,3,600
"12_3_est_GP_param.csv","mu[1]",-1.640230142,12,3,600
"12_3_est_GP_param.csv","mu[2]",0.454553364,12,3,600
"12_3_est_GP_param.csv","mu[3]",-1.381911221,12,3,600
"12_3_est_GP_param.csv","mu[4]",2.557868779,12,3,600
"12_3_est_GP_param.csv","mu[5]",0.826508305,12,3,600
"12_4_est_GP_param.csv","alpha",2.51434993,12,4,600
"12_4_est_GP_param.csv","rho",2.00269912,12,4,600
"12_4_est_GP_param.csv","sigma",2.808326112,12,4,600
"12_4_est_GP_param.csv","mu[1]",6.758458458,12,4,600
"12_4_est_GP_param.csv","mu[2]",-0.27280019,12,4,600
"12_4_est_GP_param.csv","mu[3]",0.93118806,12,4,600
"12_4_est_GP_param.csv","mu[4]",-1.287868734,12,4,600
"12_4_est_GP_param.csv","mu[5]",-2.28522079,12,4,600
"12_5_est_GP_param.csv","alpha",3.557707642,12,5,600
"12_5_est_GP_param.csv","rho",2.562314877,12,5,600
"12_5_est_GP_param.csv","sigma",2.913593166,12,5,600
"12_5_est_GP_param.csv","mu[1]",-0.961651229,12,5,600
"12_5_est_GP_param.csv","mu[2]",-1.03078472,12,5,600
"12_5_est_GP_param.csv","mu[3]",3.594366359,12,5,600
"12_5_est_GP_param.csv","mu[4]",-3.234464299,12,5,600
"12_5_est_GP_param.csv","mu[5]",1.390226071,12,5,600
"12_6_est_GP_param.csv","alpha",2.376605089,12,6,600
"12_6_est_GP_param.csv","rho",2.304527129,12,6,600
"12_6_est_GP_param.csv","sigma",3.063215927,12,6,600
"12_6_est_GP_param.csv","mu[1]",1.624485705,12,6,600
"12_6_est_GP_param.csv","mu[2]",-1.421890862,12,6,600
"12_6_est_GP_param.csv","mu[3]",3.219993509,12,6,600
"12_6_est_GP_param.csv","mu[4]",-0.048908948,12,6,600
"12_6_est_GP_param.csv","mu[5]",-1.380893409,12,6,600
"12_7_est_GP_param.csv","alpha",2.77821707,12,7,600
"12_7_est_GP_param.csv","rho",2.476019642,12,7,600
"12_7_est_GP_param.csv","sigma",3.032179958,12,7,600
"12_7_est_GP_param.csv","mu[1]",3.187094001,12,7,600
"12_7_est_GP_param.csv","mu[2]",-2.794917698,12,7,600
"12_7_est_GP_param.csv","mu[3]",0.000239971,12,7,600
"12_7_est_GP_param.csv","mu[4]",1.795445889,12,7,600
"12_7_est_GP_param.csv","mu[5]",-0.969667758,12,7,600
"12_8_est_GP_param.csv","alpha",2.931879248,12,8,600
"12_8_est_GP_param.csv","rho",2.413976843,12,8,600
"12_8_est_GP_param.csv","sigma",3.145030604,12,8,600
"12_8_est_GP_param.csv","mu[1]",-0.435998821,12,8,600
"12_8_est_GP_param.csv","mu[2]",0.180369231,12,8,600
"12_8_est_GP_param.csv","mu[3]",1.12661217,12,8,600
"12_8_est_GP_param.csv","mu[4]",3.680062042,12,8,600
"12_8_est_GP_param.csv","mu[5]",1.308234639,12,8,600
"12_9_est_GP_param.csv","alpha",2.522322293,12,9,600
"12_9_est_GP_param.csv","rho",2.169037718,12,9,600
"12_9_est_GP_param.csv","sigma",3.071266019,12,9,600
"12_9_est_GP_param.csv","mu[1]",0.543996401,12,9,600
"12_9_est_GP_param.csv","mu[2]",3.236923834,12,9,600
"12_9_est_GP_param.csv","mu[3]",1.665509772,12,9,600
"12_9_est_GP_param.csv","mu[4]",-1.130018428,12,9,600
"12_9_est_GP_param.csv","mu[5]",-2.65773009,12,9,600
"2_10_est_GP_param.csv","alpha",2.665184173,2,10,600
"2_10_est_GP_param.csv","rho",-2.47412283,2,10,600
"2_10_est_GP_param.csv","sigma",2.504663135,2,10,600
"2_10_est_GP_param.csv","mu[1]",3.019404451,2,10,600
"2_10_est_GP_param.csv","mu[2]",9.223024627,2,10,600
"2_10_est_GP_param.csv","mu[3]",3.663822424,2,10,600
"2_10_est_GP_param.csv","mu[4]",-3.486254394,2,10,600
"2_10_est_GP_param.csv","mu[5]",5.466051864,2,10,600
"2_11_est_GP_param.csv","alpha",2.749446167,2,11,600
"2_11_est_GP_param.csv","rho",-2.312673482,2,11,600
"2_11_est_GP_param.csv","sigma",2.351508331,2,11,600
"2_11_est_GP_param.csv","mu[1]",-1.902593632,2,11,600
"2_11_est_GP_param.csv","mu[2]",-0.089738279,2,11,600
"2_11_est_GP_param.csv","mu[3]",-2.011722933,2,11,600
"2_11_est_GP_param.csv","mu[4]",-0.287138765,2,11,600
"2_11_est_GP_param.csv","mu[5]",3.184341344,2,11,600
"2_12_est_GP_param.csv","alpha",2.046538872,2,12,600
"2_12_est_GP_param.csv","rho",-0.138022176,2,12,600
"2_12_est_GP_param.csv","sigma",3.42073453,2,12,600
"2_12_est_GP_param.csv","mu[1]",3.311059013,2,12,600
"2_12_est_GP_param.csv","mu[2]",-1.47072367,2,12,600
"2_12_est_GP_param.csv","mu[3]",-4.340541343,2,12,600
"2_12_est_GP_param.csv","mu[4]",2.110040039,2,12,600
"2_12_est_GP_param.csv","mu[5]",-0.788527755,2,12,600
"2_13_est_GP_param.csv","alpha",2.824044209,2,13,600
"2_13_est_GP_param.csv","rho",-0.154638156,2,13,600
"2_13_est_GP_param.csv","sigma",2.930842621,2,13,600
"2_13_est_GP_param.csv","mu[1]",3.945508398,2,13,600
"2_13_est_GP_param.csv","mu[2]",-3.585185879,2,13,600
"2_13_est_GP_param.csv","mu[3]",-2.287607746,2,13,600
"2_13_est_GP_param.csv","mu[4]",-0.967153112,2,13,600
"2_13_est_GP_param.csv","mu[5]",0.480793387,2,13,600
"2_14_est_GP_param.csv","alpha",2.865405505,2,14,600
"2_14_est_GP_param.csv","rho",-2.682856695,2,14,600
"2_14_est_GP_param.csv","sigma",2.071576851,2,14,600
"2_14_est_GP_param.csv","mu[1]",-3.109588224,2,14,600
"2_14_est_GP_param.csv","mu[2]",4.214445099,2,14,600
"2_14_est_GP_param.csv","mu[3]",0.091565955,2,14,600
"2_14_est_GP_param.csv","mu[4]",-0.835269599,2,14,600
"2_14_est_GP_param.csv","mu[5]",-0.04246079,2,14,600
"2_15_est_GP_param.csv","alpha",3.15106831,2,15,600
"2_15_est_GP_param.csv","rho",-2.747199103,2,15,600
"2_15_est_GP_param.csv","sigma",1.704056284,2,15,600
"2_15_est_GP_param.csv","mu[1]",6.473241783,2,15,600
"2_15_est_GP_param.csv","mu[2]",-2.821906717,2,15,600
"2_15_est_GP_param.csv","mu[3]",3.110426466,2,15,600
"2_15_est_GP_param.csv","mu[4]",-2.918416264,2,15,600
"2_15_est_GP_param.csv","mu[5]",1.629526921,2,15,600
"2_16_est_GP_param.csv","alpha",2.027482894,2,16,600
"2_16_est_GP_param.csv","rho",-1.905955451,2,16,600
"2_16_est_GP_param.csv","sigma",2.868660894,2,16,600
"2_16_est_GP_param.csv","mu[1]",1.375399878,2,16,600
"2_16_est_GP_param.csv","mu[2]",0.531999947,2,16,600
"2_16_est_GP_param.csv","mu[3]",-0.969577785,2,16,600
"2_16_est_GP_param.csv","mu[4]",-3.711299717,2,16,600
"2_16_est_GP_param.csv","mu[5]",3.032880527,2,16,600
"2_17_est_GP_param.csv","alpha",3.11829243,2,17,600
"2_17_est_GP_param.csv","rho",2.409870659,2,17,600
"2_17_est_GP_param.csv","sigma",3.430082167,2,17,600
"2_17_est_GP_param.csv","mu[1]",-2.72055434,2,17,600
"2_17_est_GP_param.csv","mu[2]",2.75868492,2,17,600
"2_17_est_GP_param.csv","mu[3]",-3.083857329,2,17,600
"2_17_est_GP_param.csv","mu[4]",0.121389249,2,17,600
"2_17_est_GP_param.csv","mu[5]",0.448819289,2,17,600
"2_18_est_GP_param.csv","alpha",2.334924609,2,18,600
"2_18_est_GP_param.csv","rho",-2.326441283,2,18,600
"2_18_est_GP_param.csv","sigma",2.638448482,2,18,600
"2_18_est_GP_param.csv","mu[1]",-2.237587324,2,18,600
"2_18_est_GP_param.csv","mu[2]",-0.203637506,2,18,600
"2_18_est_GP_param.csv","mu[3]",-1.059928388,2,18,600
"2_18_est_GP_param.csv","mu[4]",2.421651702,2,18,600
"2_18_est_GP_param.csv","mu[5]",-1.483833928,2,18,600
"2_19_est_GP_param.csv","alpha",2.103207345,2,19,600
"2_19_est_GP_param.csv","rho",-2.129221356,2,19,600
"2_19_est_GP_param.csv","sigma",2.875868784,2,19,600
"2_19_est_GP_param.csv","mu[1]",0.218738812,2,19,600
"2_19_est_GP_param.csv","mu[2]",-2.619713383,2,19,600
"2_19_est_GP_param.csv","mu[3]",2.015591306,2,19,600
"2_19_est_GP_param.csv","mu[4]",6.260507468,2,19,600
"2_19_est_GP_param.csv","mu[5]",-4.678756075,2,19,600
"2_2_est_GP_param.csv","alpha",2.422258209,2,2,600
"2_2_est_GP_param.csv","rho",-2.237332032,2,2,600
"2_2_est_GP_param.csv","sigma",2.729368842,2,2,600
"2_2_est_GP_param.csv","mu[1]",-0.076478232,2,2,600
"2_2_est_GP_param.csv","mu[2]",2.136969575,2,2,600
"2_2_est_GP_param.csv","mu[3]",-4.825857189,2,2,600
"2_2_est_GP_param.csv","mu[4]",-3.809364328,2,2,600
"2_2_est_GP_param.csv","mu[5]",-1.043784643,2,2,600
"2_20_est_GP_param.csv","alpha",2.321531828,2,20,600
"2_20_est_GP_param.csv","rho",-2.282364709,2,20,600
"2_20_est_GP_param.csv","sigma",2.86176122,2,20,600
"2_20_est_GP_param.csv","mu[1]",3.348244265,2,20,600
"2_20_est_GP_param.csv","mu[2]",-0.152960091,2,20,600
"2_20_est_GP_param.csv","mu[3]",-4.10471376,2,20,600
"2_20_est_GP_param.csv","mu[4]",-1.647448881,2,20,600
"2_20_est_GP_param.csv","mu[5]",0.669348102,2,20,600
"2_3_est_GP_param.csv","alpha",2.88780562,2,3,600
"2_3_est_GP_param.csv","rho",-2.586682677,2,3,600
"2_3_est_GP_param.csv","sigma",2.183718453,2,3,600
"2_3_est_GP_param.csv","mu[1]",-0.618800854,2,3,600
"2_3_est_GP_param.csv","mu[2]",5.886942163,2,3,600
"2_3_est_GP_param.csv","mu[3]",4.080194819,2,3,600
"2_3_est_GP_param.csv","mu[4]",0.681423821,2,3,600
"2_3_est_GP_param.csv","mu[5]",0.586583384,2,3,600
"2_4_est_GP_param.csv","alpha",2.097145223,2,4,600
"2_4_est_GP_param.csv","rho",0.874662191,2,4,600
"2_4_est_GP_param.csv","sigma",3.368030271,2,4,600
"2_4_est_GP_param.csv","mu[1]",-2.582990536,2,4,600
"2_4_est_GP_param.csv","mu[2]",2.643578425,2,4,600
"2_4_est_GP_param.csv","mu[3]",1.845029341,2,4,600
"2_4_est_GP_param.csv","mu[4]",-3.998562126,2,4,600
"2_4_est_GP_param.csv","mu[5]",-1.104225457,2,4,600
"2_5_est_GP_param.csv","alpha",2.070875017,2,5,600
"2_5_est_GP_param.csv","rho",-1.947189572,2,5,600
"2_5_est_GP_param.csv","sigma",2.90917094,2,5,600
"2_5_est_GP_param.csv","mu[1]",3.085735585,2,5,600
"2_5_est_GP_param.csv","mu[2]",-0.271954101,2,5,600
"2_5_est_GP_param.csv","mu[3]",-0.789304049,2,5,600
"2_5_est_GP_param.csv","mu[4]",4.414553783,2,5,600
"2_5_est_GP_param.csv","mu[5]",-0.415545429,2,5,600
"2_6_est_GP_param.csv","alpha",2.253014856,2,6,600
"2_6_est_GP_param.csv","rho",-2.014414166,2,6,600
"2_6_est_GP_param.csv","sigma",2.524541105,2,6,600
"2_6_est_GP_param.csv","mu[1]",-0.546021749,2,6,600
"2_6_est_GP_param.csv","mu[2]",-2.603389302,2,6,600
"2_6_est_GP_param.csv","mu[3]",2.123533359,2,6,600
"2_6_est_GP_param.csv","mu[4]",-2.044498413,2,6,600
"2_6_est_GP_param.csv","mu[5]",2.517592176,2,6,600
"2_7_est_GP_param.csv","alpha",2.258292679,2,7,600
"2_7_est_GP_param.csv","rho",-2.378144097,2,7,600
"2_7_est_GP_param.csv","sigma",2.854661669,2,7,600
"2_7_est_GP_param.csv","mu[1]",1.933135401,2,7,600
"2_7_est_GP_param.csv","mu[2]",8.341679327,2,7,600
"2_7_est_GP_param.csv","mu[3]",-0.867784495,2,7,600
"2_7_est_GP_param.csv","mu[4]",3.016245005,2,7,600
"2_7_est_GP_param.csv","mu[5]",5.3652448,2,7,600
"2_8_est_GP_param.csv","alpha",2.272972748,2,8,600
"2_8_est_GP_param.csv","rho",-0.359233342,2,8,600
"2_8_est_GP_param.csv","sigma",3.050921911,2,8,600
"2_8_est_GP_param.csv","mu[1]",-2.194438018,2,8,600
"2_8_est_GP_param.csv","mu[2]",3.433285519,2,8,600
"2_8_est_GP_param.csv","mu[3]",0.562274277,2,8,600
"2_8_est_GP_param.csv","mu[4]",0.53566192,2,8,600
"2_8_est_GP_param.csv","mu[5]",2.286128452,2,8,600
"2_9_est_GP_param.csv","alpha",2.574669492,2,9,600
"2_9_est_GP_param.csv","rho",-2.58381515,2,9,600
"2_9_est_GP_param.csv","sigma",2.353292564,2,9,600
"2_9_est_GP_param.csv","mu[1]",-2.81270432,2,9,600
"2_9_est_GP_param.csv","mu[2]",-0.621952862,2,9,600
"2_9_est_GP_param.csv","mu[3]",-0.654293079,2,9,600
"2_9_est_GP_param.csv","mu[4]",-3.460141367,2,9,600
"2_9_est_GP_param.csv","mu[5]",1.146450007,2,9,600
"3_10_est_GP_param.csv","alpha",2.498183181,3,10,600
"3_10_est_GP_param.csv","rho",-1.187319032,3,10,600
"3_10_est_GP_param.csv","sigma",3.058662592,3,10,600
"3_10_est_GP_param.csv","mu[1]",-2.060595563,3,10,600
"3_10_est_GP_param.csv","mu[2]",1.918820961,3,10,600
"3_10_est_GP_param.csv","mu[3]",2.316454439,3,10,600
"3_10_est_GP_param.csv","mu[4]",-0.714121512,3,10,600
"3_10_est_GP_param.csv","mu[5]",2.778484547,3,10,600
"3_11_est_GP_param.csv","alpha",2.253736816,3,11,600
"3_11_est_GP_param.csv","rho",-1.392000866,3,11,600
"3_11_est_GP_param.csv","sigma",2.924059822,3,11,600
"3_11_est_GP_param.csv","mu[1]",-0.246253395,3,11,600
"3_11_est_GP_param.csv","mu[2]",-2.456512596,3,11,600
"3_11_est_GP_param.csv","mu[3]",-4.76132167,3,11,600
"3_11_est_GP_param.csv","mu[4]",1.906270892,3,11,600
"3_11_est_GP_param.csv","mu[5]",-3.392411803,3,11,600
"3_12_est_GP_param.csv","alpha",2.013395054,3,12,600
"3_12_est_GP_param.csv","rho",-1.541841335,3,12,600
"3_12_est_GP_param.csv","sigma",2.904506242,3,12,600
"3_12_est_GP_param.csv","mu[1]",5.114130264,3,12,600
"3_12_est_GP_param.csv","mu[2]",1.25761597,3,12,600
"3_12_est_GP_param.csv","mu[3]",1.345088112,3,12,600
"3_12_est_GP_param.csv","mu[4]",3.915743851,3,12,600
"3_12_est_GP_param.csv","mu[5]",-1.560059811,3,12,600
"3_13_est_GP_param.csv","alpha",2.316281392,3,13,600
"3_13_est_GP_param.csv","rho",-1.235240814,3,13,600
"3_13_est_GP_param.csv","sigma",2.835207,3,13,600
"3_13_est_GP_param.csv","mu[1]",-2.090552818,3,13,600
"3_13_est_GP_param.csv","mu[2]",-2.827612561,3,13,600
"3_13_est_GP_param.csv","mu[3]",-0.162446843,3,13,600
"3_13_est_GP_param.csv","mu[4]",1.830472934,3,13,600
"3_13_est_GP_param.csv","mu[5]",-0.484410001,3,13,600
"3_14_est_GP_param.csv","alpha",2.235062434,3,14,600
"3_14_est_GP_param.csv","rho",-2.006633753,3,14,600
"3_14_est_GP_param.csv","sigma",2.767162217,3,14,600
"3_14_est_GP_param.csv","mu[1]",-4.050164296,3,14,600
"3_14_est_GP_param.csv","mu[2]",-0.904030847,3,14,600
"3_14_est_GP_param.csv","mu[3]",0.428708532,3,14,600
"3_14_est_GP_param.csv","mu[4]",-2.85651052,3,14,600
"3_14_est_GP_param.csv","mu[5]",4.733201297,3,14,600
"3_15_est_GP_param.csv","alpha",2.516323124,3,15,600
"3_15_est_GP_param.csv","rho",-1.686386475,3,15,600
"3_15_est_GP_param.csv","sigma",2.612851461,3,15,600
"3_15_est_GP_param.csv","mu[1]",0.20156171,3,15,600
"3_15_est_GP_param.csv","mu[2]",4.696869077,3,15,600
"3_15_est_GP_param.csv","mu[3]",-1.759070408,3,15,600
"3_15_est_GP_param.csv","mu[4]",0.42877628,3,15,600
"3_15_est_GP_param.csv","mu[5]",5.321418578,3,15,600
"3_16_est_GP_param.csv","alpha",2.377560815,3,16,600
"3_16_est_GP_param.csv","rho",-1.189383577,3,16,600
"3_16_est_GP_param.csv","sigma",3.144610328,3,16,600
"3_16_est_GP_param.csv","mu[1]",0.162303981,3,16,600
"3_16_est_GP_param.csv","mu[2]",2.416797756,3,16,600
"3_16_est_GP_param.csv","mu[3]",0.737940682,3,16,600
"3_16_est_GP_param.csv","mu[4]",-0.337642512,3,16,600
"3_16_est_GP_param.csv","mu[5]",-2.73467503,3,16,600
"3_17_est_GP_param.csv","alpha",2.312652184,3,17,600
"3_17_est_GP_param.csv","rho",-1.275702116,3,17,600
"3_17_est_GP_param.csv","sigma",2.961204099,3,17,600
"3_17_est_GP_param.csv","mu[1]",-0.943252603,3,17,600
"3_17_est_GP_param.csv","mu[2]",3.884374057,3,17,600
"3_17_est_GP_param.csv","mu[3]",-2.199797564,3,17,600
"3_17_est_GP_param.csv","mu[4]",2.078863186,3,17,600
"3_17_est_GP_param.csv","mu[5]",-0.951581915,3,17,600
"3_18_est_GP_param.csv","alpha",2.377230145,3,18,600
"3_18_est_GP_param.csv","rho",-1.457336533,3,18,600
"3_18_est_GP_param.csv","sigma",2.926229715,3,18,600
"3_18_est_GP_param.csv","mu[1]",1.595694536,3,18,600
"3_18_est_GP_param.csv","mu[2]",4.989801983,3,18,600
"3_18_est_GP_param.csv","mu[3]",2.095369565,3,18,600
"3_18_est_GP_param.csv","mu[4]",0.587953263,3,18,600
"3_18_est_GP_param.csv","mu[5]",-0.043412998,3,18,600
"3_19_est_GP_param.csv","alpha",2.001798791,3,19,600
"3_19_est_GP_param.csv","rho",-1.312673173,3,19,600
"3_19_est_GP_param.csv","sigma",2.936650089,3,19,600
"3_19_est_GP_param.csv","mu[1]",-1.191998695,3,19,600
"3_19_est_GP_param.csv","mu[2]",4.554450314,3,19,600
"3_19_est_GP_param.csv","mu[3]",0.593561579,3,19,600
"3_19_est_GP_param.csv","mu[4]",-2.677199933,3,19,600
"3_19_est_GP_param.csv","mu[5]",-3.454137668,3,19,600
"3_2_est_GP_param.csv","alpha",1.990070032,3,2,600
"3_2_est_GP_param.csv","rho",-1.240540993,3,2,600
"3_2_est_GP_param.csv","sigma",3.017430082,3,2,600
"3_2_est_GP_param.csv","mu[1]",-0.685729877,3,2,600
"3_2_est_GP_param.csv","mu[2]",4.93481707,3,2,600
"3_2_est_GP_param.csv","mu[3]",-2.586863487,3,2,600
"3_2_est_GP_param.csv","mu[4]",-0.479621312,3,2,600
"3_2_est_GP_param.csv","mu[5]",2.603811941,3,2,600
"3_20_est_GP_param.csv","alpha",2.015021992,3,20,600
"3_20_est_GP_param.csv","rho",-1.368252166,3,20,600
"3_20_est_GP_param.csv","sigma",2.915305829,3,20,600
"3_20_est_GP_param.csv","mu[1]",0.193599784,3,20,600
"3_20_est_GP_param.csv","mu[2]",-1.937603615,3,20,600
"3_20_est_GP_param.csv","mu[3]",0.093129094,3,20,600
"3_20_est_GP_param.csv","mu[4]",7.106125138,3,20,600
"3_20_est_GP_param.csv","mu[5]",3.990595194,3,20,600
"3_3_est_GP_param.csv","alpha",1.90788413,3,3,600
"3_3_est_GP_param.csv","rho",-1.350902794,3,3,600
"3_3_est_GP_param.csv","sigma",2.996442575,3,3,600
"3_3_est_GP_param.csv","mu[1]",2.562547312,3,3,600
"3_3_est_GP_param.csv","mu[2]",-3.749022244,3,3,600
"3_3_est_GP_param.csv","mu[3]",-1.567705827,3,3,600
"3_3_est_GP_param.csv","mu[4]",-2.136901655,3,3,600
"3_3_est_GP_param.csv","mu[5]",-3.440831231,3,3,600
"3_4_est_GP_param.csv","alpha",2.251957277,3,4,600
"3_4_est_GP_param.csv","rho",-1.457573924,3,4,600
"3_4_est_GP_param.csv","sigma",2.623213359,3,4,600
"3_4_est_GP_param.csv","mu[1]",5.842908346,3,4,600
"3_4_est_GP_param.csv","mu[2]",0.001781627,3,4,600
"3_4_est_GP_param.csv","mu[3]",4.81733188,3,4,600
"3_4_est_GP_param.csv","mu[4]",-0.241703929,3,4,600
"3_4_est_GP_param.csv","mu[5]",-2.695133643,3,4,600
"3_5_est_GP_param.csv","alpha",3.309251766,3,5,600
"3_5_est_GP_param.csv","rho",2.192117886,3,5,600
"3_5_est_GP_param.csv","sigma",3.41079957,3,5,600
"3_5_est_GP_param.csv","mu[1]",2.214801288,3,5,600
"3_5_est_GP_param.csv","mu[2]",-0.274689816,3,5,600
"3_5_est_GP_param.csv","mu[3]",-3.148271607,3,5,600
"3_5_est_GP_param.csv","mu[4]",3.957374403,3,5,600
"3_5_est_GP_param.csv","mu[5]",-2.758873537,3,5,600
"3_6_est_GP_param.csv","alpha",1.962393821,3,6,600
"3_6_est_GP_param.csv","rho",-1.55502205,3,6,600
"3_6_est_GP_param.csv","sigma",2.849080832,3,6,600
"3_6_est_GP_param.csv","mu[1]",1.260376391,3,6,600
"3_6_est_GP_param.csv","mu[2]",-3.439182604,3,6,600
"3_6_est_GP_param.csv","mu[3]",2.292592932,3,6,600
"3_6_est_GP_param.csv","mu[4]",3.408815065,3,6,600
"3_6_est_GP_param.csv","mu[5]",-1.993502241,3,6,600
"3_7_est_GP_param.csv","alpha",1.862280626,3,7,600
"3_7_est_GP_param.csv","rho",-1.636501923,3,7,600
"3_7_est_GP_param.csv","sigma",2.92611324,3,7,600
"3_7_est_GP_param.csv","mu[1]",4.180117487,3,7,600
"3_7_est_GP_param.csv","mu[2]",-4.463613111,3,7,600
"3_7_est_GP_param.csv","mu[3]",4.194694219,3,7,600
"3_7_est_GP_param.csv","mu[4]",2.959789739,3,7,600
"3_7_est_GP_param.csv","mu[5]",2.755507109,3,7,600
"3_8_est_GP_param.csv","alpha",2.079251436,3,8,600
"3_8_est_GP_param.csv","rho",-1.405327911,3,8,600
"3_8_est_GP_param.csv","sigma",3.076569415,3,8,600
"3_8_est_GP_param.csv","mu[1]",0.889713729,3,8,600
"3_8_est_GP_param.csv","mu[2]",5.025576469,3,8,600
"3_8_est_GP_param.csv","mu[3]",2.746708177,3,8,600
"3_8_est_GP_param.csv","mu[4]",0.652219148,3,8,600
"3_8_est_GP_param.csv","mu[5]",7.173318934,3,8,600
"3_9_est_GP_param.csv","alpha",1.892668836,3,9,600
"3_9_est_GP_param.csv","rho",-1.371252476,3,9,600
"3_9_est_GP_param.csv","sigma",3.093781245,3,9,600
"3_9_est_GP_param.csv","mu[1]",-3.095404147,3,9,600
"3_9_est_GP_param.csv","mu[2]",-1.89381694,3,9,600
"3_9_est_GP_param.csv","mu[3]",-1.416224047,3,9,600
"3_9_est_GP_param.csv","mu[4]",-2.225908177,3,9,600
"3_9_est_GP_param.csv","mu[5]",-2.859283678,3,9,600
"4_10_est_GP_param.csv","alpha",2.182591248,4,10,600
"4_10_est_GP_param.csv","rho",-0.668162675,4,10,600
"4_10_est_GP_param.csv","sigma",2.916230215,4,10,600
"4_10_est_GP_param.csv","mu[1]",3.647653204,4,10,600
"4_10_est_GP_param.csv","mu[2]",-0.735799502,4,10,600
"4_10_est_GP_param.csv","mu[3]",1.111040073,4,10,600
"4_10_est_GP_param.csv","mu[4]",1.178217598,4,10,600
"4_10_est_GP_param.csv","mu[5]",2.157198772,4,10,600
"4_11_est_GP_param.csv","alpha",2.208528296,4,11,600
"4_11_est_GP_param.csv","rho",-0.741172916,4,11,600
"4_11_est_GP_param.csv","sigma",2.914303403,4,11,600
"4_11_est_GP_param.csv","mu[1]",1.893418264,4,11,600
"4_11_est_GP_param.csv","mu[2]",0.357912467,4,11,600
"4_11_est_GP_param.csv","mu[3]",-3.030978043,4,11,600
"4_11_est_GP_param.csv","mu[4]",1.334960592,4,11,600
"4_11_est_GP_param.csv","mu[5]",3.238326263,4,11,600
"4_12_est_GP_param.csv","alpha",1.941858712,4,12,600
"4_12_est_GP_param.csv","rho",-0.359231766,4,12,600
"4_12_est_GP_param.csv","sigma",3.205768293,4,12,600
"4_12_est_GP_param.csv","mu[1]",-0.407672452,4,12,600
"4_12_est_GP_param.csv","mu[2]",2.747618252,4,12,600
"4_12_est_GP_param.csv","mu[3]",0.318629486,4,12,600
"4_12_est_GP_param.csv","mu[4]",0.026999912,4,12,600
"4_12_est_GP_param.csv","mu[5]",-0.112508896,4,12,600
"4_13_est_GP_param.csv","alpha",2.233518659,4,13,600
"4_13_est_GP_param.csv","rho",-1.211192843,4,13,600
"4_13_est_GP_param.csv","sigma",2.849311605,4,13,600
"4_13_est_GP_param.csv","mu[1]",-1.547089887,4,13,600
"4_13_est_GP_param.csv","mu[2]",3.468677727,4,13,600
"4_13_est_GP_param.csv","mu[3]",0.18026866,4,13,600
"4_13_est_GP_param.csv","mu[4]",-3.176978807,4,13,600
"4_13_est_GP_param.csv","mu[5]",4.121542525,4,13,600
"4_14_est_GP_param.csv","alpha",2.346834119,4,14,600
"4_14_est_GP_param.csv","rho",-0.784437131,4,14,600
"4_14_est_GP_param.csv","sigma",3.072468501,4,14,600
"4_14_est_GP_param.csv","mu[1]",-2.095240399,4,14,600
"4_14_est_GP_param.csv","mu[2]",-0.941706694,4,14,600
"4_14_est_GP_param.csv","mu[3]",3.377949465,4,14,600
"4_14_est_GP_param.csv","mu[4]",-1.444824752,4,14,600
"4_14_est_GP_param.csv","mu[5]",3.796735702,4,14,600
"4_15_est_GP_param.csv","alpha",3.993567596,4,15,600
"4_15_est_GP_param.csv","rho",0.89118147,4,15,600
"4_15_est_GP_param.csv","sigma",3.207017728,4,15,600
"4_15_est_GP_param.csv","mu[1]",-3.962234199,4,15,600
"4_15_est_GP_param.csv","mu[2]",1.81947248,4,15,600
"4_15_est_GP_param.csv","mu[3]",-2.252798184,4,15,600
"4_15_est_GP_param.csv","mu[4]",2.206513649,4,15,600
"4_15_est_GP_param.csv","mu[5]",1.756483065,4,15,600
"4_16_est_GP_param.csv","alpha",2.056923399,4,16,600
"4_16_est_GP_param.csv","rho",-0.430296892,4,16,600
"4_16_est_GP_param.csv","sigma",3.104287954,4,16,600
"4_16_est_GP_param.csv","mu[1]",2.150681794,4,16,600
"4_16_est_GP_param.csv","mu[2]",0.22535184,4,16,600
"4_16_est_GP_param.csv","mu[3]",2.275581293,4,16,600
"4_16_est_GP_param.csv","mu[4]",0.608932168,4,16,600
"4_16_est_GP_param.csv","mu[5]",-0.326195069,4,16,600
"4_17_est_GP_param.csv","alpha",1.96963829,4,17,600
"4_17_est_GP_param.csv","rho",-0.484786316,4,17,600
"4_17_est_GP_param.csv","sigma",3.071972967,4,17,600
"4_17_est_GP_param.csv","mu[1]",-2.942417457,4,17,600
"4_17_est_GP_param.csv","mu[2]",-2.219511712,4,17,600
"4_17_est_GP_param.csv","mu[3]",-1.052702019,4,17,600
"4_17_est_GP_param.csv","mu[4]",0.673366387,4,17,600
"4_17_est_GP_param.csv","mu[5]",-1.803375584,4,17,600
"4_18_est_GP_param.csv","alpha",1.933486307,4,18,600
"4_18_est_GP_param.csv","rho",-0.906284464,4,18,600
"4_18_est_GP_param.csv","sigma",2.810475038,4,18,600
"4_18_est_GP_param.csv","mu[1]",-0.582702288,4,18,600
"4_18_est_GP_param.csv","mu[2]",0.391117347,4,18,600
"4_18_est_GP_param.csv","mu[3]",2.563791926,4,18,600
"4_18_est_GP_param.csv","mu[4]",-2.563980431,4,18,600
"4_18_est_GP_param.csv","mu[5]",0.847517517,4,18,600
"4_19_est_GP_param.csv","alpha",2.072375847,4,19,600
"4_19_est_GP_param.csv","rho",-0.865737284,4,19,600
"4_19_est_GP_param.csv","sigma",2.895174313,4,19,600
"4_19_est_GP_param.csv","mu[1]",-3.551846789,4,19,600
"4_19_est_GP_param.csv","mu[2]",1.25212658,4,19,600
"4_19_est_GP_param.csv","mu[3]",1.249033136,4,19,600
"4_19_est_GP_param.csv","mu[4]",-0.868999564,4,19,600
"4_19_est_GP_param.csv","mu[5]",-2.585937802,4,19,600
"4_2_est_GP_param.csv","alpha",2.255784717,4,2,600
"4_2_est_GP_param.csv","rho",-0.417978809,4,2,600
"4_2_est_GP_param.csv","sigma",2.982405559,4,2,600
"4_2_est_GP_param.csv","mu[1]",2.366840497,4,2,600
"4_2_est_GP_param.csv","mu[2]",-3.301851268,4,2,600
"4_2_est_GP_param.csv","mu[3]",-3.908150876,4,2,600
"4_2_est_GP_param.csv","mu[4]",-0.071528932,4,2,600
"4_2_est_GP_param.csv","mu[5]",-0.479083563,4,2,600
"4_20_est_GP_param.csv","alpha",2.173788658,4,20,600
"4_20_est_GP_param.csv","rho",-0.576524303,4,20,600
"4_20_est_GP_param.csv","sigma",3.016655629,4,20,600
"4_20_est_GP_param.csv","mu[1]",0.345299001,4,20,600
"4_20_est_GP_param.csv","mu[2]",-0.175749134,4,20,600
"4_20_est_GP_param.csv","mu[3]",-0.206251987,4,20,600
"4_20_est_GP_param.csv","mu[4]",1.365858215,4,20,600
"4_20_est_GP_param.csv","mu[5]",-2.726047465,4,20,600
"4_3_est_GP_param.csv","alpha",2.004145224,4,3,600
"4_3_est_GP_param.csv","rho",-0.462139824,4,3,600
"4_3_est_GP_param.csv","sigma",3.162536073,4,3,600
"4_3_est_GP_param.csv","mu[1]",-4.479398622,4,3,600
"4_3_est_GP_param.csv","mu[2]",-1.114000453,4,3,600
"4_3_est_GP_param.csv","mu[3]",-3.92719609,4,3,600
"4_3_est_GP_param.csv","mu[4]",2.651305957,4,3,600
"4_3_est_GP_param.csv","mu[5]",-4.339944956,4,3,600
"4_4_est_GP_param.csv","alpha",2.564982362,4,4,600
"4_4_est_GP_param.csv","rho",-0.588954812,4,4,600
"4_4_est_GP_param.csv","sigma",2.989978752,4,4,600
"4_4_est_GP_param.csv","mu[1]",-0.909686721,4,4,600
"4_4_est_GP_param.csv","mu[2]",3.413628772,4,4,600
"4_4_est_GP_param.csv","mu[3]",-0.129641817,4,4,600
"4_4_est_GP_param.csv","mu[4]",-4.747166402,4,4,600
"4_4_est_GP_param.csv","mu[5]",-3.00523729,4,4,600
"4_5_est_GP_param.csv","alpha",2.189355149,4,5,600
"4_5_est_GP_param.csv","rho",-0.596985232,4,5,600
"4_5_est_GP_param.csv","sigma",3.058920882,4,5,600
"4_5_est_GP_param.csv","mu[1]",3.420551336,4,5,600
"4_5_est_GP_param.csv","mu[2]",2.182195149,4,5,600
"4_5_est_GP_param.csv","mu[3]",-3.50214136,4,5,600
"4_5_est_GP_param.csv","mu[4]",-0.84558402,4,5,600
"4_5_est_GP_param.csv","mu[5]",-0.351316015,4,5,600
"4_6_est_GP_param.csv","alpha",2.023657921,4,6,600
"4_6_est_GP_param.csv","rho",-0.613037664,4,6,600
"4_6_est_GP_param.csv","sigma",2.865542113,4,6,600
"4_6_est_GP_param.csv","mu[1]",1.108451933,4,6,600
"4_6_est_GP_param.csv","mu[2]",2.444094943,4,6,600
"4_6_est_GP_param.csv","mu[3]",-3.828874166,4,6,600
"4_6_est_GP_param.csv","mu[4]",-0.743577902,4,6,600
"4_6_est_GP_param.csv","mu[5]",-1.362704779,4,6,600
"4_7_est_GP_param.csv","alpha",2.100690255,4,7,600
"4_7_est_GP_param.csv","rho",-0.555960234,4,7,600
"4_7_est_GP_param.csv","sigma",2.954032737,4,7,600
"4_7_est_GP_param.csv","mu[1]",3.82380223,4,7,600
"4_7_est_GP_param.csv","mu[2]",-1.627404355,4,7,600
"4_7_est_GP_param.csv","mu[3]",-3.061163404,4,7,600
"4_7_est_GP_param.csv","mu[4]",-3.662696471,4,7,600
"4_7_est_GP_param.csv","mu[5]",-1.119340762,4,7,600
"4_8_est_GP_param.csv","alpha",2.586731237,4,8,600
"4_8_est_GP_param.csv","rho",-0.610159915,4,8,600
"4_8_est_GP_param.csv","sigma",2.940008288,4,8,600
"4_8_est_GP_param.csv","mu[1]",1.831432612,4,8,600
"4_8_est_GP_param.csv","mu[2]",3.025801456,4,8,600
"4_8_est_GP_param.csv","mu[3]",9.772575071,4,8,600
"4_8_est_GP_param.csv","mu[4]",3.077147979,4,8,600
"4_8_est_GP_param.csv","mu[5]",-2.165910035,4,8,600
"4_9_est_GP_param.csv","alpha",2.524462855,4,9,600
"4_9_est_GP_param.csv","rho",-0.364171793,4,9,600
"4_9_est_GP_param.csv","sigma",3.08698175,4,9,600
"4_9_est_GP_param.csv","mu[1]",3.983045293,4,9,600
"4_9_est_GP_param.csv","mu[2]",4.563439203,4,9,600
"4_9_est_GP_param.csv","mu[3]",-2.040963155,4,9,600
"4_9_est_GP_param.csv","mu[4]",-4.437277659,4,9,600
"4_9_est_GP_param.csv","mu[5]",-4.473201085,4,9,600
"5_10_est_GP_param.csv","alpha",2.181421984,5,10,600
"5_10_est_GP_param.csv","rho",-0.527048765,5,10,600
"5_10_est_GP_param.csv","sigma",2.937789921,5,10,600
"5_10_est_GP_param.csv","mu[1]",2.129624093,5,10,600
"5_10_est_GP_param.csv","mu[2]",0.955850791,5,10,600
"5_10_est_GP_param.csv","mu[3]",-4.088440671,5,10,600
"5_10_est_GP_param.csv","mu[4]",0.349274176,5,10,600
"5_10_est_GP_param.csv","mu[5]",3.100638849,5,10,600
"5_11_est_GP_param.csv","alpha",2.034815905,5,11,600
"5_11_est_GP_param.csv","rho",-0.212291317,5,11,600
"5_11_est_GP_param.csv","sigma",3.013211058,5,11,600
"5_11_est_GP_param.csv","mu[1]",2.232542733,5,11,600
"5_11_est_GP_param.csv","mu[2]",-0.810489446,5,11,600
"5_11_est_GP_param.csv","mu[3]",-0.752558877,5,11,600
"5_11_est_GP_param.csv","mu[4]",6.327295345,5,11,600
"5_11_est_GP_param.csv","mu[5]",-0.487624696,5,11,600
"5_12_est_GP_param.csv","alpha",1.985035663,5,12,600
"5_12_est_GP_param.csv","rho",-0.277418918,5,12,600
"5_12_est_GP_param.csv","sigma",2.948265884,5,12,600
"5_12_est_GP_param.csv","mu[1]",-2.848460265,5,12,600
"5_12_est_GP_param.csv","mu[2]",0.96105982,5,12,600
"5_12_est_GP_param.csv","mu[3]",-0.874455766,5,12,600
"5_12_est_GP_param.csv","mu[4]",1.040164321,5,12,600
"5_12_est_GP_param.csv","mu[5]",2.55417911,5,12,600
"5_13_est_GP_param.csv","alpha",2.226671872,5,13,600
"5_13_est_GP_param.csv","rho",0.006297351,5,13,600
"5_13_est_GP_param.csv","sigma",2.98670838,5,13,600
"5_13_est_GP_param.csv","mu[1]",1.228996155,5,13,600
"5_13_est_GP_param.csv","mu[2]",-0.807346437,5,13,600
"5_13_est_GP_param.csv","mu[3]",0.98996804,5,13,600
"5_13_est_GP_param.csv","mu[4]",1.470950453,5,13,600
"5_13_est_GP_param.csv","mu[5]",0.273984308,5,13,600
"5_14_est_GP_param.csv","alpha",1.852015841,5,14,600
"5_14_est_GP_param.csv","rho",-0.25596942,5,14,600
"5_14_est_GP_param.csv","sigma",3.02197475,5,14,600
"5_14_est_GP_param.csv","mu[1]",4.118081281,5,14,600
"5_14_est_GP_param.csv","mu[2]",-3.215850211,5,14,600
"5_14_est_GP_param.csv","mu[3]",3.84655935,5,14,600
"5_14_est_GP_param.csv","mu[4]",1.199320545,5,14,600
"5_14_est_GP_param.csv","mu[5]",0.350510721,5,14,600
"5_15_est_GP_param.csv","alpha",2.032500981,5,15,600
"5_15_est_GP_param.csv","rho",-0.120692087,5,15,600
"5_15_est_GP_param.csv","sigma",2.990041869,5,15,600
"5_15_est_GP_param.csv","mu[1]",-2.1939687,5,15,600
"5_15_est_GP_param.csv","mu[2]",-3.459504255,5,15,600
"5_15_est_GP_param.csv","mu[3]",-4.373125488,5,15,600
"5_15_est_GP_param.csv","mu[4]",-3.085480816,5,15,600
"5_15_est_GP_param.csv","mu[5]",-3.213264536,5,15,600
"5_16_est_GP_param.csv","alpha",2.24042517,5,16,600
"5_16_est_GP_param.csv","rho",-0.030820525,5,16,600
"5_16_est_GP_param.csv","sigma",2.984387211,5,16,600
"5_16_est_GP_param.csv","mu[1]",0.281510056,5,16,600
"5_16_est_GP_param.csv","mu[2]",1.608368132,5,16,600
"5_16_est_GP_param.csv","mu[3]",-4.382697171,5,16,600
"5_16_est_GP_param.csv","mu[4]",0.310167327,5,16,600
"5_16_est_GP_param.csv","mu[5]",2.697588457,5,16,600
"5_17_est_GP_param.csv","alpha",1.9764511,5,17,600
"5_17_est_GP_param.csv","rho",-0.240805658,5,17,600
"5_17_est_GP_param.csv","sigma",3.024741103,5,17,600
"5_17_est_GP_param.csv","mu[1]",-1.564504073,5,17,600
"5_17_est_GP_param.csv","mu[2]",-0.928807291,5,17,600
"5_17_est_GP_param.csv","mu[3]",2.248758556,5,17,600
"5_17_est_GP_param.csv","mu[4]",-0.485865014,5,17,600
"5_17_est_GP_param.csv","mu[5]",-4.44524817,5,17,600
"5_18_est_GP_param.csv","alpha",2.198003428,5,18,600
"5_18_est_GP_param.csv","rho",-0.155727355,5,18,600
"5_18_est_GP_param.csv","sigma",3.000830412,5,18,600
"5_18_est_GP_param.csv","mu[1]",-1.489593849,5,18,600
"5_18_est_GP_param.csv","mu[2]",0.464640731,5,18,600
"5_18_est_GP_param.csv","mu[3]",-0.94914853,5,18,600
"5_18_est_GP_param.csv","mu[4]",2.983814711,5,18,600
"5_18_est_GP_param.csv","mu[5]",1.014905903,5,18,600
"5_19_est_GP_param.csv","alpha",1.535161579,5,19,600
"5_19_est_GP_param.csv","rho",-0.311982059,5,19,600
"5_19_est_GP_param.csv","sigma",3.055301238,5,19,600
"5_19_est_GP_param.csv","mu[1]",1.840230436,5,19,600
"5_19_est_GP_param.csv","mu[2]",-0.768098528,5,19,600
"5_19_est_GP_param.csv","mu[3]",-0.335160862,5,19,600
"5_19_est_GP_param.csv","mu[4]",-0.346680573,5,19,600
"5_19_est_GP_param.csv","mu[5]",3.028448853,5,19,600
"5_2_est_GP_param.csv","alpha",1.969422452,5,2,600
"5_2_est_GP_param.csv","rho",-0.386715942,5,2,600
"5_2_est_GP_param.csv","sigma",3.052348301,5,2,600
"5_2_est_GP_param.csv","mu[1]",-0.511240143,5,2,600
"5_2_est_GP_param.csv","mu[2]",4.808006465,5,2,600
"5_2_est_GP_param.csv","mu[3]",0.760737813,5,2,600
"5_2_est_GP_param.csv","mu[4]",4.661932666,5,2,600
"5_2_est_GP_param.csv","mu[5]",3.0781524,5,2,600
"5_20_est_GP_param.csv","alpha",2.035788485,5,20,600
"5_20_est_GP_param.csv","rho",-0.276228344,5,20,600
"5_20_est_GP_param.csv","sigma",3.029907621,5,20,600
"5_20_est_GP_param.csv","mu[1]",1.001469659,5,20,600
"5_20_est_GP_param.csv","mu[2]",0.367877836,5,20,600
"5_20_est_GP_param.csv","mu[3]",-0.786201821,5,20,600
"5_20_est_GP_param.csv","mu[4]",3.798165415,5,20,600
"5_20_est_GP_param.csv","mu[5]",-0.660421938,5,20,600
"5_3_est_GP_param.csv","alpha",2.219817601,5,3,600
"5_3_est_GP_param.csv","rho",-0.151968297,5,3,600
"5_3_est_GP_param.csv","sigma",3.125823774,5,3,600
"5_3_est_GP_param.csv","mu[1]",-0.188797065,5,3,600
"5_3_est_GP_param.csv","mu[2]",2.144733063,5,3,600
"5_3_est_GP_param.csv","mu[3]",0.799491533,5,3,600
"5_3_est_GP_param.csv","mu[4]",-3.629206988,5,3,600
"5_3_est_GP_param.csv","mu[5]",3.345598224,5,3,600
"5_4_est_GP_param.csv","alpha",2.398850322,5,4,600
"5_4_est_GP_param.csv","rho",-0.41690906,5,4,600
"5_4_est_GP_param.csv","sigma",2.840016003,5,4,600
"5_4_est_GP_param.csv","mu[1]",6.149051192,5,4,600
"5_4_est_GP_param.csv","mu[2]",0.719252122,5,4,600
"5_4_est_GP_param.csv","mu[3]",-4.292734475,5,4,600
"5_4_est_GP_param.csv","mu[4]",-3.959489695,5,4,600
"5_4_est_GP_param.csv","mu[5]",-2.63249596,5,4,600
"5_5_est_GP_param.csv","alpha",2.242506279,5,5,600
"5_5_est_GP_param.csv","rho",-0.526510191,5,5,600
"5_5_est_GP_param.csv","sigma",2.927511981,5,5,600
"5_5_est_GP_param.csv","mu[1]",-0.319136924,5,5,600
"5_5_est_GP_param.csv","mu[2]",0.299983442,5,5,600
"5_5_est_GP_param.csv","mu[3]",2.09172857,5,5,600
"5_5_est_GP_param.csv","mu[4]",3.504137786,5,5,600
"5_5_est_GP_param.csv","mu[5]",-0.732790503,5,5,600
"5_6_est_GP_param.csv","alpha",2.510599263,5,6,600
"5_6_est_GP_param.csv","rho",-0.039007246,5,6,600
"5_6_est_GP_param.csv","sigma",3.171958458,5,6,600
"5_6_est_GP_param.csv","mu[1]",-3.320788815,5,6,600
"5_6_est_GP_param.csv","mu[2]",2.460053276,5,6,600
"5_6_est_GP_param.csv","mu[3]",1.748701661,5,6,600
"5_6_est_GP_param.csv","mu[4]",-0.27803163,5,6,600
"5_6_est_GP_param.csv","mu[5]",-2.419869568,5,6,600
"5_7_est_GP_param.csv","alpha",2.416120414,5,7,600
"5_7_est_GP_param.csv","rho",-0.138787474,5,7,600
"5_7_est_GP_param.csv","sigma",3.007305189,5,7,600
"5_7_est_GP_param.csv","mu[1]",-1.195308502,5,7,600
"5_7_est_GP_param.csv","mu[2]",-1.954861721,5,7,600
"5_7_est_GP_param.csv","mu[3]",4.627982717,5,7,600
"5_7_est_GP_param.csv","mu[4]",1.05831703,5,7,600
"5_7_est_GP_param.csv","mu[5]",2.169882006,5,7,600
"5_8_est_GP_param.csv","alpha",2.21549,5,8,600
"5_8_est_GP_param.csv","rho",-0.453153676,5,8,600
"5_8_est_GP_param.csv","sigma",3.0167654,5,8,600
"5_8_est_GP_param.csv","mu[1]",0.521961093,5,8,600
"5_8_est_GP_param.csv","mu[2]",0.408559267,5,8,600
"5_8_est_GP_param.csv","mu[3]",-0.497535558,5,8,600
"5_8_est_GP_param.csv","mu[4]",-2.039262113,5,8,600
"5_8_est_GP_param.csv","mu[5]",2.495571549,5,8,600
"5_9_est_GP_param.csv","alpha",2.48205172,5,9,600
"5_9_est_GP_param.csv","rho",-0.203313932,5,9,600
"5_9_est_GP_param.csv","sigma",2.924923645,5,9,600
"5_9_est_GP_param.csv","mu[1]",-0.480697127,5,9,600
"5_9_est_GP_param.csv","mu[2]",-2.675584172,5,9,600
"5_9_est_GP_param.csv","mu[3]",3.480833558,5,9,600
"5_9_est_GP_param.csv","mu[4]",-0.077674766,5,9,600
"5_9_est_GP_param.csv","mu[5]",-0.235771967,5,9,600
"6_10_est_GP_param.csv","alpha",2.565396306,6,10,600
"6_10_est_GP_param.csv","rho",0.125322889,6,10,600
"6_10_est_GP_param.csv","sigma",2.921313401,6,10,600
"6_10_est_GP_param.csv","mu[1]",-3.957301148,6,10,600
"6_10_est_GP_param.csv","mu[2]",0.561849981,6,10,600
"6_10_est_GP_param.csv","mu[3]",-0.676496003,6,10,600
"6_10_est_GP_param.csv","mu[4]",-2.271445054,6,10,600
"6_10_est_GP_param.csv","mu[5]",-1.321300693,6,10,600
"6_11_est_GP_param.csv","alpha",1.826048262,6,11,600
"6_11_est_GP_param.csv","rho",-0.145119454,6,11,600
"6_11_est_GP_param.csv","sigma",2.8079534,6,11,600
"6_11_est_GP_param.csv","mu[1]",-1.937287244,6,11,600
"6_11_est_GP_param.csv","mu[2]",0.018754128,6,11,600
"6_11_est_GP_param.csv","mu[3]",3.16544347,6,11,600
"6_11_est_GP_param.csv","mu[4]",0.983885043,6,11,600
"6_11_est_GP_param.csv","mu[5]",2.029583044,6,11,600
"6_12_est_GP_param.csv","alpha",1.718298824,6,12,600
"6_12_est_GP_param.csv","rho",-0.042410531,6,12,600
"6_12_est_GP_param.csv","sigma",2.971364274,6,12,600
"6_12_est_GP_param.csv","mu[1]",6.284657512,6,12,600
"6_12_est_GP_param.csv","mu[2]",-0.497246394,6,12,600
"6_12_est_GP_param.csv","mu[3]",-4.443476814,6,12,600
"6_12_est_GP_param.csv","mu[4]",3.638476126,6,12,600
"6_12_est_GP_param.csv","mu[5]",-1.612548803,6,12,600
"6_13_est_GP_param.csv","alpha",2.784895368,6,13,600
"6_13_est_GP_param.csv","rho",0.230061635,6,13,600
"6_13_est_GP_param.csv","sigma",2.99238296,6,13,600
"6_13_est_GP_param.csv","mu[1]",-0.697444897,6,13,600
"6_13_est_GP_param.csv","mu[2]",2.836412143,6,13,600
"6_13_est_GP_param.csv","mu[3]",-1.493011889,6,13,600
"6_13_est_GP_param.csv","mu[4]",7.702497651,6,13,600
"6_13_est_GP_param.csv","mu[5]",-2.416706013,6,13,600
"6_14_est_GP_param.csv","alpha",1.97638117,6,14,600
"6_14_est_GP_param.csv","rho",-0.403289487,6,14,600
"6_14_est_GP_param.csv","sigma",2.885530068,6,14,600
"6_14_est_GP_param.csv","mu[1]",-0.230555589,6,14,600
"6_14_est_GP_param.csv","mu[2]",0.790715318,6,14,600
"6_14_est_GP_param.csv","mu[3]",0.200126744,6,14,600
"6_14_est_GP_param.csv","mu[4]",-2.168186167,6,14,600
"6_14_est_GP_param.csv","mu[5]",2.482452003,6,14,600
"6_15_est_GP_param.csv","alpha",2.336442904,6,15,600
"6_15_est_GP_param.csv","rho",0.094520859,6,15,600
"6_15_est_GP_param.csv","sigma",2.982380158,6,15,600
"6_15_est_GP_param.csv","mu[1]",1.08767189,6,15,600
"6_15_est_GP_param.csv","mu[2]",1.516248948,6,15,600
"6_15_est_GP_param.csv","mu[3]",1.295245809,6,15,600
"6_15_est_GP_param.csv","mu[4]",2.379551692,6,15,600
"6_15_est_GP_param.csv","mu[5]",-1.921257625,6,15,600
"6_16_est_GP_param.csv","alpha",2.176978334,6,16,600
"6_16_est_GP_param.csv","rho",0.20256229,6,16,600
"6_16_est_GP_param.csv","sigma",3.025462357,6,16,600
"6_16_est_GP_param.csv","mu[1]",0.757737288,6,16,600
"6_16_est_GP_param.csv","mu[2]",-0.49516053,6,16,600
"6_16_est_GP_param.csv","mu[3]",-2.51898122,6,16,600
"6_16_est_GP_param.csv","mu[4]",0.592940555,6,16,600
"6_16_est_GP_param.csv","mu[5]",3.994255855,6,16,600
"6_17_est_GP_param.csv","alpha",2.087288633,6,17,600
"6_17_est_GP_param.csv","rho",-0.05313431,6,17,600
"6_17_est_GP_param.csv","sigma",2.829240623,6,17,600
"6_17_est_GP_param.csv","mu[1]",3.77993817,6,17,600
"6_17_est_GP_param.csv","mu[2]",1.942589369,6,17,600
"6_17_est_GP_param.csv","mu[3]",-1.076242343,6,17,600
"6_17_est_GP_param.csv","mu[4]",1.709611343,6,17,600
"6_17_est_GP_param.csv","mu[5]",7.433070391,6,17,600
"6_18_est_GP_param.csv","alpha",2.32995777,6,18,600
"6_18_est_GP_param.csv","rho",-0.187633882,6,18,600
"6_18_est_GP_param.csv","sigma",3.005266841,6,18,600
"6_18_est_GP_param.csv","mu[1]",-0.048289753,6,18,600
"6_18_est_GP_param.csv","mu[2]",-1.560400664,6,18,600
"6_18_est_GP_param.csv","mu[3]",-1.110564229,6,18,600
"6_18_est_GP_param.csv","mu[4]",-0.343327048,6,18,600
"6_18_est_GP_param.csv","mu[5]",-3.221647633,6,18,600
"6_19_est_GP_param.csv","alpha",2.126622867,6,19,600
"6_19_est_GP_param.csv","rho",0.000401512,6,19,600
"6_19_est_GP_param.csv","sigma",3.089106501,6,19,600
"6_19_est_GP_param.csv","mu[1]",-4.239017343,6,19,600
"6_19_est_GP_param.csv","mu[2]",1.045065657,6,19,600
"6_19_est_GP_param.csv","mu[3]",-1.391357674,6,19,600
"6_19_est_GP_param.csv","mu[4]",2.140852906,6,19,600
"6_19_est_GP_param.csv","mu[5]",-2.458412638,6,19,600
"6_2_est_GP_param.csv","alpha",2.228456437,6,2,600
"6_2_est_GP_param.csv","rho",0.022253092,6,2,600
"6_2_est_GP_param.csv","sigma",3.021842088,6,2,600
"6_2_est_GP_param.csv","mu[1]",-1.270092201,6,2,600
"6_2_est_GP_param.csv","mu[2]",1.967674167,6,2,600
"6_2_est_GP_param.csv","mu[3]",-3.814967847,6,2,600
"6_2_est_GP_param.csv","mu[4]",-3.19171484,6,2,600
"6_2_est_GP_param.csv","mu[5]",0.710662673,6,2,600
"6_20_est_GP_param.csv","alpha",2.724794075,6,20,600
"6_20_est_GP_param.csv","rho",0.346688717,6,20,600
"6_20_est_GP_param.csv","sigma",3.012364897,6,20,600
"6_20_est_GP_param.csv","mu[1]",0.238929787,6,20,600
"6_20_est_GP_param.csv","mu[2]",-1.361848756,6,20,600
"6_20_est_GP_param.csv","mu[3]",2.792308382,6,20,600
"6_20_est_GP_param.csv","mu[4]",-2.807268012,6,20,600
"6_20_est_GP_param.csv","mu[5]",-0.685303923,6,20,600
"6_3_est_GP_param.csv","alpha",2.236338677,6,3,600
"6_3_est_GP_param.csv","rho",0.192951224,6,3,600
"6_3_est_GP_param.csv","sigma",2.8288402,6,3,600
"6_3_est_GP_param.csv","mu[1]",-3.521987003,6,3,600
"6_3_est_GP_param.csv","mu[2]",4.987922371,6,3,600
"6_3_est_GP_param.csv","mu[3]",1.952614335,6,3,600
"6_3_est_GP_param.csv","mu[4]",4.803344924,6,3,600
"6_3_est_GP_param.csv","mu[5]",4.510801519,6,3,600
"6_4_est_GP_param.csv","alpha",2.301452599,6,4,600
"6_4_est_GP_param.csv","rho",0.164231233,6,4,600
"6_4_est_GP_param.csv","sigma",2.793538515,6,4,600
"6_4_est_GP_param.csv","mu[1]",-1.96397762,6,4,600
"6_4_est_GP_param.csv","mu[2]",-1.232050385,6,4,600
"6_4_est_GP_param.csv","mu[3]",-1.607207195,6,4,600
"6_4_est_GP_param.csv","mu[4]",-2.709604116,6,4,600
"6_4_est_GP_param.csv","mu[5]",-0.639415141,6,4,600
"6_5_est_GP_param.csv","alpha",2.265335691,6,5,600
"6_5_est_GP_param.csv","rho",-0.059187036,6,5,600
"6_5_est_GP_param.csv","sigma",3.080926544,6,5,600
"6_5_est_GP_param.csv","mu[1]",1.858810258,6,5,600
"6_5_est_GP_param.csv","mu[2]",1.180460427,6,5,600
"6_5_est_GP_param.csv","mu[3]",1.41032483,6,5,600
"6_5_est_GP_param.csv","mu[4]",0.360168098,6,5,600
"6_5_est_GP_param.csv","mu[5]",-4.262059286,6,5,600
"6_6_est_GP_param.csv","alpha",2.454100996,6,6,600
"6_6_est_GP_param.csv","rho",0.23291864,6,6,600
"6_6_est_GP_param.csv","sigma",3.115028631,6,6,600
"6_6_est_GP_param.csv","mu[1]",5.062436224,6,6,600
"6_6_est_GP_param.csv","mu[2]",-2.806506183,6,6,600
"6_6_est_GP_param.csv","mu[3]",-3.793267279,6,6,600
"6_6_est_GP_param.csv","mu[4]",4.188535043,6,6,600
"6_6_est_GP_param.csv","mu[5]",5.055580581,6,6,600
"6_7_est_GP_param.csv","alpha",1.88636376,6,7,600
"6_7_est_GP_param.csv","rho",-0.304997581,6,7,600
"6_7_est_GP_param.csv","sigma",3.094819503,6,7,600
"6_7_est_GP_param.csv","mu[1]",-3.688604681,6,7,600
"6_7_est_GP_param.csv","mu[2]",5.999411322,6,7,600
"6_7_est_GP_param.csv","mu[3]",-1.537231102,6,7,600
"6_7_est_GP_param.csv","mu[4]",-2.230877158,6,7,600
"6_7_est_GP_param.csv","mu[5]",2.063075714,6,7,600
"6_8_est_GP_param.csv","alpha",2.146123166,6,8,600
"6_8_est_GP_param.csv","rho",0.036314838,6,8,600
"6_8_est_GP_param.csv","sigma",3.048552102,6,8,600
"6_8_est_GP_param.csv","mu[1]",2.486629856,6,8,600
"6_8_est_GP_param.csv","mu[2]",1.033466072,6,8,600
"6_8_est_GP_param.csv","mu[3]",-4.215406562,6,8,600
"6_8_est_GP_param.csv","mu[4]",-1.783411135,6,8,600
"6_8_est_GP_param.csv","mu[5]",2.336513214,6,8,600
"6_9_est_GP_param.csv","alpha",2.258455803,6,9,600
"6_9_est_GP_param.csv","rho",0.118869499,6,9,600
"6_9_est_GP_param.csv","sigma",3.120910941,6,9,600
"6_9_est_GP_param.csv","mu[1]",3.819119432,6,9,600
"6_9_est_GP_param.csv","mu[2]",-0.06523976,6,9,600
"6_9_est_GP_param.csv","mu[3]",-2.058896048,6,9,600
"6_9_est_GP_param.csv","mu[4]",-3.883396247,6,9,600
"6_9_est_GP_param.csv","mu[5]",1.794792248,6,9,600
"7_10_est_GP_param.csv","alpha",2.954848857,7,10,600
"7_10_est_GP_param.csv","rho",1.475338528,7,10,600
"7_10_est_GP_param.csv","sigma",2.960849712,7,10,600
"7_10_est_GP_param.csv","mu[1]",-0.272693107,7,10,600
"7_10_est_GP_param.csv","mu[2]",2.698514042,7,10,600
"7_10_est_GP_param.csv","mu[3]",0.074270705,7,10,600
"7_10_est_GP_param.csv","mu[4]",0.992982459,7,10,600
"7_10_est_GP_param.csv","mu[5]",2.996875452,7,10,600
"7_11_est_GP_param.csv","alpha",2.577312815,7,11,600
"7_11_est_GP_param.csv","rho",0.774824252,7,11,600
"7_11_est_GP_param.csv","sigma",2.903580357,7,11,600
"7_11_est_GP_param.csv","mu[1]",0.406287334,7,11,600
"7_11_est_GP_param.csv","mu[2]",-0.832147755,7,11,600
"7_11_est_GP_param.csv","mu[3]",3.263998657,7,11,600
"7_11_est_GP_param.csv","mu[4]",-3.725312674,7,11,600
"7_11_est_GP_param.csv","mu[5]",2.022401922,7,11,600
"7_12_est_GP_param.csv","alpha",2.466346019,7,12,600
"7_12_est_GP_param.csv","rho",0.843737358,7,12,600
"7_12_est_GP_param.csv","sigma",3.113882913,7,12,600
"7_12_est_GP_param.csv","mu[1]",-2.393600962,7,12,600
"7_12_est_GP_param.csv","mu[2]",-3.556733433,7,12,600
"7_12_est_GP_param.csv","mu[3]",5.673888742,7,12,600
"7_12_est_GP_param.csv","mu[4]",-2.565587307,7,12,600
"7_12_est_GP_param.csv","mu[5]",-0.736052128,7,12,600
"7_13_est_GP_param.csv","alpha",3.078214155,7,13,600
"7_13_est_GP_param.csv","rho",0.620735156,7,13,600
"7_13_est_GP_param.csv","sigma",2.960655657,7,13,600
"7_13_est_GP_param.csv","mu[1]",1.017193885,7,13,600
"7_13_est_GP_param.csv","mu[2]",4.258968846,7,13,600
"7_13_est_GP_param.csv","mu[3]",-3.924324588,7,13,600
"7_13_est_GP_param.csv","mu[4]",-0.314631466,7,13,600
"7_13_est_GP_param.csv","mu[5]",0.949658631,7,13,600
"7_14_est_GP_param.csv","alpha",3.693392535,7,14,600
"7_14_est_GP_param.csv","rho",0.983523845,7,14,600
"7_14_est_GP_param.csv","sigma",2.977316822,7,14,600
"7_14_est_GP_param.csv","mu[1]",3.652683077,7,14,600
"7_14_est_GP_param.csv","mu[2]",-1.788407441,7,14,600
"7_14_est_GP_param.csv","mu[3]",-1.125589675,7,14,600
"7_14_est_GP_param.csv","mu[4]",1.391119074,7,14,600
"7_14_est_GP_param.csv","mu[5]",-4.002452535,7,14,600
"7_15_est_GP_param.csv","alpha",2.187097475,7,15,600
"7_15_est_GP_param.csv","rho",0.925865555,7,15,600
"7_15_est_GP_param.csv","sigma",3.007677929,7,15,600
"7_15_est_GP_param.csv","mu[1]",2.494768661,7,15,600
"7_15_est_GP_param.csv","mu[2]",-3.81898421,7,15,600
"7_15_est_GP_param.csv","mu[3]",-2.830223592,7,15,600
"7_15_est_GP_param.csv","mu[4]",0.283716469,7,15,600
"7_15_est_GP_param.csv","mu[5]",-1.577996572,7,15,600
"7_16_est_GP_param.csv","alpha",2.845114231,7,16,600
"7_16_est_GP_param.csv","rho",1.056089777,7,16,600
"7_16_est_GP_param.csv","sigma",2.817374842,7,16,600
"7_16_est_GP_param.csv","mu[1]",-2.790775192,7,16,600
"7_16_est_GP_param.csv","mu[2]",-0.394384828,7,16,600
"7_16_est_GP_param.csv","mu[3]",-0.946167211,7,16,600
"7_16_est_GP_param.csv","mu[4]",0.649989238,7,16,600
"7_16_est_GP_param.csv","mu[5]",4.861419677,7,16,600
"7_17_est_GP_param.csv","alpha",2.693703166,7,17,600
"7_17_est_GP_param.csv","rho",0.862213191,7,17,600
"7_17_est_GP_param.csv","sigma",3.107628157,7,17,600
"7_17_est_GP_param.csv","mu[1]",1.684261737,7,17,600
"7_17_est_GP_param.csv","mu[2]",0.365220011,7,17,600
"7_17_est_GP_param.csv","mu[3]",0.764081216,7,17,600
"7_17_est_GP_param.csv","mu[4]",-1.55351216,7,17,600
"7_17_est_GP_param.csv","mu[5]",0.029988959,7,17,600
"7_18_est_GP_param.csv","alpha",3.642221955,7,18,600
"7_18_est_GP_param.csv","rho",1.093717734,7,18,600
"7_18_est_GP_param.csv","sigma",2.922856392,7,18,600
"7_18_est_GP_param.csv","mu[1]",0.654948903,7,18,600
"7_18_est_GP_param.csv","mu[2]",-3.628601249,7,18,600
"7_18_est_GP_param.csv","mu[3]",3.000428773,7,18,600
"7_18_est_GP_param.csv","mu[4]",1.948854559,7,18,600
"7_18_est_GP_param.csv","mu[5]",-3.851073704,7,18,600
"7_19_est_GP_param.csv","alpha",2.995459448,7,19,600
"7_19_est_GP_param.csv","rho",1.019508942,7,19,600
"7_19_est_GP_param.csv","sigma",3.006817975,7,19,600
"7_19_est_GP_param.csv","mu[1]",-3.062849498,7,19,600
"7_19_est_GP_param.csv","mu[2]",-0.539115146,7,19,600
"7_19_est_GP_param.csv","mu[3]",-3.167495326,7,19,600
"7_19_est_GP_param.csv","mu[4]",-2.161609899,7,19,600
"7_19_est_GP_param.csv","mu[5]",-1.201408503,7,19,600
"7_2_est_GP_param.csv","alpha",2.513883015,7,2,600
"7_2_est_GP_param.csv","rho",0.862233867,7,2,600
"7_2_est_GP_param.csv","sigma",2.97984483,7,2,600
"7_2_est_GP_param.csv","mu[1]",-0.78409039,7,2,600
"7_2_est_GP_param.csv","mu[2]",2.27325378,7,2,600
"7_2_est_GP_param.csv","mu[3]",-0.330094691,7,2,600
"7_2_est_GP_param.csv","mu[4]",3.647121136,7,2,600
"7_2_est_GP_param.csv","mu[5]",0.650013411,7,2,600
"7_20_est_GP_param.csv","alpha",3.032327199,7,20,600
"7_20_est_GP_param.csv","rho",0.77030256,7,20,600
"7_20_est_GP_param.csv","sigma",2.899018031,7,20,600
"7_20_est_GP_param.csv","mu[1]",0.217888615,7,20,600
"7_20_est_GP_param.csv","mu[2]",-3.243749719,7,20,600
"7_20_est_GP_param.csv","mu[3]",3.929039979,7,20,600
"7_20_est_GP_param.csv","mu[4]",-3.565673709,7,20,600
"7_20_est_GP_param.csv","mu[5]",0.372317951,7,20,600
"7_3_est_GP_param.csv","alpha",2.33549299,7,3,600
"7_3_est_GP_param.csv","rho",0.993046922,7,3,600
"7_3_est_GP_param.csv","sigma",2.976533008,7,3,600
"7_3_est_GP_param.csv","mu[1]",1.263257459,7,3,600
"7_3_est_GP_param.csv","mu[2]",2.932358401,7,3,600
"7_3_est_GP_param.csv","mu[3]",1.462228829,7,3,600
"7_3_est_GP_param.csv","mu[4]",0.348402244,7,3,600
"7_3_est_GP_param.csv","mu[5]",3.970564207,7,3,600
"7_4_est_GP_param.csv","alpha",2.685526191,7,4,600
"7_4_est_GP_param.csv","rho",0.667947208,7,4,600
"7_4_est_GP_param.csv","sigma",3.019128499,7,4,600
"7_4_est_GP_param.csv","mu[1]",2.459402708,7,4,600
"7_4_est_GP_param.csv","mu[2]",2.618002747,7,4,600
"7_4_est_GP_param.csv","mu[3]",2.508721626,7,4,600
"7_4_est_GP_param.csv","mu[4]",-3.565269616,7,4,600
"7_4_est_GP_param.csv","mu[5]",-2.314626356,7,4,600
"7_5_est_GP_param.csv","alpha",2.559985123,7,5,600
"7_5_est_GP_param.csv","rho",0.692018819,7,5,600
"7_5_est_GP_param.csv","sigma",2.916222527,7,5,600
"7_5_est_GP_param.csv","mu[1]",-2.404782758,7,5,600
"7_5_est_GP_param.csv","mu[2]",3.924182835,7,5,600
"7_5_est_GP_param.csv","mu[3]",4.80539144,7,5,600
"7_5_est_GP_param.csv","mu[4]",0.356675164,7,5,600
"7_5_est_GP_param.csv","mu[5]",-3.098968628,7,5,600
"7_6_est_GP_param.csv","alpha",1.947819849,7,6,600
"7_6_est_GP_param.csv","rho",0.794947014,7,6,600
"7_6_est_GP_param.csv","sigma",3.134709123,7,6,600
"7_6_est_GP_param.csv","mu[1]",-3.619637947,7,6,600
"7_6_est_GP_param.csv","mu[2]",-1.910167634,7,6,600
"7_6_est_GP_param.csv","mu[3]",5.455464862,7,6,600
"7_6_est_GP_param.csv","mu[4]",2.423639543,7,6,600
"7_6_est_GP_param.csv","mu[5]",2.252082606,7,6,600
"7_7_est_GP_param.csv","alpha",2.189842412,7,7,600
"7_7_est_GP_param.csv","rho",0.756227933,7,7,600
"7_7_est_GP_param.csv","sigma",2.929343062,7,7,600
"7_7_est_GP_param.csv","mu[1]",0.252904611,7,7,600
"7_7_est_GP_param.csv","mu[2]",6.33515935,7,7,600
"7_7_est_GP_param.csv","mu[3]",-1.496077349,7,7,600
"7_7_est_GP_param.csv","mu[4]",0.956323637,7,7,600
"7_7_est_GP_param.csv","mu[5]",0.385857166,7,7,600
"7_8_est_GP_param.csv","alpha",3.015656996,7,8,600
"7_8_est_GP_param.csv","rho",0.797382348,7,8,600
"7_8_est_GP_param.csv","sigma",2.835299341,7,8,600
"7_8_est_GP_param.csv","mu[1]",2.661629385,7,8,600
"7_8_est_GP_param.csv","mu[2]",-2.297260557,7,8,600
"7_8_est_GP_param.csv","mu[3]",3.664032384,7,8,600
"7_8_est_GP_param.csv","mu[4]",-3.060744932,7,8,600
"7_8_est_GP_param.csv","mu[5]",-4.015792562,7,8,600
"7_9_est_GP_param.csv","alpha",3.059562783,7,9,600
"7_9_est_GP_param.csv","rho",1.019629631,7,9,600
"7_9_est_GP_param.csv","sigma",3.062578174,7,9,600
"7_9_est_GP_param.csv","mu[1]",2.357351091,7,9,600
"7_9_est_GP_param.csv","mu[2]",5.495371661,7,9,600
"7_9_est_GP_param.csv","mu[3]",-2.618596234,7,9,600
"7_9_est_GP_param.csv","mu[4]",2.212147673,7,9,600
"7_9_est_GP_param.csv","mu[5]",3.864846688,7,9,600
"8_10_est_GP_param.csv","alpha",2.95958317,8,10,600
"8_10_est_GP_param.csv","rho",1.156422382,8,10,600
"8_10_est_GP_param.csv","sigma",2.949629183,8,10,600
"8_10_est_GP_param.csv","mu[1]",-0.333758682,8,10,600
"8_10_est_GP_param.csv","mu[2]",-2.981733008,8,10,600
"8_10_est_GP_param.csv","mu[3]",-1.385228903,8,10,600
"8_10_est_GP_param.csv","mu[4]",4.931298638,8,10,600
"8_10_est_GP_param.csv","mu[5]",3.40728678,8,10,600
"8_11_est_GP_param.csv","alpha",2.809935657,8,11,600
"8_11_est_GP_param.csv","rho",1.227352955,8,11,600
"8_11_est_GP_param.csv","sigma",3.124025946,8,11,600
"8_11_est_GP_param.csv","mu[1]",-1.739761526,8,11,600
"8_11_est_GP_param.csv","mu[2]",-0.09338362,8,11,600
"8_11_est_GP_param.csv","mu[3]",-2.649561206,8,11,600
"8_11_est_GP_param.csv","mu[4]",-3.06839317,8,11,600
"8_11_est_GP_param.csv","mu[5]",-2.972798287,8,11,600
"8_12_est_GP_param.csv","alpha",2.944016574,8,12,600
"8_12_est_GP_param.csv","rho",1.097760733,8,12,600
"8_12_est_GP_param.csv","sigma",2.961628235,8,12,600
"8_12_est_GP_param.csv","mu[1]",-0.216718821,8,12,600
"8_12_est_GP_param.csv","mu[2]",3.655427128,8,12,600
"8_12_est_GP_param.csv","mu[3]",1.014520198,8,12,600
"8_12_est_GP_param.csv","mu[4]",-3.42573293,8,12,600
"8_12_est_GP_param.csv","mu[5]",2.621905096,8,12,600
"8_13_est_GP_param.csv","alpha",2.812514905,8,13,600
"8_13_est_GP_param.csv","rho",0.97897207,8,13,600
"8_13_est_GP_param.csv","sigma",3.019593726,8,13,600
"8_13_est_GP_param.csv","mu[1]",1.168978277,8,13,600
"8_13_est_GP_param.csv","mu[2]",-2.927621536,8,13,600
"8_13_est_GP_param.csv","mu[3]",2.535969517,8,13,600
"8_13_est_GP_param.csv","mu[4]",6.45741585,8,13,600
"8_13_est_GP_param.csv","mu[5]",-1.720711985,8,13,600
"8_14_est_GP_param.csv","alpha",3.597226968,8,14,600
"8_14_est_GP_param.csv","rho",1.533845272,8,14,600
"8_14_est_GP_param.csv","sigma",3.123402143,8,14,600
"8_14_est_GP_param.csv","mu[1]",-3.061646593,8,14,600
"8_14_est_GP_param.csv","mu[2]",3.237774649,8,14,600
"8_14_est_GP_param.csv","mu[3]",-1.330029416,8,14,600
"8_14_est_GP_param.csv","mu[4]",-0.534612838,8,14,600
"8_14_est_GP_param.csv","mu[5]",-1.000553638,8,14,600
"8_15_est_GP_param.csv","alpha",2.650143123,8,15,600
"8_15_est_GP_param.csv","rho",0.963044121,8,15,600
"8_15_est_GP_param.csv","sigma",2.950827199,8,15,600
"8_15_est_GP_param.csv","mu[1]",0.50655844,8,15,600
"8_15_est_GP_param.csv","mu[2]",2.273231707,8,15,600
"8_15_est_GP_param.csv","mu[3]",4.915622078,8,15,600
"8_15_est_GP_param.csv","mu[4]",-3.065546192,8,15,600
"8_15_est_GP_param.csv","mu[5]",-1.48130929,8,15,600
"8_16_est_GP_param.csv","alpha",3.189906003,8,16,600
"8_16_est_GP_param.csv","rho",1.711823566,8,16,600
"8_16_est_GP_param.csv","sigma",2.961481796,8,16,600
"8_16_est_GP_param.csv","mu[1]",-2.419053203,8,16,600
"8_16_est_GP_param.csv","mu[2]",-1.300549685,8,16,600
"8_16_est_GP_param.csv","mu[3]",-0.061685668,8,16,600
"8_16_est_GP_param.csv","mu[4]",-2.677724273,8,16,600
"8_16_est_GP_param.csv","mu[5]",-0.669696936,8,16,600
"8_17_est_GP_param.csv","alpha",2.457947198,8,17,600
"8_17_est_GP_param.csv","rho",1.322343832,8,17,600
"8_17_est_GP_param.csv","sigma",2.964444461,8,17,600
"8_17_est_GP_param.csv","mu[1]",1.369152911,8,17,600
"8_17_est_GP_param.csv","mu[2]",-1.129735558,8,17,600
"8_17_est_GP_param.csv","mu[3]",-1.200157875,8,17,600
"8_17_est_GP_param.csv","mu[4]",4.149139617,8,17,600
"8_17_est_GP_param.csv","mu[5]",-0.846908715,8,17,600
"8_18_est_GP_param.csv","alpha",2.750351225,8,18,600
"8_18_est_GP_param.csv","rho",1.359591403,8,18,600
"8_18_est_GP_param.csv","sigma",3.038753296,8,18,600
"8_18_est_GP_param.csv","mu[1]",-2.335690082,8,18,600
"8_18_est_GP_param.csv","mu[2]",3.313506874,8,18,600
"8_18_est_GP_param.csv","mu[3]",1.654183327,8,18,600
"8_18_est_GP_param.csv","mu[4]",-2.38300759,8,18,600
"8_18_est_GP_param.csv","mu[5]",0.89748547,8,18,600
"8_19_est_GP_param.csv","alpha",3.321630534,8,19,600
"8_19_est_GP_param.csv","rho",1.015180024,8,19,600
"8_19_est_GP_param.csv","sigma",3.005713481,8,19,600
"8_19_est_GP_param.csv","mu[1]",0.740614216,8,19,600
"8_19_est_GP_param.csv","mu[2]",3.72633001,8,19,600
"8_19_est_GP_param.csv","mu[3]",-0.028238064,8,19,600
"8_19_est_GP_param.csv","mu[4]",-0.459473839,8,19,600
"8_19_est_GP_param.csv","mu[5]",0.474085469,8,19,600
"8_2_est_GP_param.csv","alpha",1.680373728,8,2,600
"8_2_est_GP_param.csv","rho",0.613402444,8,2,600
"8_2_est_GP_param.csv","sigma",2.981156197,8,2,600
"8_2_est_GP_param.csv","mu[1]",0.806090202,8,2,600
"8_2_est_GP_param.csv","mu[2]",1.558482272,8,2,600
"8_2_est_GP_param.csv","mu[3]",5.543906663,8,2,600
"8_2_est_GP_param.csv","mu[4]",0.389135604,8,2,600
"8_2_est_GP_param.csv","mu[5]",-3.861075627,8,2,600
"8_20_est_GP_param.csv","alpha",3.050363838,8,20,600
"8_20_est_GP_param.csv","rho",1.014805873,8,20,600
"8_20_est_GP_param.csv","sigma",2.986389945,8,20,600
"8_20_est_GP_param.csv","mu[1]",4.517777139,8,20,600
"8_20_est_GP_param.csv","mu[2]",-2.77463901,8,20,600
"8_20_est_GP_param.csv","mu[3]",2.611147526,8,20,600
"8_20_est_GP_param.csv","mu[4]",2.353366156,8,20,600
"8_20_est_GP_param.csv","mu[5]",-0.444554772,8,20,600
"8_3_est_GP_param.csv","alpha",2.261223868,8,3,600
"8_3_est_GP_param.csv","rho",1.089537864,8,3,600
"8_3_est_GP_param.csv","sigma",2.997161214,8,3,600
"8_3_est_GP_param.csv","mu[1]",1.414549401,8,3,600
"8_3_est_GP_param.csv","mu[2]",-0.966548829,8,3,600
"8_3_est_GP_param.csv","mu[3]",-0.106534317,8,3,600
"8_3_est_GP_param.csv","mu[4]",1.419369363,8,3,600
"8_3_est_GP_param.csv","mu[5]",1.324921925,8,3,600
"8_4_est_GP_param.csv","alpha",3.306916444,8,4,600
"8_4_est_GP_param.csv","rho",1.310024258,8,4,600
"8_4_est_GP_param.csv","sigma",2.853334565,8,4,600
"8_4_est_GP_param.csv","mu[1]",-3.465774082,8,4,600
"8_4_est_GP_param.csv","mu[2]",3.841922189,8,4,600
"8_4_est_GP_param.csv","mu[3]",-0.986694721,8,4,600
"8_4_est_GP_param.csv","mu[4]",0.478386186,8,4,600
"8_4_est_GP_param.csv","mu[5]",8.574699927,8,4,600
"8_5_est_GP_param.csv","alpha",2.721911188,8,5,600
"8_5_est_GP_param.csv","rho",1.016335048,8,5,600
"8_5_est_GP_param.csv","sigma",3.076372674,8,5,600
"8_5_est_GP_param.csv","mu[1]",-1.393170162,8,5,600
"8_5_est_GP_param.csv","mu[2]",1.108957145,8,5,600
"8_5_est_GP_param.csv","mu[3]",-1.790497881,8,5,600
"8_5_est_GP_param.csv","mu[4]",-2.381433993,8,5,600
"8_5_est_GP_param.csv","mu[5]",-2.799307246,8,5,600
"8_6_est_GP_param.csv","alpha",2.499440559,8,6,600
"8_6_est_GP_param.csv","rho",1.164008644,8,6,600
"8_6_est_GP_param.csv","sigma",3.038548898,8,6,600
"8_6_est_GP_param.csv","mu[1]",-2.195899152,8,6,600
"8_6_est_GP_param.csv","mu[2]",0.684585134,8,6,600
"8_6_est_GP_param.csv","mu[3]",1.805672471,8,6,600
"8_6_est_GP_param.csv","mu[4]",-0.973979714,8,6,600
"8_6_est_GP_param.csv","mu[5]",-0.230542262,8,6,600
"8_7_est_GP_param.csv","alpha",3.752397056,8,7,600
"8_7_est_GP_param.csv","rho",1.470253664,8,7,600
"8_7_est_GP_param.csv","sigma",3.085141214,8,7,600
"8_7_est_GP_param.csv","mu[1]",1.614524054,8,7,600
"8_7_est_GP_param.csv","mu[2]",-3.694998544,8,7,600
"8_7_est_GP_param.csv","mu[3]",-1.207159487,8,7,600
"8_7_est_GP_param.csv","mu[4]",-2.428428611,8,7,600
"8_7_est_GP_param.csv","mu[5]",0.157510618,8,7,600
"8_8_est_GP_param.csv","alpha",2.521744714,8,8,600
"8_8_est_GP_param.csv","rho",1.11919585,8,8,600
"8_8_est_GP_param.csv","sigma",3.10382796,8,8,600
"8_8_est_GP_param.csv","mu[1]",-2.342346087,8,8,600
"8_8_est_GP_param.csv","mu[2]",1.255771672,8,8,600
"8_8_est_GP_param.csv","mu[3]",4.238756224,8,8,600
"8_8_est_GP_param.csv","mu[4]",-0.323976039,8,8,600
"8_8_est_GP_param.csv","mu[5]",1.68567443,8,8,600
"8_9_est_GP_param.csv","alpha",2.856119934,8,9,600
"8_9_est_GP_param.csv","rho",1.182050276,8,9,600
"8_9_est_GP_param.csv","sigma",3.024413396,8,9,600
"8_9_est_GP_param.csv","mu[1]",-1.92643122,8,9,600
"8_9_est_GP_param.csv","mu[2]",4.633992993,8,9,600
"8_9_est_GP_param.csv","mu[3]",-3.239112998,8,9,600
"8_9_est_GP_param.csv","mu[4]",-1.045098598,8,9,600
"8_9_est_GP_param.csv","mu[5]",0.801939461,8,9,600
"9_10_est_GP_param.csv","alpha",3.315516836,9,10,600
"9_10_est_GP_param.csv","rho",2.082043803,9,10,600
"9_10_est_GP_param.csv","sigma",3.030268488,9,10,600
"9_10_est_GP_param.csv","mu[1]",-0.273821494,9,10,600
"9_10_est_GP_param.csv","mu[2]",-1.022627273,9,10,600
"9_10_est_GP_param.csv","mu[3]",-1.798914174,9,10,600
"9_10_est_GP_param.csv","mu[4]",-0.135555534,9,10,600
"9_10_est_GP_param.csv","mu[5]",-0.546558078,9,10,600
"9_11_est_GP_param.csv","alpha",4.38999785,9,11,600
"9_11_est_GP_param.csv","rho",1.735662029,9,11,600
"9_11_est_GP_param.csv","sigma",3.100235962,9,11,600
"9_11_est_GP_param.csv","mu[1]",1.715319689,9,11,600
"9_11_est_GP_param.csv","mu[2]",0.027147434,9,11,600
"9_11_est_GP_param.csv","mu[3]",0.938239651,9,11,600
"9_11_est_GP_param.csv","mu[4]",-3.592740176,9,11,600
"9_11_est_GP_param.csv","mu[5]",0.760821846,9,11,600
"9_12_est_GP_param.csv","alpha",2.636363936,9,12,600
"9_12_est_GP_param.csv","rho",1.315112955,9,12,600
"9_12_est_GP_param.csv","sigma",2.986344327,9,12,600
"9_12_est_GP_param.csv","mu[1]",2.556399072,9,12,600
"9_12_est_GP_param.csv","mu[2]",3.496300422,9,12,600
"9_12_est_GP_param.csv","mu[3]",1.969532671,9,12,600
"9_12_est_GP_param.csv","mu[4]",1.40799738,9,12,600
"9_12_est_GP_param.csv","mu[5]",-1.307242177,9,12,600
"9_13_est_GP_param.csv","alpha",2.765665396,9,13,600
"9_13_est_GP_param.csv","rho",1.798952087,9,13,600
"9_13_est_GP_param.csv","sigma",3.037246665,9,13,600
"9_13_est_GP_param.csv","mu[1]",4.994188156,9,13,600
"9_13_est_GP_param.csv","mu[2]",2.262998962,9,13,600
"9_13_est_GP_param.csv","mu[3]",1.307011244,9,13,600
"9_13_est_GP_param.csv","mu[4]",0.464440264,9,13,600
"9_13_est_GP_param.csv","mu[5]",1.29281107,9,13,600
"9_14_est_GP_param.csv","alpha",3.296062209,9,14,600
"9_14_est_GP_param.csv","rho",1.470142983,9,14,600
"9_14_est_GP_param.csv","sigma",2.863279113,9,14,600
"9_14_est_GP_param.csv","mu[1]",-0.17910951,9,14,600
"9_14_est_GP_param.csv","mu[2]",1.09626308,9,14,600
"9_14_est_GP_param.csv","mu[3]",5.515729888,9,14,600
"9_14_est_GP_param.csv","mu[4]",1.280670572,9,14,600
"9_14_est_GP_param.csv","mu[5]",5.230226275,9,14,600
"9_15_est_GP_param.csv","alpha",3.59941001,9,15,600
"9_15_est_GP_param.csv","rho",1.955094666,9,15,600
"9_15_est_GP_param.csv","sigma",2.838403806,9,15,600
"9_15_est_GP_param.csv","mu[1]",0.513842781,9,15,600
"9_15_est_GP_param.csv","mu[2]",-2.135897377,9,15,600
"9_15_est_GP_param.csv","mu[3]",-2.533615896,9,15,600
"9_15_est_GP_param.csv","mu[4]",-2.006820307,9,15,600
"9_15_est_GP_param.csv","mu[5]",-1.558144907,9,15,600
"9_16_est_GP_param.csv","alpha",2.472311595,9,16,600
"9_16_est_GP_param.csv","rho",1.316040716,9,16,600
"9_16_est_GP_param.csv","sigma",2.827499223,9,16,600
"9_16_est_GP_param.csv","mu[1]",-1.170130125,9,16,600
"9_16_est_GP_param.csv","mu[2]",-1.660903039,9,16,600
"9_16_est_GP_param.csv","mu[3]",5.584061058,9,16,600
"9_16_est_GP_param.csv","mu[4]",5.154540855,9,16,600
"9_16_est_GP_param.csv","mu[5]",-0.927872972,9,16,600
"9_17_est_GP_param.csv","alpha",3.783426358,9,17,600
"9_17_est_GP_param.csv","rho",1.854432727,9,17,600
"9_17_est_GP_param.csv","sigma",2.984023688,9,17,600
"9_17_est_GP_param.csv","mu[1]",-0.657189664,9,17,600
"9_17_est_GP_param.csv","mu[2]",3.158514259,9,17,600
"9_17_est_GP_param.csv","mu[3]",5.417657415,9,17,600
"9_17_est_GP_param.csv","mu[4]",2.156441995,9,17,600
"9_17_est_GP_param.csv","mu[5]",2.785080796,9,17,600
"9_18_est_GP_param.csv","alpha",2.958320593,9,18,600
"9_18_est_GP_param.csv","rho",1.566904946,9,18,600
"9_18_est_GP_param.csv","sigma",2.884412756,9,18,600
"9_18_est_GP_param.csv","mu[1]",-0.722725077,9,18,600
"9_18_est_GP_param.csv","mu[2]",3.314351052,9,18,600
"9_18_est_GP_param.csv","mu[3]",1.443857261,9,18,600
"9_18_est_GP_param.csv","mu[4]",-1.57729748,9,18,600
"9_18_est_GP_param.csv","mu[5]",-0.552071551,9,18,600
"9_19_est_GP_param.csv","alpha",3.259484412,9,19,600
"9_19_est_GP_param.csv","rho",1.346730823,9,19,600
"9_19_est_GP_param.csv","sigma",2.913012962,9,19,600
"9_19_est_GP_param.csv","mu[1]",-0.537957511,9,19,600
"9_19_est_GP_param.csv","mu[2]",1.549144038,9,19,600
"9_19_est_GP_param.csv","mu[3]",2.97283198,9,19,600
"9_19_est_GP_param.csv","mu[4]",-0.137674031,9,19,600
"9_19_est_GP_param.csv","mu[5]",1.83684074,9,19,600
"9_2_est_GP_param.csv","alpha",1.757784352,9,2,600
"9_2_est_GP_param.csv","rho",1.027114982,9,2,600
"9_2_est_GP_param.csv","sigma",2.964385679,9,2,600
"9_2_est_GP_param.csv","mu[1]",-1.751850498,9,2,600
"9_2_est_GP_param.csv","mu[2]",-3.319525104,9,2,600
"9_2_est_GP_param.csv","mu[3]",4.756542256,9,2,600
"9_2_est_GP_param.csv","mu[4]",0.435101802,9,2,600
"9_2_est_GP_param.csv","mu[5]",-2.043941836,9,2,600
"9_20_est_GP_param.csv","alpha",2.952022155,9,20,600
"9_20_est_GP_param.csv","rho",1.569015434,9,20,600
"9_20_est_GP_param.csv","sigma",2.986611541,9,20,600
"9_20_est_GP_param.csv","mu[1]",4.556146382,9,20,600
"9_20_est_GP_param.csv","mu[2]",-2.690467344,9,20,600
"9_20_est_GP_param.csv","mu[3]",-1.640618273,9,20,600
"9_20_est_GP_param.csv","mu[4]",0.308254412,9,20,600
"9_20_est_GP_param.csv","mu[5]",-2.033273285,9,20,600
"9_3_est_GP_param.csv","alpha",2.490607958,9,3,600
"9_3_est_GP_param.csv","rho",1.446843519,9,3,600
"9_3_est_GP_param.csv","sigma",3.080854544,9,3,600
"9_3_est_GP_param.csv","mu[1]",0.766151025,9,3,600
"9_3_est_GP_param.csv","mu[2]",-0.617336191,9,3,600
"9_3_est_GP_param.csv","mu[3]",0.915721997,9,3,600
"9_3_est_GP_param.csv","mu[4]",0.627073405,9,3,600
"9_3_est_GP_param.csv","mu[5]",2.579852417,9,3,600
"9_4_est_GP_param.csv","alpha",2.315029347,9,4,600
"9_4_est_GP_param.csv","rho",1.476933886,9,4,600
"9_4_est_GP_param.csv","sigma",2.895009075,9,4,600
"9_4_est_GP_param.csv","mu[1]",3.469474305,9,4,600
"9_4_est_GP_param.csv","mu[2]",3.288826719,9,4,600
"9_4_est_GP_param.csv","mu[3]",-2.424599167,9,4,600
"9_4_est_GP_param.csv","mu[4]",-3.050369394,9,4,600
"9_4_est_GP_param.csv","mu[5]",-2.340582611,9,4,600
"9_5_est_GP_param.csv","alpha",2.790672079,9,5,600
"9_5_est_GP_param.csv","rho",2.072228742,9,5,600
"9_5_est_GP_param.csv","sigma",3.179334404,9,5,600
"9_5_est_GP_param.csv","mu[1]",-3.328591605,9,5,600
"9_5_est_GP_param.csv","mu[2]",1.346879208,9,5,600
"9_5_est_GP_param.csv","mu[3]",1.891104028,9,5,600
"9_5_est_GP_param.csv","mu[4]",-1.189477931,9,5,600
"9_5_est_GP_param.csv","mu[5]",0.230156331,9,5,600
"9_6_est_GP_param.csv","alpha",2.506162001,9,6,600
"9_6_est_GP_param.csv","rho",1.371087694,9,6,600
"9_6_est_GP_param.csv","sigma",2.8625237,9,6,600
"9_6_est_GP_param.csv","mu[1]",-2.084083999,9,6,600
"9_6_est_GP_param.csv","mu[2]",-0.798180228,9,6,600
"9_6_est_GP_param.csv","mu[3]",3.663421755,9,6,600
"9_6_est_GP_param.csv","mu[4]",-0.371396286,9,6,600
"9_6_est_GP_param.csv","mu[5]",-2.971287407,9,6,600
"9_7_est_GP_param.csv","alpha",3.029701108,9,7,600
"9_7_est_GP_param.csv","rho",1.5895615,9,7,600
"9_7_est_GP_param.csv","sigma",3.002768075,9,7,600
"9_7_est_GP_param.csv","mu[1]",3.830757042,9,7,600
"9_7_est_GP_param.csv","mu[2]",-0.153162852,9,7,600
"9_7_est_GP_param.csv","mu[3]",2.336460701,9,7,600
"9_7_est_GP_param.csv","mu[4]",0.450567788,9,7,600
"9_7_est_GP_param.csv","mu[5]",2.527744907,9,7,600
"9_8_est_GP_param.csv","alpha",2.559696002,9,8,600
"9_8_est_GP_param.csv","rho",1.516906356,9,8,600
"9_8_est_GP_param.csv","sigma",2.996592888,9,8,600
"9_8_est_GP_param.csv","mu[1]",0.497811882,9,8,600
"9_8_est_GP_param.csv","mu[2]",3.014510589,9,8,600
"9_8_est_GP_param.csv","mu[3]",-0.920869686,9,8,600
"9_8_est_GP_param.csv","mu[4]",-2.479157872,9,8,600
"9_8_est_GP_param.csv","mu[5]",1.294736947,9,8,600
"9_9_est_GP_param.csv","alpha",2.932532325,9,9,600
"9_9_est_GP_param.csv","rho",1.428300657,9,9,600
"9_9_est_GP_param.csv","sigma",3.098858823,9,9,600
"9_9_est_GP_param.csv","mu[1]",4.610360513,9,9,600
"9_9_est_GP_param.csv","mu[2]",-0.322765664,9,9,600
"9_9_est_GP_param.csv","mu[3]",1.993298312,9,9,600
"9_9_est_GP_param.csv","mu[4]",2.401874803,9,9,600
"9_9_est_GP_param.csv","mu[5]",-2.360536576,9,9,600
"10_10_est_GP_param.csv","alpha",3.40575271,10,10,350
"10_10_est_GP_param.csv","rho",2.053143201,10,10,350
"10_10_est_GP_param.csv","sigma",2.954560714,10,10,350
"10_10_est_GP_param.csv","mu[1]",-1.656280529,10,10,350
"10_10_est_GP_param.csv","mu[2]",0.026546498,10,10,350
"10_10_est_GP_param.csv","mu[3]",-2.031772513,10,10,350
"10_10_est_GP_param.csv","mu[4]",0.026002268,10,10,350
"10_10_est_GP_param.csv","mu[5]",3.412500021,10,10,350
"10_11_est_GP_param.csv","alpha",2.461787582,10,11,350
"10_11_est_GP_param.csv","rho",1.473877077,10,11,350
"10_11_est_GP_param.csv","sigma",3.017233956,10,11,350
"10_11_est_GP_param.csv","mu[1]",-1.733496453,10,11,350
"10_11_est_GP_param.csv","mu[2]",-2.887756509,10,11,350
"10_11_est_GP_param.csv","mu[3]",-3.048401413,10,11,350
"10_11_est_GP_param.csv","mu[4]",-0.631830825,10,11,350
"10_11_est_GP_param.csv","mu[5]",-2.687091768,10,11,350
"10_12_est_GP_param.csv","alpha",2.641119379,10,12,350
"10_12_est_GP_param.csv","rho",1.387325383,10,12,350
"10_12_est_GP_param.csv","sigma",3.017792792,10,12,350
"10_12_est_GP_param.csv","mu[1]",0.538362505,10,12,350
"10_12_est_GP_param.csv","mu[2]",-3.351148454,10,12,350
"10_12_est_GP_param.csv","mu[3]",3.05887389,10,12,350
"10_12_est_GP_param.csv","mu[4]",-1.74199056,10,12,350
"10_12_est_GP_param.csv","mu[5]",-0.986685076,10,12,350
"10_13_est_GP_param.csv","alpha",3.805432433,10,13,350
"10_13_est_GP_param.csv","rho",2.138213366,10,13,350
"10_13_est_GP_param.csv","sigma",3.045252671,10,13,350
"10_13_est_GP_param.csv","mu[1]",-2.923398039,10,13,350
"10_13_est_GP_param.csv","mu[2]",1.699681022,10,13,350
"10_13_est_GP_param.csv","mu[3]",0.870480495,10,13,350
"10_13_est_GP_param.csv","mu[4]",2.405912062,10,13,350
"10_13_est_GP_param.csv","mu[5]",5.516562497,10,13,350
"10_14_est_GP_param.csv","alpha",1.978964466,10,14,350
"10_14_est_GP_param.csv","rho",0.973035959,10,14,350
"10_14_est_GP_param.csv","sigma",2.983089424,10,14,350
"10_14_est_GP_param.csv","mu[1]",1.185943371,10,14,350
"10_14_est_GP_param.csv","mu[2]",0.073599103,10,14,350
"10_14_est_GP_param.csv","mu[3]",3.154101521,10,14,350
"10_14_est_GP_param.csv","mu[4]",0.129774941,10,14,350
"10_14_est_GP_param.csv","mu[5]",-1.140062909,10,14,350
"10_15_est_GP_param.csv","alpha",2.953317629,10,15,350
"10_15_est_GP_param.csv","rho",1.364302897,10,15,350
"10_15_est_GP_param.csv","sigma",2.960942771,10,15,350
"10_15_est_GP_param.csv","mu[1]",-0.922224525,10,15,350
"10_15_est_GP_param.csv","mu[2]",-1.870928524,10,15,350
"10_15_est_GP_param.csv","mu[3]",-2.988255169,10,15,350
"10_15_est_GP_param.csv","mu[4]",2.702483221,10,15,350
"10_15_est_GP_param.csv","mu[5]",-0.833976013,10,15,350
"10_16_est_GP_param.csv","alpha",3.295419724,10,16,350
"10_16_est_GP_param.csv","rho",1.913035352,10,16,350
"10_16_est_GP_param.csv","sigma",2.891616151,10,16,350
"10_16_est_GP_param.csv","mu[1]",-1.614231287,10,16,350
"10_16_est_GP_param.csv","mu[2]",-0.245289636,10,16,350
"10_16_est_GP_param.csv","mu[3]",-0.01186846,10,16,350
"10_16_est_GP_param.csv","mu[4]",0.123634484,10,16,350
"10_16_est_GP_param.csv","mu[5]",-1.282156462,10,16,350
"10_17_est_GP_param.csv","alpha",3.112883318,10,17,350
"10_17_est_GP_param.csv","rho",1.728659825,10,17,350
"10_17_est_GP_param.csv","sigma",3.010602544,10,17,350
"10_17_est_GP_param.csv","mu[1]",1.834315656,10,17,350
"10_17_est_GP_param.csv","mu[2]",1.435165758,10,17,350
"10_17_est_GP_param.csv","mu[3]",-2.719077274,10,17,350
"10_17_est_GP_param.csv","mu[4]",0.716273204,10,17,350
"10_17_est_GP_param.csv","mu[5]",-3.247125162,10,17,350
"10_18_est_GP_param.csv","alpha",2.714232368,10,18,350
"10_18_est_GP_param.csv","rho",1.662283412,10,18,350
"10_18_est_GP_param.csv","sigma",2.888632796,10,18,350
"10_18_est_GP_param.csv","mu[1]",-0.74013441,10,18,350
"10_18_est_GP_param.csv","mu[2]",1.301936975,10,18,350
"10_18_est_GP_param.csv","mu[3]",-0.329228817,10,18,350
"10_18_est_GP_param.csv","mu[4]",-0.057970477,10,18,350
"10_18_est_GP_param.csv","mu[5]",-1.621704541,10,18,350
"10_19_est_GP_param.csv","alpha",3.178762187,10,19,350
"10_19_est_GP_param.csv","rho",1.977107991,10,19,350
"10_19_est_GP_param.csv","sigma",3.025992139,10,19,350
"10_19_est_GP_param.csv","mu[1]",-0.569850988,10,19,350
"10_19_est_GP_param.csv","mu[2]",0.71221197,10,19,350
"10_19_est_GP_param.csv","mu[3]",2.183093867,10,19,350
"10_19_est_GP_param.csv","mu[4]",1.738909545,10,19,350
"10_19_est_GP_param.csv","mu[5]",4.993416242,10,19,350
"10_2_est_GP_param.csv","alpha",3.240857415,10,2,350
"10_2_est_GP_param.csv","rho",1.800986311,10,2,350
"10_2_est_GP_param.csv","sigma",3.034820581,10,2,350
"10_2_est_GP_param.csv","mu[1]",-0.767129817,10,2,350
"10_2_est_GP_param.csv","mu[2]",4.876850589,10,2,350
"10_2_est_GP_param.csv","mu[3]",0.299754721,10,2,350
"10_2_est_GP_param.csv","mu[4]",1.056640065,10,2,350
"10_2_est_GP_param.csv","mu[5]",-1.173729304,10,2,350
"10_20_est_GP_param.csv","alpha",3.145881038,10,20,350
"10_20_est_GP_param.csv","rho",1.900489096,10,20,350
"10_20_est_GP_param.csv","sigma",2.924099852,10,20,350
"10_20_est_GP_param.csv","mu[1]",-0.758128153,10,20,350
"10_20_est_GP_param.csv","mu[2]",3.102315551,10,20,350
"10_20_est_GP_param.csv","mu[3]",0.491094,10,20,350
"10_20_est_GP_param.csv","mu[4]",1.954120074,10,20,350
"10_20_est_GP_param.csv","mu[5]",0.772075411,10,20,350
"10_3_est_GP_param.csv","alpha",4.14440756,10,3,350
"10_3_est_GP_param.csv","rho",1.981568077,10,3,350
"10_3_est_GP_param.csv","sigma",2.857839153,10,3,350
"10_3_est_GP_param.csv","mu[1]",-1.897978515,10,3,350
"10_3_est_GP_param.csv","mu[2]",3.54335798,10,3,350
"10_3_est_GP_param.csv","mu[3]",6.865796692,10,3,350
"10_3_est_GP_param.csv","mu[4]",-2.91318344,10,3,350
"10_3_est_GP_param.csv","mu[5]",1.141244209,10,3,350
"10_4_est_GP_param.csv","alpha",3.461377497,10,4,350
"10_4_est_GP_param.csv","rho",2.440406632,10,4,350
"10_4_est_GP_param.csv","sigma",2.880379438,10,4,350
"10_4_est_GP_param.csv","mu[1]",5.406751684,10,4,350
"10_4_est_GP_param.csv","mu[2]",0.245151899,10,4,350
"10_4_est_GP_param.csv","mu[3]",1.198861342,10,4,350
"10_4_est_GP_param.csv","mu[4]",-2.727273918,10,4,350
"10_4_est_GP_param.csv","mu[5]",-0.885087762,10,4,350
"10_5_est_GP_param.csv","alpha",2.699630169,10,5,350
"10_5_est_GP_param.csv","rho",1.518754474,10,5,350
"10_5_est_GP_param.csv","sigma",3.102806804,10,5,350
"10_5_est_GP_param.csv","mu[1]",-3.102681095,10,5,350
"10_5_est_GP_param.csv","mu[2]",-1.835554026,10,5,350
"10_5_est_GP_param.csv","mu[3]",0.957597869,10,5,350
"10_5_est_GP_param.csv","mu[4]",2.012140302,10,5,350
"10_5_est_GP_param.csv","mu[5]",2.689377869,10,5,350
"10_6_est_GP_param.csv","alpha",3.287760478,10,6,350
"10_6_est_GP_param.csv","rho",1.600165458,10,6,350
"10_6_est_GP_param.csv","sigma",2.938725365,10,6,350
"10_6_est_GP_param.csv","mu[1]",-3.034971232,10,6,350
"10_6_est_GP_param.csv","mu[2]",0.130457283,10,6,350
"10_6_est_GP_param.csv","mu[3]",-2.078810561,10,6,350
"10_6_est_GP_param.csv","mu[4]",-2.435323877,10,6,350
"10_6_est_GP_param.csv","mu[5]",6.134998161,10,6,350
"10_7_est_GP_param.csv","alpha",3.443335733,10,7,350
"10_7_est_GP_param.csv","rho",1.623964689,10,7,350
"10_7_est_GP_param.csv","sigma",3.186352795,10,7,350
"10_7_est_GP_param.csv","mu[1]",3.757891752,10,7,350
"10_7_est_GP_param.csv","mu[2]",0.147500308,10,7,350
"10_7_est_GP_param.csv","mu[3]",-0.900846438,10,7,350
"10_7_est_GP_param.csv","mu[4]",-0.3473836,10,7,350
"10_7_est_GP_param.csv","mu[5]",-0.567992253,10,7,350
"10_8_est_GP_param.csv","alpha",2.942051602,10,8,350
"10_8_est_GP_param.csv","rho",1.715947072,10,8,350
"10_8_est_GP_param.csv","sigma",2.942188009,10,8,350
"10_8_est_GP_param.csv","mu[1]",1.514275907,10,8,350
"10_8_est_GP_param.csv","mu[2]",-0.445989121,10,8,350
"10_8_est_GP_param.csv","mu[3]",7.682250538,10,8,350
"10_8_est_GP_param.csv","mu[4]",2.783161994,10,8,350
"10_8_est_GP_param.csv","mu[5]",-0.408312797,10,8,350
"10_9_est_GP_param.csv","alpha",3.095604045,10,9,350
"10_9_est_GP_param.csv","rho",1.747219834,10,9,350
"10_9_est_GP_param.csv","sigma",2.779773497,10,9,350
"10_9_est_GP_param.csv","mu[1]",0.123108773,10,9,350
"10_9_est_GP_param.csv","mu[2]",-1.643437721,10,9,350
"10_9_est_GP_param.csv","mu[3]",-1.800148873,10,9,350
"10_9_est_GP_param.csv","mu[4]",-1.350855582,10,9,350
"10_9_est_GP_param.csv","mu[5]",-0.53993502,10,9,350
"11_10_est_GP_param.csv","alpha",1.950550252,11,10,350
"11_10_est_GP_param.csv","rho",0.891189448,11,10,350
"11_10_est_GP_param.csv","sigma",3.050948786,11,10,350
"11_10_est_GP_param.csv","mu[1]",-0.041956292,11,10,350
"11_10_est_GP_param.csv","mu[2]",-2.10126615,11,10,350
"11_10_est_GP_param.csv","mu[3]",-2.691333613,11,10,350
"11_10_est_GP_param.csv","mu[4]",4.716435984,11,10,350
"11_10_est_GP_param.csv","mu[5]",5.778729162,11,10,350
"11_11_est_GP_param.csv","alpha",2.158744439,11,11,350
"11_11_est_GP_param.csv","rho",1.642179675,11,11,350
"11_11_est_GP_param.csv","sigma",2.790131257,11,11,350
"11_11_est_GP_param.csv","mu[1]",1.866057691,11,11,350
"11_11_est_GP_param.csv","mu[2]",2.126049836,11,11,350
"11_11_est_GP_param.csv","mu[3]",0.73369757,11,11,350
"11_11_est_GP_param.csv","mu[4]",1.866766036,11,11,350
"11_11_est_GP_param.csv","mu[5]",-0.87293669,11,11,350
"11_12_est_GP_param.csv","alpha",3.055059245,11,12,350
"11_12_est_GP_param.csv","rho",1.867434859,11,12,350
"11_12_est_GP_param.csv","sigma",3.053334725,11,12,350
"11_12_est_GP_param.csv","mu[1]",-0.942124319,11,12,350
"11_12_est_GP_param.csv","mu[2]",1.074453915,11,12,350
"11_12_est_GP_param.csv","mu[3]",-1.357862503,11,12,350
"11_12_est_GP_param.csv","mu[4]",-0.908944907,11,12,350
"11_12_est_GP_param.csv","mu[5]",1.997341155,11,12,350
"11_13_est_GP_param.csv","alpha",3.296022606,11,13,350
"11_13_est_GP_param.csv","rho",2.604222851,11,13,350
"11_13_est_GP_param.csv","sigma",2.961743204,11,13,350
"11_13_est_GP_param.csv","mu[1]",2.127570735,11,13,350
"11_13_est_GP_param.csv","mu[2]",-1.604031759,11,13,350
"11_13_est_GP_param.csv","mu[3]",-0.703911355,11,13,350
"11_13_est_GP_param.csv","mu[4]",3.226470272,11,13,350
"11_13_est_GP_param.csv","mu[5]",-3.013970433,11,13,350
"11_14_est_GP_param.csv","alpha",3.126583017,11,14,350
"11_14_est_GP_param.csv","rho",1.800250263,11,14,350
"11_14_est_GP_param.csv","sigma",2.855893315,11,14,350
"11_14_est_GP_param.csv","mu[1]",-0.323981022,11,14,350
"11_14_est_GP_param.csv","mu[2]",-1.854519306,11,14,350
"11_14_est_GP_param.csv","mu[3]",-0.249864303,11,14,350
"11_14_est_GP_param.csv","mu[4]",-3.437673367,11,14,350
"11_14_est_GP_param.csv","mu[5]",1.523392222,11,14,350
"11_15_est_GP_param.csv","alpha",2.91125511,11,15,350
"11_15_est_GP_param.csv","rho",1.611807241,11,15,350
"11_15_est_GP_param.csv","sigma",2.948254768,11,15,350
"11_15_est_GP_param.csv","mu[1]",0.810311372,11,15,350
"11_15_est_GP_param.csv","mu[2]",-1.283554576,11,15,350
"11_15_est_GP_param.csv","mu[3]",-1.526241533,11,15,350
"11_15_est_GP_param.csv","mu[4]",6.455088526,11,15,350
"11_15_est_GP_param.csv","mu[5]",-1.163221266,11,15,350
"11_16_est_GP_param.csv","alpha",3.581089793,11,16,350
"11_16_est_GP_param.csv","rho",2.304377981,11,16,350
"11_16_est_GP_param.csv","sigma",2.950478023,11,16,350
"11_16_est_GP_param.csv","mu[1]",1.465858512,11,16,350
"11_16_est_GP_param.csv","mu[2]",0.387709278,11,16,350
"11_16_est_GP_param.csv","mu[3]",-0.838193361,11,16,350
"11_16_est_GP_param.csv","mu[4]",-3.157804907,11,16,350
"11_16_est_GP_param.csv","mu[5]",1.209051393,11,16,350
"11_17_est_GP_param.csv","alpha",2.643102001,11,17,350
"11_17_est_GP_param.csv","rho",1.825684775,11,17,350
"11_17_est_GP_param.csv","sigma",2.87440334,11,17,350
"11_17_est_GP_param.csv","mu[1]",-0.586094152,11,17,350
"11_17_est_GP_param.csv","mu[2]",-0.502282968,11,17,350
"11_17_est_GP_param.csv","mu[3]",-3.631414509,11,17,350
"11_17_est_GP_param.csv","mu[4]",4.141998814,11,17,350
"11_17_est_GP_param.csv","mu[5]",-1.344172258,11,17,350
"11_18_est_GP_param.csv","alpha",1.723733037,11,18,350
"11_18_est_GP_param.csv","rho",0.825841246,11,18,350
"11_18_est_GP_param.csv","sigma",2.86693031,11,18,350
"11_18_est_GP_param.csv","mu[1]",1.799599917,11,18,350
"11_18_est_GP_param.csv","mu[2]",-0.242839117,11,18,350
"11_18_est_GP_param.csv","mu[3]",0.398824112,11,18,350
"11_18_est_GP_param.csv","mu[4]",0.361257165,11,18,350
"11_18_est_GP_param.csv","mu[5]",1.044866968,11,18,350
"11_19_est_GP_param.csv","alpha",3.504794428,11,19,350
"11_19_est_GP_param.csv","rho",2.540817428,11,19,350
"11_19_est_GP_param.csv","sigma",3.066317627,11,19,350
"11_19_est_GP_param.csv","mu[1]",-2.220492843,11,19,350
"11_19_est_GP_param.csv","mu[2]",-2.515833839,11,19,350
"11_19_est_GP_param.csv","mu[3]",0.910968855,11,19,350
"11_19_est_GP_param.csv","mu[4]",-1.731522041,11,19,350
"11_19_est_GP_param.csv","mu[5]",5.052137975,11,19,350
"11_2_est_GP_param.csv","alpha",3.432744264,11,2,350
"11_2_est_GP_param.csv","rho",2.637002454,11,2,350
"11_2_est_GP_param.csv","sigma",3.054851492,11,2,350
"11_2_est_GP_param.csv","mu[1]",4.134538038,11,2,350
"11_2_est_GP_param.csv","mu[2]",1.482459826,11,2,350
"11_2_est_GP_param.csv","mu[3]",0.917243919,11,2,350
"11_2_est_GP_param.csv","mu[4]",-1.419234759,11,2,350
"11_2_est_GP_param.csv","mu[5]",-3.090768389,11,2,350
"11_20_est_GP_param.csv","alpha",3.123080782,11,20,350
"11_20_est_GP_param.csv","rho",2.465256054,11,20,350
"11_20_est_GP_param.csv","sigma",2.654870289,11,20,350
"11_20_est_GP_param.csv","mu[1]",-2.744543244,11,20,350
"11_20_est_GP_param.csv","mu[2]",-2.322348883,11,20,350
"11_20_est_GP_param.csv","mu[3]",-1.721702004,11,20,350
"11_20_est_GP_param.csv","mu[4]",-1.276694898,11,20,350
"11_20_est_GP_param.csv","mu[5]",-0.520940772,11,20,350
"11_3_est_GP_param.csv","alpha",1.851164366,11,3,350
"11_3_est_GP_param.csv","rho",0.19185245,11,3,350
"11_3_est_GP_param.csv","sigma",2.956664685,11,3,350
"11_3_est_GP_param.csv","mu[1]",0.91249845,11,3,350
"11_3_est_GP_param.csv","mu[2]",2.269232068,11,3,350
"11_3_est_GP_param.csv","mu[3]",-3.52881521,11,3,350
"11_3_est_GP_param.csv","mu[4]",-0.084337527,11,3,350
"11_3_est_GP_param.csv","mu[5]",-3.923012199,11,3,350
"11_4_est_GP_param.csv","alpha",3.100342321,11,4,350
"11_4_est_GP_param.csv","rho",1.906576672,11,4,350
"11_4_est_GP_param.csv","sigma",2.9553233,11,4,350
"11_4_est_GP_param.csv","mu[1]",0.093248385,11,4,350
"11_4_est_GP_param.csv","mu[2]",-3.280387743,11,4,350
"11_4_est_GP_param.csv","mu[3]",-1.152131644,11,4,350
"11_4_est_GP_param.csv","mu[4]",2.348757553,11,4,350
"11_4_est_GP_param.csv","mu[5]",1.36613754,11,4,350
"11_5_est_GP_param.csv","alpha",2.669965132,11,5,350
"11_5_est_GP_param.csv","rho",1.70908346,11,5,350
"11_5_est_GP_param.csv","sigma",2.9287491,11,5,350
"11_5_est_GP_param.csv","mu[1]",-0.045230625,11,5,350
"11_5_est_GP_param.csv","mu[2]",1.832299958,11,5,350
"11_5_est_GP_param.csv","mu[3]",1.316790671,11,5,350
"11_5_est_GP_param.csv","mu[4]",-0.763679276,11,5,350
"11_5_est_GP_param.csv","mu[5]",-0.048668765,11,5,350
"11_6_est_GP_param.csv","alpha",3.886516433,11,6,350
"11_6_est_GP_param.csv","rho",2.868282261,11,6,350
"11_6_est_GP_param.csv","sigma",3.174362622,11,6,350
"11_6_est_GP_param.csv","mu[1]",3.586367342,11,6,350
"11_6_est_GP_param.csv","mu[2]",2.435486043,11,6,350
"11_6_est_GP_param.csv","mu[3]",-3.348344849,11,6,350
"11_6_est_GP_param.csv","mu[4]",1.310722646,11,6,350
"11_6_est_GP_param.csv","mu[5]",1.03843909,11,6,350
"11_7_est_GP_param.csv","alpha",2.756911977,11,7,350
"11_7_est_GP_param.csv","rho",1.756966898,11,7,350
"11_7_est_GP_param.csv","sigma",2.965802513,11,7,350
"11_7_est_GP_param.csv","mu[1]",-1.073762522,11,7,350
"11_7_est_GP_param.csv","mu[2]",-1.466493869,11,7,350
"11_7_est_GP_param.csv","mu[3]",-2.396364324,11,7,350
"11_7_est_GP_param.csv","mu[4]",5.321598955,11,7,350
"11_7_est_GP_param.csv","mu[5]",3.889897968,11,7,350
"11_8_est_GP_param.csv","alpha",2.183135724,11,8,350
"11_8_est_GP_param.csv","rho",-1.734091285,11,8,350
"11_8_est_GP_param.csv","sigma",2.35391725,11,8,350
"11_8_est_GP_param.csv","mu[1]",3.187016773,11,8,350
"11_8_est_GP_param.csv","mu[2]",-1.254757089,11,8,350
"11_8_est_GP_param.csv","mu[3]",-2.951916611,11,8,350
"11_8_est_GP_param.csv","mu[4]",-2.137778502,11,8,350
"11_8_est_GP_param.csv","mu[5]",-0.30442619,11,8,350
"11_9_est_GP_param.csv","alpha",2.200989239,11,9,350
"11_9_est_GP_param.csv","rho",-0.944503571,11,9,350
"11_9_est_GP_param.csv","sigma",2.352163718,11,9,350
"11_9_est_GP_param.csv","mu[1]",-2.103871776,11,9,350
"11_9_est_GP_param.csv","mu[2]",-0.150614437,11,9,350
"11_9_est_GP_param.csv","mu[3]",0.47800357,11,9,350
"11_9_est_GP_param.csv","mu[4]",-2.758969744,11,9,350
"11_9_est_GP_param.csv","mu[5]",-3.966936451,11,9,350
"12_10_est_GP_param.csv","alpha",3.059254459,12,10,350
"12_10_est_GP_param.csv","rho",2.060895661,12,10,350
"12_10_est_GP_param.csv","sigma",3.098465722,12,10,350
"12_10_est_GP_param.csv","mu[1]",2.815841043,12,10,350
"12_10_est_GP_param.csv","mu[2]",-2.765715789,12,10,350
"12_10_est_GP_param.csv","mu[3]",-0.29187784,12,10,350
"12_10_est_GP_param.csv","mu[4]",-1.58165523,12,10,350
"12_10_est_GP_param.csv","mu[5]",0.397149034,12,10,350
"12_11_est_GP_param.csv","alpha",3.060421537,12,11,350
"12_11_est_GP_param.csv","rho",2.334057674,12,11,350
"12_11_est_GP_param.csv","sigma",2.848585868,12,11,350
"12_11_est_GP_param.csv","mu[1]",-0.382967842,12,11,350
"12_11_est_GP_param.csv","mu[2]",0.897929512,12,11,350
"12_11_est_GP_param.csv","mu[3]",1.964235301,12,11,350
"12_11_est_GP_param.csv","mu[4]",3.436407803,12,11,350
"12_11_est_GP_param.csv","mu[5]",1.342504248,12,11,350
"12_12_est_GP_param.csv","alpha",3.077290579,12,12,350
"12_12_est_GP_param.csv","rho",2.104258945,12,12,350
"12_12_est_GP_param.csv","sigma",3.102185835,12,12,350
"12_12_est_GP_param.csv","mu[1]",2.044305085,12,12,350
"12_12_est_GP_param.csv","mu[2]",0.501232035,12,12,350
"12_12_est_GP_param.csv","mu[3]",-2.679902816,12,12,350
"12_12_est_GP_param.csv","mu[4]",-2.76449202,12,12,350
"12_12_est_GP_param.csv","mu[5]",-0.349560317,12,12,350
"12_13_est_GP_param.csv","alpha",2.602392264,12,13,350
"12_13_est_GP_param.csv","rho",1.462296695,12,13,350
"12_13_est_GP_param.csv","sigma",3.114674253,12,13,350
"12_13_est_GP_param.csv","mu[1]",-0.577347536,12,13,350
"12_13_est_GP_param.csv","mu[2]",2.828467787,12,13,350
"12_13_est_GP_param.csv","mu[3]",-1.34625382,12,13,350
"12_13_est_GP_param.csv","mu[4]",-3.35729841,12,13,350
"12_13_est_GP_param.csv","mu[5]",1.8827362,12,13,350
"12_14_est_GP_param.csv","alpha",3.001842735,12,14,350
"12_14_est_GP_param.csv","rho",0.825973947,12,14,350
"12_14_est_GP_param.csv","sigma",2.555115137,12,14,350
"12_14_est_GP_param.csv","mu[1]",5.962098795,12,14,350
"12_14_est_GP_param.csv","mu[2]",-0.630238217,12,14,350
"12_14_est_GP_param.csv","mu[3]",-1.814940879,12,14,350
"12_14_est_GP_param.csv","mu[4]",2.81746974,12,14,350
"12_14_est_GP_param.csv","mu[5]",-3.484534151,12,14,350
"12_15_est_GP_param.csv","alpha",3.240370365,12,15,350
"12_15_est_GP_param.csv","rho",2.892543321,12,15,350
"12_15_est_GP_param.csv","sigma",2.873925103,12,15,350
"12_15_est_GP_param.csv","mu[1]",1.26300774,12,15,350
"12_15_est_GP_param.csv","mu[2]",3.575574267,12,15,350
"12_15_est_GP_param.csv","mu[3]",-3.025999701,12,15,350
"12_15_est_GP_param.csv","mu[4]",1.442345491,12,15,350
"12_15_est_GP_param.csv","mu[5]",-2.117185195,12,15,350
"12_16_est_GP_param.csv","alpha",3.806770914,12,16,350
"12_16_est_GP_param.csv","rho",2.534018381,12,16,350
"12_16_est_GP_param.csv","sigma",3.01765754,12,16,350
"12_16_est_GP_param.csv","mu[1]",-2.679148309,12,16,350
"12_16_est_GP_param.csv","mu[2]",4.670643947,12,16,350
"12_16_est_GP_param.csv","mu[3]",0.608648849,12,16,350
"12_16_est_GP_param.csv","mu[4]",5.602460943,12,16,350
"12_16_est_GP_param.csv","mu[5]",-0.038049868,12,16,350
"12_17_est_GP_param.csv","alpha",2.208921811,12,17,350
"12_17_est_GP_param.csv","rho",1.059783966,12,17,350
"12_17_est_GP_param.csv","sigma",3.0086114,12,17,350
"12_17_est_GP_param.csv","mu[1]",1.075418737,12,17,350
"12_17_est_GP_param.csv","mu[2]",-2.70796532,12,17,350
"12_17_est_GP_param.csv","mu[3]",-2.895175767,12,17,350
"12_17_est_GP_param.csv","mu[4]",0.279075652,12,17,350
"12_17_est_GP_param.csv","mu[5]",-1.192933696,12,17,350
"12_18_est_GP_param.csv","alpha",3.272736413,12,18,350
"12_18_est_GP_param.csv","rho",2.05821823,12,18,350
"12_18_est_GP_param.csv","sigma",3.041325695,12,18,350
"12_18_est_GP_param.csv","mu[1]",-1.707021318,12,18,350
"12_18_est_GP_param.csv","mu[2]",0.483782043,12,18,350
"12_18_est_GP_param.csv","mu[3]",-2.963990198,12,18,350
"12_18_est_GP_param.csv","mu[4]",4.288302531,12,18,350
"12_18_est_GP_param.csv","mu[5]",2.30605185,12,18,350
"12_19_est_GP_param.csv","alpha",2.722413253,12,19,350
"12_19_est_GP_param.csv","rho",2.506483898,12,19,350
"12_19_est_GP_param.csv","sigma",2.909302498,12,19,350
"12_19_est_GP_param.csv","mu[1]",-0.054248955,12,19,350
"12_19_est_GP_param.csv","mu[2]",-2.661760853,12,19,350
"12_19_est_GP_param.csv","mu[3]",-0.612963825,12,19,350
"12_19_est_GP_param.csv","mu[4]",-2.778951611,12,19,350
"12_19_est_GP_param.csv","mu[5]",1.147869468,12,19,350
"12_2_est_GP_param.csv","alpha",2.547428103,12,2,350
"12_2_est_GP_param.csv","rho",2.177225729,12,2,350
"12_2_est_GP_param.csv","sigma",2.943776416,12,2,350
"12_2_est_GP_param.csv","mu[1]",-2.356092757,12,2,350
"12_2_est_GP_param.csv","mu[2]",-1.122966153,12,2,350
"12_2_est_GP_param.csv","mu[3]",-1.044413932,12,2,350
"12_2_est_GP_param.csv","mu[4]",2.607696168,12,2,350
"12_2_est_GP_param.csv","mu[5]",-1.702169478,12,2,350
"12_20_est_GP_param.csv","alpha",1.76938122,12,20,350
"12_20_est_GP_param.csv","rho",0.593891393,12,20,350
"12_20_est_GP_param.csv","sigma",2.759189612,12,20,350
"12_20_est_GP_param.csv","mu[1]",0.644714843,12,20,350
"12_20_est_GP_param.csv","mu[2]",2.195325826,12,20,350
"12_20_est_GP_param.csv","mu[3]",-0.857412537,12,20,350
"12_20_est_GP_param.csv","mu[4]",3.99825824,12,20,350
"12_20_est_GP_param.csv","mu[5]",1.795452662,12,20,350
"12_3_est_GP_param.csv","alpha",1.565691265,12,3,350
"12_3_est_GP_param.csv","rho",-0.506727031,12,3,350
"12_3_est_GP_param.csv","sigma",2.656789718,12,3,350
"12_3_est_GP_param.csv","mu[1]",-1.613153791,12,3,350
"12_3_est_GP_param.csv","mu[2]",0.607999186,12,3,350
"12_3_est_GP_param.csv","mu[3]",-1.459902766,12,3,350
"12_3_est_GP_param.csv","mu[4]",2.694089952,12,3,350
"12_3_est_GP_param.csv","mu[5]",0.226804662,12,3,350
"12_4_est_GP_param.csv","alpha",2.023432676,12,4,350
"12_4_est_GP_param.csv","rho",1.132933191,12,4,350
"12_4_est_GP_param.csv","sigma",2.911899199,12,4,350
"12_4_est_GP_param.csv","mu[1]",6.951160735,12,4,350
"12_4_est_GP_param.csv","mu[2]",-0.416434467,12,4,350
"12_4_est_GP_param.csv","mu[3]",0.916466726,12,4,350
"12_4_est_GP_param.csv","mu[4]",-1.778507896,12,4,350
"12_4_est_GP_param.csv","mu[5]",-2.640453494,12,4,350
"12_5_est_GP_param.csv","alpha",3.548216834,12,5,350
"12_5_est_GP_param.csv","rho",2.166816247,12,5,350
"12_5_est_GP_param.csv","sigma",2.872026312,12,5,350
"12_5_est_GP_param.csv","mu[1]",-1.611089468,12,5,350
"12_5_est_GP_param.csv","mu[2]",-1.394043964,12,5,350
"12_5_est_GP_param.csv","mu[3]",3.329692233,12,5,350
"12_5_est_GP_param.csv","mu[4]",-3.352403953,12,5,350
"12_5_est_GP_param.csv","mu[5]",1.395046715,12,5,350
"12_6_est_GP_param.csv","alpha",2.172264102,12,6,350
"12_6_est_GP_param.csv","rho",1.333459521,12,6,350
"12_6_est_GP_param.csv","sigma",2.95022794,12,6,350
"12_6_est_GP_param.csv","mu[1]",1.853593624,12,6,350
"12_6_est_GP_param.csv","mu[2]",-1.804765494,12,6,350
"12_6_est_GP_param.csv","mu[3]",3.240519236,12,6,350
"12_6_est_GP_param.csv","mu[4]",-0.046819064,12,6,350
"12_6_est_GP_param.csv","mu[5]",-1.383427299,12,6,350
"12_7_est_GP_param.csv","alpha",2.80964573,12,7,350
"12_7_est_GP_param.csv","rho",2.260639722,12,7,350
"12_7_est_GP_param.csv","sigma",2.990588894,12,7,350
"12_7_est_GP_param.csv","mu[1]",2.951350977,12,7,350
"12_7_est_GP_param.csv","mu[2]",-2.644391498,12,7,350
"12_7_est_GP_param.csv","mu[3]",0.062322181,12,7,350
"12_7_est_GP_param.csv","mu[4]",2.175815123,12,7,350
"12_7_est_GP_param.csv","mu[5]",-0.704481423,12,7,350
"12_8_est_GP_param.csv","alpha",2.836977893,12,8,350
"12_8_est_GP_param.csv","rho",-2.253606883,12,8,350
"12_8_est_GP_param.csv","sigma",1.618698153,12,8,350
"12_8_est_GP_param.csv","mu[1]",-0.356004866,12,8,350
"12_8_est_GP_param.csv","mu[2]",0.28683162,12,8,350
"12_8_est_GP_param.csv","mu[3]",0.947532122,12,8,350
"12_8_est_GP_param.csv","mu[4]",5.203100002,12,8,350
"12_8_est_GP_param.csv","mu[5]",0.680885936,12,8,350
"12_9_est_GP_param.csv","alpha",1.869877567,12,9,350
"12_9_est_GP_param.csv","rho",0.941177246,12,9,350
"12_9_est_GP_param.csv","sigma",3.028148024,12,9,350
"12_9_est_GP_param.csv","mu[1]",0.217527657,12,9,350
"12_9_est_GP_param.csv","mu[2]",3.039936864,12,9,350
"12_9_est_GP_param.csv","mu[3]",1.806478298,12,9,350
"12_9_est_GP_param.csv","mu[4]",-2.166643563,12,9,350
"12_9_est_GP_param.csv","mu[5]",-3.485679278,12,9,350
"2_10_est_GP_param.csv","alpha",3.190114374,2,10,350
"2_10_est_GP_param.csv","rho",-2.342330036,2,10,350
"2_10_est_GP_param.csv","sigma",1.912835102,2,10,350
"2_10_est_GP_param.csv","mu[1]",3.205289071,2,10,350
"2_10_est_GP_param.csv","mu[2]",9.000398316,2,10,350
"2_10_est_GP_param.csv","mu[3]",3.968578278,2,10,350
"2_10_est_GP_param.csv","mu[4]",-3.901407742,2,10,350
"2_10_est_GP_param.csv","mu[5]",6.00937407,2,10,350
"2_11_est_GP_param.csv","alpha",3.440198785,2,11,350
"2_11_est_GP_param.csv","rho",-2.641523905,2,11,350
"2_11_est_GP_param.csv","sigma",1.196524605,2,11,350
"2_11_est_GP_param.csv","mu[1]",-1.551186258,2,11,350
"2_11_est_GP_param.csv","mu[2]",-0.510685293,2,11,350
"2_11_est_GP_param.csv","mu[3]",-1.470456718,2,11,350
"2_11_est_GP_param.csv","mu[4]",-0.329830021,2,11,350
"2_11_est_GP_param.csv","mu[5]",3.596466805,2,11,350
"2_12_est_GP_param.csv","alpha",3.129787124,2,12,350
"2_12_est_GP_param.csv","rho",2.496833274,2,12,350
"2_12_est_GP_param.csv","sigma",3.601540095,2,12,350
"2_12_est_GP_param.csv","mu[1]",2.834719329,2,12,350
"2_12_est_GP_param.csv","mu[2]",-0.794212261,2,12,350
"2_12_est_GP_param.csv","mu[3]",-2.855888272,2,12,350
"2_12_est_GP_param.csv","mu[4]",1.87795663,2,12,350
"2_12_est_GP_param.csv","mu[5]",-0.578465014,2,12,350
"2_13_est_GP_param.csv","alpha",2.685610196,2,13,350
"2_13_est_GP_param.csv","rho",0.170765053,2,13,350
"2_13_est_GP_param.csv","sigma",3.010984697,2,13,350
"2_13_est_GP_param.csv","mu[1]",3.747546759,2,13,350
"2_13_est_GP_param.csv","mu[2]",-3.560469917,2,13,350
"2_13_est_GP_param.csv","mu[3]",-1.879820212,2,13,350
"2_13_est_GP_param.csv","mu[4]",-0.808649599,2,13,350
"2_13_est_GP_param.csv","mu[5]",0.984413809,2,13,350
"2_14_est_GP_param.csv","alpha",3.169585686,2,14,350
"2_14_est_GP_param.csv","rho",-2.744842754,2,14,350
"2_14_est_GP_param.csv","sigma",1.760426226,2,14,350
"2_14_est_GP_param.csv","mu[1]",-2.787548797,2,14,350
"2_14_est_GP_param.csv","mu[2]",3.904070641,2,14,350
"2_14_est_GP_param.csv","mu[3]",0.422218963,2,14,350
"2_14_est_GP_param.csv","mu[4]",-1.181153106,2,14,350
"2_14_est_GP_param.csv","mu[5]",0.201193041,2,14,350
"2_15_est_GP_param.csv","alpha",3.325390032,2,15,350
"2_15_est_GP_param.csv","rho",-2.594840434,2,15,350
"2_15_est_GP_param.csv","sigma",1.545200092,2,15,350
"2_15_est_GP_param.csv","mu[1]",6.284614755,2,15,350
"2_15_est_GP_param.csv","mu[2]",-2.75330254,2,15,350
"2_15_est_GP_param.csv","mu[3]",3.355343295,2,15,350
"2_15_est_GP_param.csv","mu[4]",-3.056793657,2,15,350
"2_15_est_GP_param.csv","mu[5]",1.657050155,2,15,350
"2_16_est_GP_param.csv","alpha",2.354925505,2,16,350
"2_16_est_GP_param.csv","rho",-1.517254876,2,16,350
"2_16_est_GP_param.csv","sigma",2.54081861,2,16,350
"2_16_est_GP_param.csv","mu[1]",0.730896224,2,16,350
"2_16_est_GP_param.csv","mu[2]",0.571113239,2,16,350
"2_16_est_GP_param.csv","mu[3]",-1.219179218,2,16,350
"2_16_est_GP_param.csv","mu[4]",-3.353825174,2,16,350
"2_16_est_GP_param.csv","mu[5]",2.771938972,2,16,350
"2_17_est_GP_param.csv","alpha",3.152858278,2,17,350
"2_17_est_GP_param.csv","rho",2.460580308,2,17,350
"2_17_est_GP_param.csv","sigma",3.341080417,2,17,350
"2_17_est_GP_param.csv","mu[1]",-2.972529108,2,17,350
"2_17_est_GP_param.csv","mu[2]",3.072749683,2,17,350
"2_17_est_GP_param.csv","mu[3]",-3.090104123,2,17,350
"2_17_est_GP_param.csv","mu[4]",-0.055581853,2,17,350
"2_17_est_GP_param.csv","mu[5]",0.870775308,2,17,350
"2_18_est_GP_param.csv","alpha",3.299107356,2,18,350
"2_18_est_GP_param.csv","rho",-2.745090001,2,18,350
"2_18_est_GP_param.csv","sigma",1.071618579,2,18,350
"2_18_est_GP_param.csv","mu[1]",-2.496073068,2,18,350
"2_18_est_GP_param.csv","mu[2]",-0.403677115,2,18,350
"2_18_est_GP_param.csv","mu[3]",-0.570618734,2,18,350
"2_18_est_GP_param.csv","mu[4]",2.906503114,2,18,350
"2_18_est_GP_param.csv","mu[5]",-1.251801249,2,18,350
"2_19_est_GP_param.csv","alpha",2.189465334,2,19,350
"2_19_est_GP_param.csv","rho",-1.788558369,2,19,350
"2_19_est_GP_param.csv","sigma",2.970049067,2,19,350
"2_19_est_GP_param.csv","mu[1]",0.755497626,2,19,350
"2_19_est_GP_param.csv","mu[2]",-2.724816263,2,19,350
"2_19_est_GP_param.csv","mu[3]",2.303154567,2,19,350
"2_19_est_GP_param.csv","mu[4]",6.437057766,2,19,350
"2_19_est_GP_param.csv","mu[5]",-4.580899032,2,19,350
"2_2_est_GP_param.csv","alpha",2.634399111,2,2,350
"2_2_est_GP_param.csv","rho",-2.225708185,2,2,350
"2_2_est_GP_param.csv","sigma",2.553933388,2,2,350
"2_2_est_GP_param.csv","mu[1]",-0.228238392,2,2,350
"2_2_est_GP_param.csv","mu[2]",2.285275453,2,2,350
"2_2_est_GP_param.csv","mu[3]",-4.741163026,2,2,350
"2_2_est_GP_param.csv","mu[4]",-3.363338869,2,2,350
"2_2_est_GP_param.csv","mu[5]",-0.964019899,2,2,350
"2_20_est_GP_param.csv","alpha",3.212119157,2,20,350
"2_20_est_GP_param.csv","rho",-2.740826489,2,20,350
"2_20_est_GP_param.csv","sigma",1.707396331,2,20,350
"2_20_est_GP_param.csv","mu[1]",3.606309361,2,20,350
"2_20_est_GP_param.csv","mu[2]",-0.227636472,2,20,350
"2_20_est_GP_param.csv","mu[3]",-4.270756919,2,20,350
"2_20_est_GP_param.csv","mu[4]",-1.390185205,2,20,350
"2_20_est_GP_param.csv","mu[5]",0.988277699,2,20,350
"2_3_est_GP_param.csv","alpha",3.385286162,2,3,350
"2_3_est_GP_param.csv","rho",-2.529187203,2,3,350
"2_3_est_GP_param.csv","sigma",1.568275328,2,3,350
"2_3_est_GP_param.csv","mu[1]",-0.696201587,2,3,350
"2_3_est_GP_param.csv","mu[2]",5.939023747,2,3,350
"2_3_est_GP_param.csv","mu[3]",4.361510983,2,3,350
"2_3_est_GP_param.csv","mu[4]",0.964473483,2,3,350
"2_3_est_GP_param.csv","mu[5]",0.58972097,2,3,350
"2_4_est_GP_param.csv","alpha",3.365151351,2,4,350
"2_4_est_GP_param.csv","rho",-2.81509954,2,4,350
"2_4_est_GP_param.csv","sigma",1.197207412,2,4,350
"2_4_est_GP_param.csv","mu[1]",-1.753030974,2,4,350
"2_4_est_GP_param.csv","mu[2]",3.095942816,2,4,350
"2_4_est_GP_param.csv","mu[3]",0.764800682,2,4,350
"2_4_est_GP_param.csv","mu[4]",-4.805562899,2,4,350
"2_4_est_GP_param.csv","mu[5]",-1.208063167,2,4,350
"2_5_est_GP_param.csv","alpha",2.161185909,2,5,350
"2_5_est_GP_param.csv","rho",-1.744180244,2,5,350
"2_5_est_GP_param.csv","sigma",2.789824024,2,5,350
"2_5_est_GP_param.csv","mu[1]",3.051372305,2,5,350
"2_5_est_GP_param.csv","mu[2]",-0.112145861,2,5,350
"2_5_est_GP_param.csv","mu[3]",-0.567550317,2,5,350
"2_5_est_GP_param.csv","mu[4]",4.304233466,2,5,350
"2_5_est_GP_param.csv","mu[5]",-0.228814663,2,5,350
"2_6_est_GP_param.csv","alpha",3.330542257,2,6,350
"2_6_est_GP_param.csv","rho",-2.824400579,2,6,350
"2_6_est_GP_param.csv","sigma",0.826912164,2,6,350
"2_6_est_GP_param.csv","mu[1]",-0.513615231,2,6,350
"2_6_est_GP_param.csv","mu[2]",-2.246045078,2,6,350
"2_6_est_GP_param.csv","mu[3]",1.988813398,2,6,350
"2_6_est_GP_param.csv","mu[4]",-2.158787305,2,6,350
"2_6_est_GP_param.csv","mu[5]",2.147841197,2,6,350
"2_7_est_GP_param.csv","alpha",2.354404371,2,7,350
"2_7_est_GP_param.csv","rho",-1.954364365,2,7,350
"2_7_est_GP_param.csv","sigma",2.55744108,2,7,350
"2_7_est_GP_param.csv","mu[1]",1.937979743,2,7,350
"2_7_est_GP_param.csv","mu[2]",8.023806135,2,7,350
"2_7_est_GP_param.csv","mu[3]",-0.95995067,2,7,350
"2_7_est_GP_param.csv","mu[4]",3.08783547,2,7,350
"2_7_est_GP_param.csv","mu[5]",5.380841802,2,7,350
"2_8_est_GP_param.csv","alpha",3.224122648,2,8,350
"2_8_est_GP_param.csv","rho",-2.519392156,2,8,350
"2_8_est_GP_param.csv","sigma",1.440341367,2,8,350
"2_8_est_GP_param.csv","mu[1]",-2.614713263,2,8,350
"2_8_est_GP_param.csv","mu[2]",3.6459214,2,8,350
"2_8_est_GP_param.csv","mu[3]",0.824448341,2,8,350
"2_8_est_GP_param.csv","mu[4]",0.710196617,2,8,350
"2_8_est_GP_param.csv","mu[5]",2.752905316,2,8,350
"2_9_est_GP_param.csv","alpha",2.768799936,2,9,350
"2_9_est_GP_param.csv","rho",-2.606412493,2,9,350
"2_9_est_GP_param.csv","sigma",2.231719611,2,9,350
"2_9_est_GP_param.csv","mu[1]",-2.552568663,2,9,350
"2_9_est_GP_param.csv","mu[2]",-0.433641923,2,9,350
"2_9_est_GP_param.csv","mu[3]",-0.879376612,2,9,350
"2_9_est_GP_param.csv","mu[4]",-3.701788306,2,9,350
"2_9_est_GP_param.csv","mu[5]",0.72698319,2,9,350
"3_10_est_GP_param.csv","alpha",2.658187504,3,10,350
"3_10_est_GP_param.csv","rho",-1.542573494,3,10,350
"3_10_est_GP_param.csv","sigma",2.703799359,3,10,350
"3_10_est_GP_param.csv","mu[1]",-2.139865711,3,10,350
"3_10_est_GP_param.csv","mu[2]",1.813623531,3,10,350
"3_10_est_GP_param.csv","mu[3]",2.726203603,3,10,350
"3_10_est_GP_param.csv","mu[4]",-0.338206985,3,10,350
"3_10_est_GP_param.csv","mu[5]",2.434171001,3,10,350
"3_11_est_GP_param.csv","alpha",2.327563704,3,11,350
"3_11_est_GP_param.csv","rho",-1.428685381,3,11,350
"3_11_est_GP_param.csv","sigma",2.673907668,3,11,350
"3_11_est_GP_param.csv","mu[1]",-0.417999025,3,11,350
"3_11_est_GP_param.csv","mu[2]",-2.184728182,3,11,350
"3_11_est_GP_param.csv","mu[3]",-4.617232134,3,11,350
"3_11_est_GP_param.csv","mu[4]",1.967889861,3,11,350
"3_11_est_GP_param.csv","mu[5]",-3.410266711,3,11,350
"3_12_est_GP_param.csv","alpha",2.144008279,3,12,350
"3_12_est_GP_param.csv","rho",-1.647741173,3,12,350
"3_12_est_GP_param.csv","sigma",2.787808713,3,12,350
"3_12_est_GP_param.csv","mu[1]",5.159073369,3,12,350
"3_12_est_GP_param.csv","mu[2]",1.320570663,3,12,350
"3_12_est_GP_param.csv","mu[3]",1.298777054,3,12,350
"3_12_est_GP_param.csv","mu[4]",3.776178177,3,12,350
"3_12_est_GP_param.csv","mu[5]",-0.9024274,3,12,350
"3_13_est_GP_param.csv","alpha",2.160382693,3,13,350
"3_13_est_GP_param.csv","rho",-1.625879643,3,13,350
"3_13_est_GP_param.csv","sigma",2.867893761,3,13,350
"3_13_est_GP_param.csv","mu[1]",-2.021607839,3,13,350
"3_13_est_GP_param.csv","mu[2]",-2.397403536,3,13,350
"3_13_est_GP_param.csv","mu[3]",0.051067364,3,13,350
"3_13_est_GP_param.csv","mu[4]",1.861214743,3,13,350
"3_13_est_GP_param.csv","mu[5]",-0.480654928,3,13,350
"3_14_est_GP_param.csv","alpha",2.670987767,3,14,350
"3_14_est_GP_param.csv","rho",-2.46313811,3,14,350
"3_14_est_GP_param.csv","sigma",2.29280684,3,14,350
"3_14_est_GP_param.csv","mu[1]",-4.195563318,3,14,350
"3_14_est_GP_param.csv","mu[2]",-1.333421624,3,14,350
"3_14_est_GP_param.csv","mu[3]",0.731720023,3,14,350
"3_14_est_GP_param.csv","mu[4]",-3.300304924,3,14,350
"3_14_est_GP_param.csv","mu[5]",5.087918645,3,14,350
"3_15_est_GP_param.csv","alpha",3.022919972,3,15,350
"3_15_est_GP_param.csv","rho",-2.185589471,3,15,350
"3_15_est_GP_param.csv","sigma",1.879304286,3,15,350
"3_15_est_GP_param.csv","mu[1]",-0.271025681,3,15,350
"3_15_est_GP_param.csv","mu[2]",4.615615412,3,15,350
"3_15_est_GP_param.csv","mu[3]",-1.743227645,3,15,350
"3_15_est_GP_param.csv","mu[4]",0.987680223,3,15,350
"3_15_est_GP_param.csv","mu[5]",5.971530499,3,15,350
"3_16_est_GP_param.csv","alpha",2.479700365,3,16,350
"3_16_est_GP_param.csv","rho",-1.389646868,3,16,350
"3_16_est_GP_param.csv","sigma",2.980684147,3,16,350
"3_16_est_GP_param.csv","mu[1]",-0.087987749,3,16,350
"3_16_est_GP_param.csv","mu[2]",2.355798585,3,16,350
"3_16_est_GP_param.csv","mu[3]",0.836052154,3,16,350
"3_16_est_GP_param.csv","mu[4]",-0.061667218,3,16,350
"3_16_est_GP_param.csv","mu[5]",-2.23044871,3,16,350
"3_17_est_GP_param.csv","alpha",2.851021594,3,17,350
"3_17_est_GP_param.csv","rho",-1.787377177,3,17,350
"3_17_est_GP_param.csv","sigma",2.424659335,3,17,350
"3_17_est_GP_param.csv","mu[1]",-1.23069918,3,17,350
"3_17_est_GP_param.csv","mu[2]",3.960787826,3,17,350
"3_17_est_GP_param.csv","mu[3]",-2.306834138,3,17,350
"3_17_est_GP_param.csv","mu[4]",1.943883879,3,17,350
"3_17_est_GP_param.csv","mu[5]",-0.745004864,3,17,350
"3_18_est_GP_param.csv","alpha",2.171204921,3,18,350
"3_18_est_GP_param.csv","rho",-0.848998352,3,18,350
"3_18_est_GP_param.csv","sigma",3.107862432,3,18,350
"3_18_est_GP_param.csv","mu[1]",2.068379943,3,18,350
"3_18_est_GP_param.csv","mu[2]",4.862193471,3,18,350
"3_18_est_GP_param.csv","mu[3]",1.993095614,3,18,350
"3_18_est_GP_param.csv","mu[4]",1.094786446,3,18,350
"3_18_est_GP_param.csv","mu[5]",0.657694275,3,18,350
"3_19_est_GP_param.csv","alpha",3.38620099,3,19,350
"3_19_est_GP_param.csv","rho",-2.805982489,3,19,350
"3_19_est_GP_param.csv","sigma",1.262455712,3,19,350
"3_19_est_GP_param.csv","mu[1]",-1.129183846,3,19,350
"3_19_est_GP_param.csv","mu[2]",5.029563914,3,19,350
"3_19_est_GP_param.csv","mu[3]",0.464954086,3,19,350
"3_19_est_GP_param.csv","mu[4]",-2.123160591,3,19,350
"3_19_est_GP_param.csv","mu[5]",-3.771714457,3,19,350
"3_2_est_GP_param.csv","alpha",2.014201067,3,2,350
"3_2_est_GP_param.csv","rho",-0.350391713,3,2,350
"3_2_est_GP_param.csv","sigma",3.294176961,3,2,350
"3_2_est_GP_param.csv","mu[1]",-0.905824927,3,2,350
"3_2_est_GP_param.csv","mu[2]",4.858011212,3,2,350
"3_2_est_GP_param.csv","mu[3]",-2.570052279,3,2,350
"3_2_est_GP_param.csv","mu[4]",-0.49678366,3,2,350
"3_2_est_GP_param.csv","mu[5]",2.441251452,3,2,350
"3_20_est_GP_param.csv","alpha",2.664571987,3,20,350
"3_20_est_GP_param.csv","rho",-1.764624591,3,20,350
"3_20_est_GP_param.csv","sigma",2.243525664,3,20,350
"3_20_est_GP_param.csv","mu[1]",-0.092211912,3,20,350
"3_20_est_GP_param.csv","mu[2]",-1.659886118,3,20,350
"3_20_est_GP_param.csv","mu[3]",0.156611251,3,20,350
"3_20_est_GP_param.csv","mu[4]",7.292791714,3,20,350
"3_20_est_GP_param.csv","mu[5]",3.891014394,3,20,350
"3_3_est_GP_param.csv","alpha",2.161855606,3,3,350
"3_3_est_GP_param.csv","rho",-0.958561826,3,3,350
"3_3_est_GP_param.csv","sigma",3.004417355,3,3,350
"3_3_est_GP_param.csv","mu[1]",2.728604524,3,3,350
"3_3_est_GP_param.csv","mu[2]",-3.195358013,3,3,350
"3_3_est_GP_param.csv","mu[3]",-1.526860763,3,3,350
"3_3_est_GP_param.csv","mu[4]",-1.975758409,3,3,350
"3_3_est_GP_param.csv","mu[5]",-3.118245459,3,3,350
"3_4_est_GP_param.csv","alpha",2.491865485,3,4,350
"3_4_est_GP_param.csv","rho",-1.414004349,3,4,350
"3_4_est_GP_param.csv","sigma",2.42539526,3,4,350
"3_4_est_GP_param.csv","mu[1]",6.009129863,3,4,350
"3_4_est_GP_param.csv","mu[2]",-0.355558746,3,4,350
"3_4_est_GP_param.csv","mu[3]",4.547293432,3,4,350
"3_4_est_GP_param.csv","mu[4]",-0.68722167,3,4,350
"3_4_est_GP_param.csv","mu[5]",-2.337107604,3,4,350
"3_5_est_GP_param.csv","alpha",3.485597,3,5,350
"3_5_est_GP_param.csv","rho",2.396107083,3,5,350
"3_5_est_GP_param.csv","sigma",3.524168727,3,5,350
"3_5_est_GP_param.csv","mu[1]",1.788221186,3,5,350
"3_5_est_GP_param.csv","mu[2]",-0.567958857,3,5,350
"3_5_est_GP_param.csv","mu[3]",-2.9974372,3,5,350
"3_5_est_GP_param.csv","mu[4]",4.140336551,3,5,350
"3_5_est_GP_param.csv","mu[5]",-2.332735353,3,5,350
"3_6_est_GP_param.csv","alpha",2.837411396,3,6,350
"3_6_est_GP_param.csv","rho",-2.276014233,3,6,350
"3_6_est_GP_param.csv","sigma",1.768509099,3,6,350
"3_6_est_GP_param.csv","mu[1]",1.388401205,3,6,350
"3_6_est_GP_param.csv","mu[2]",-3.309119918,3,6,350
"3_6_est_GP_param.csv","mu[3]",2.397615046,3,6,350
"3_6_est_GP_param.csv","mu[4]",3.280002421,3,6,350
"3_6_est_GP_param.csv","mu[5]",-2.326060506,3,6,350
"3_7_est_GP_param.csv","alpha",2.181673925,3,7,350
"3_7_est_GP_param.csv","rho",-1.874948851,3,7,350
"3_7_est_GP_param.csv","sigma",2.60913764,3,7,350
"3_7_est_GP_param.csv","mu[1]",3.981889516,3,7,350
"3_7_est_GP_param.csv","mu[2]",-4.492348098,3,7,350
"3_7_est_GP_param.csv","mu[3]",4.270473876,3,7,350
"3_7_est_GP_param.csv","mu[4]",2.815272206,3,7,350
"3_7_est_GP_param.csv","mu[5]",3.110911724,3,7,350
"3_8_est_GP_param.csv","alpha",2.322914058,3,8,350
"3_8_est_GP_param.csv","rho",-1.229819679,3,8,350
"3_8_est_GP_param.csv","sigma",3.037541719,3,8,350
"3_8_est_GP_param.csv","mu[1]",0.866547655,3,8,350
"3_8_est_GP_param.csv","mu[2]",5.168312547,3,8,350
"3_8_est_GP_param.csv","mu[3]",2.412432374,3,8,350
"3_8_est_GP_param.csv","mu[4]",0.236200502,3,8,350
"3_8_est_GP_param.csv","mu[5]",7.371378294,3,8,350
"3_9_est_GP_param.csv","alpha",2.438001693,3,9,350
"3_9_est_GP_param.csv","rho",-1.740099649,3,9,350
"3_9_est_GP_param.csv","sigma",2.62091183,3,9,350
"3_9_est_GP_param.csv","mu[1]",-3.321445625,3,9,350
"3_9_est_GP_param.csv","mu[2]",-1.814214161,3,9,350
"3_9_est_GP_param.csv","mu[3]",-1.453122646,3,9,350
"3_9_est_GP_param.csv","mu[4]",-2.176175819,3,9,350
"3_9_est_GP_param.csv","mu[5]",-2.839888133,3,9,350
"4_10_est_GP_param.csv","alpha",2.721215903,4,10,350
"4_10_est_GP_param.csv","rho",-0.660947032,4,10,350
"4_10_est_GP_param.csv","sigma",2.886575246,4,10,350
"4_10_est_GP_param.csv","mu[1]",3.69223963,4,10,350
"4_10_est_GP_param.csv","mu[2]",-0.865615413,4,10,350
"4_10_est_GP_param.csv","mu[3]",0.952867605,4,10,350
"4_10_est_GP_param.csv","mu[4]",1.364167422,4,10,350
"4_10_est_GP_param.csv","mu[5]",1.84576115,4,10,350
"4_11_est_GP_param.csv","alpha",2.365971257,4,11,350
"4_11_est_GP_param.csv","rho",-0.893062629,4,11,350
"4_11_est_GP_param.csv","sigma",2.90731532,4,11,350
"4_11_est_GP_param.csv","mu[1]",2.095819652,4,11,350
"4_11_est_GP_param.csv","mu[2]",0.138086286,4,11,350
"4_11_est_GP_param.csv","mu[3]",-2.782628959,4,11,350
"4_11_est_GP_param.csv","mu[4]",1.581423694,4,11,350
"4_11_est_GP_param.csv","mu[5]",3.165536248,4,11,350
"4_12_est_GP_param.csv","alpha",2.315305353,4,12,350
"4_12_est_GP_param.csv","rho",-0.610623938,4,12,350
"4_12_est_GP_param.csv","sigma",3.035071251,4,12,350
"4_12_est_GP_param.csv","mu[1]",-0.355754259,4,12,350
"4_12_est_GP_param.csv","mu[2]",2.857470351,4,12,350
"4_12_est_GP_param.csv","mu[3]",0.796014742,4,12,350
"4_12_est_GP_param.csv","mu[4]",0.550444149,4,12,350
"4_12_est_GP_param.csv","mu[5]",-0.478286858,4,12,350
"4_13_est_GP_param.csv","alpha",2.268549809,4,13,350
"4_13_est_GP_param.csv","rho",-1.127515268,4,13,350
"4_13_est_GP_param.csv","sigma",2.834847649,4,13,350
"4_13_est_GP_param.csv","mu[1]",-1.252364893,4,13,350
"4_13_est_GP_param.csv","mu[2]",3.60637108,4,13,350
"4_13_est_GP_param.csv","mu[3]",0.265914957,4,13,350
"4_13_est_GP_param.csv","mu[4]",-2.627407883,4,13,350
"4_13_est_GP_param.csv","mu[5]",3.930679546,4,13,350
"4_14_est_GP_param.csv","alpha",2.50650831,4,14,350
"4_14_est_GP_param.csv","rho",-0.960961195,4,14,350
"4_14_est_GP_param.csv","sigma",3.029507008,4,14,350
"4_14_est_GP_param.csv","mu[1]",-2.315867119,4,14,350
"4_14_est_GP_param.csv","mu[2]",-1.242854681,4,14,350
"4_14_est_GP_param.csv","mu[3]",3.37884858,4,14,350
"4_14_est_GP_param.csv","mu[4]",-1.333789333,4,14,350
"4_14_est_GP_param.csv","mu[5]",4.287061147,4,14,350
"4_15_est_GP_param.csv","alpha",4.066917344,4,15,350
"4_15_est_GP_param.csv","rho",0.747330695,4,15,350
"4_15_est_GP_param.csv","sigma",3.131314923,4,15,350
"4_15_est_GP_param.csv","mu[1]",-3.954632031,4,15,350
"4_15_est_GP_param.csv","mu[2]",2.235510084,4,15,350
"4_15_est_GP_param.csv","mu[3]",-2.31309188,4,15,350
"4_15_est_GP_param.csv","mu[4]",1.489595633,4,15,350
"4_15_est_GP_param.csv","mu[5]",1.61263887,4,15,350
"4_16_est_GP_param.csv","alpha",1.894426132,4,16,350
"4_16_est_GP_param.csv","rho",-0.412853065,4,16,350
"4_16_est_GP_param.csv","sigma",3.175397139,4,16,350
"4_16_est_GP_param.csv","mu[1]",2.147388733,4,16,350
"4_16_est_GP_param.csv","mu[2]",0.412978944,4,16,350
"4_16_est_GP_param.csv","mu[3]",2.540509892,4,16,350
"4_16_est_GP_param.csv","mu[4]",0.382513828,4,16,350
"4_16_est_GP_param.csv","mu[5]",-0.691657473,4,16,350
"4_17_est_GP_param.csv","alpha",2.240514067,4,17,350
"4_17_est_GP_param.csv","rho",-1.199122214,4,17,350
"4_17_est_GP_param.csv","sigma",2.646950847,4,17,350
"4_17_est_GP_param.csv","mu[1]",-2.681564516,4,17,350
"4_17_est_GP_param.csv","mu[2]",-2.386414474,4,17,350
"4_17_est_GP_param.csv","mu[3]",-1.224079552,4,17,350
"4_17_est_GP_param.csv","mu[4]",0.442774249,4,17,350
"4_17_est_GP_param.csv","mu[5]",-1.674876001,4,17,350
"4_18_est_GP_param.csv","alpha",1.812694938,4,18,350
"4_18_est_GP_param.csv","rho",-0.553361489,4,18,350
"4_18_est_GP_param.csv","sigma",2.782518266,4,18,350
"4_18_est_GP_param.csv","mu[1]",-0.835939181,4,18,350
"4_18_est_GP_param.csv","mu[2]",0.474512206,4,18,350
"4_18_est_GP_param.csv","mu[3]",2.230898558,4,18,350
"4_18_est_GP_param.csv","mu[4]",-2.735914975,4,18,350
"4_18_est_GP_param.csv","mu[5]",0.910649171,4,18,350
"4_19_est_GP_param.csv","alpha",2.304155786,4,19,350
"4_19_est_GP_param.csv","rho",-0.69761687,4,19,350
"4_19_est_GP_param.csv","sigma",2.774903281,4,19,350
"4_19_est_GP_param.csv","mu[1]",-3.298770879,4,19,350
"4_19_est_GP_param.csv","mu[2]",0.950810235,4,19,350
"4_19_est_GP_param.csv","mu[3]",1.034385821,4,19,350
"4_19_est_GP_param.csv","mu[4]",-1.210819258,4,19,350
"4_19_est_GP_param.csv","mu[5]",-2.388001512,4,19,350
"4_2_est_GP_param.csv","alpha",2.168612787,4,2,350
"4_2_est_GP_param.csv","rho",-0.222640347,4,2,350
"4_2_est_GP_param.csv","sigma",3.017132175,4,2,350
"4_2_est_GP_param.csv","mu[1]",2.308052913,4,2,350
"4_2_est_GP_param.csv","mu[2]",-3.046164501,4,2,350
"4_2_est_GP_param.csv","mu[3]",-3.485490784,4,2,350
"4_2_est_GP_param.csv","mu[4]",-0.35723197,4,2,350
"4_2_est_GP_param.csv","mu[5]",-0.029807878,4,2,350
"4_20_est_GP_param.csv","alpha",2.45212903,4,20,350
"4_20_est_GP_param.csv","rho",-0.228900757,4,20,350
"4_20_est_GP_param.csv","sigma",3.071634191,4,20,350
"4_20_est_GP_param.csv","mu[1]",0.343776315,4,20,350
"4_20_est_GP_param.csv","mu[2]",-0.027556046,4,20,350
"4_20_est_GP_param.csv","mu[3]",-0.022082854,4,20,350
"4_20_est_GP_param.csv","mu[4]",1.294288638,4,20,350
"4_20_est_GP_param.csv","mu[5]",-2.04738475,4,20,350
"4_3_est_GP_param.csv","alpha",2.420518131,4,3,350
"4_3_est_GP_param.csv","rho",0.837321228,4,3,350
"4_3_est_GP_param.csv","sigma",3.36227592,4,3,350
"4_3_est_GP_param.csv","mu[1]",-3.594162532,4,3,350
"4_3_est_GP_param.csv","mu[2]",-1.216860599,4,3,350
"4_3_est_GP_param.csv","mu[3]",-3.015119042,4,3,350
"4_3_est_GP_param.csv","mu[4]",2.02125423,4,3,350
"4_3_est_GP_param.csv","mu[5]",-3.185712594,4,3,350
"4_4_est_GP_param.csv","alpha",2.778599585,4,4,350
"4_4_est_GP_param.csv","rho",-0.534592032,4,4,350
"4_4_est_GP_param.csv","sigma",2.926274681,4,4,350
"4_4_est_GP_param.csv","mu[1]",-0.892500216,4,4,350
"4_4_est_GP_param.csv","mu[2]",3.952748933,4,4,350
"4_4_est_GP_param.csv","mu[3]",-0.192435356,4,4,350
"4_4_est_GP_param.csv","mu[4]",-4.693423087,4,4,350
"4_4_est_GP_param.csv","mu[5]",-3.409409184,4,4,350
"4_5_est_GP_param.csv","alpha",2.227244074,4,5,350
"4_5_est_GP_param.csv","rho",-0.701643183,4,5,350
"4_5_est_GP_param.csv","sigma",2.938714762,4,5,350
"4_5_est_GP_param.csv","mu[1]",3.072830862,4,5,350
"4_5_est_GP_param.csv","mu[2]",1.924822781,4,5,350
"4_5_est_GP_param.csv","mu[3]",-3.566115426,4,5,350
"4_5_est_GP_param.csv","mu[4]",-1.089391481,4,5,350
"4_5_est_GP_param.csv","mu[5]",-0.240967715,4,5,350
"4_6_est_GP_param.csv","alpha",2.001904999,4,6,350
"4_6_est_GP_param.csv","rho",-0.817906365,4,6,350
"4_6_est_GP_param.csv","sigma",2.770343565,4,6,350
"4_6_est_GP_param.csv","mu[1]",1.064777105,4,6,350
"4_6_est_GP_param.csv","mu[2]",2.021462345,4,6,350
"4_6_est_GP_param.csv","mu[3]",-3.684672597,4,6,350
"4_6_est_GP_param.csv","mu[4]",-0.685348902,4,6,350
"4_6_est_GP_param.csv","mu[5]",-1.64840103,4,6,350
"4_7_est_GP_param.csv","alpha",2.031052124,4,7,350
"4_7_est_GP_param.csv","rho",-0.484634751,4,7,350
"4_7_est_GP_param.csv","sigma",2.986400529,4,7,350
"4_7_est_GP_param.csv","mu[1]",3.572552543,4,7,350
"4_7_est_GP_param.csv","mu[2]",-1.486903766,4,7,350
"4_7_est_GP_param.csv","mu[3]",-3.033388226,4,7,350
"4_7_est_GP_param.csv","mu[4]",-3.617748082,4,7,350
"4_7_est_GP_param.csv","mu[5]",-1.308190195,4,7,350
"4_8_est_GP_param.csv","alpha",2.478990201,4,8,350
"4_8_est_GP_param.csv","rho",-0.707306593,4,8,350
"4_8_est_GP_param.csv","sigma",2.70017726,4,8,350
"4_8_est_GP_param.csv","mu[1]",1.391332828,4,8,350
"4_8_est_GP_param.csv","mu[2]",2.450202686,4,8,350
"4_8_est_GP_param.csv","mu[3]",9.790760607,4,8,350
"4_8_est_GP_param.csv","mu[4]",2.385423153,4,8,350
"4_8_est_GP_param.csv","mu[5]",-2.030406203,4,8,350
"4_9_est_GP_param.csv","alpha",2.713154774,4,9,350
"4_9_est_GP_param.csv","rho",0.055069807,4,9,350
"4_9_est_GP_param.csv","sigma",3.134029236,4,9,350
"4_9_est_GP_param.csv","mu[1]",3.37666472,4,9,350
"4_9_est_GP_param.csv","mu[2]",4.507225959,4,9,350
"4_9_est_GP_param.csv","mu[3]",-2.260620513,4,9,350
"4_9_est_GP_param.csv","mu[4]",-3.888387457,4,9,350
"4_9_est_GP_param.csv","mu[5]",-4.189811605,4,9,350
"5_10_est_GP_param.csv","alpha",2.22726847,5,10,350
"5_10_est_GP_param.csv","rho",-0.902312849,5,10,350
"5_10_est_GP_param.csv","sigma",2.755377731,5,10,350
"5_10_est_GP_param.csv","mu[1]",2.096880808,5,10,350
"5_10_est_GP_param.csv","mu[2]",0.847953289,5,10,350
"5_10_est_GP_param.csv","mu[3]",-4.215324291,5,10,350
"5_10_est_GP_param.csv","mu[4]",0.054028413,5,10,350
"5_10_est_GP_param.csv","mu[5]",2.895252154,5,10,350
"5_11_est_GP_param.csv","alpha",2.590288146,5,11,350
"5_11_est_GP_param.csv","rho",-0.182483279,5,11,350
"5_11_est_GP_param.csv","sigma",2.89276152,5,11,350
"5_11_est_GP_param.csv","mu[1]",2.002622687,5,11,350
"5_11_est_GP_param.csv","mu[2]",-1.006413339,5,11,350
"5_11_est_GP_param.csv","mu[3]",-0.8121782,5,11,350
"5_11_est_GP_param.csv","mu[4]",6.503097414,5,11,350
"5_11_est_GP_param.csv","mu[5]",-0.345154353,5,11,350
"5_12_est_GP_param.csv","alpha",2.027249943,5,12,350
"5_12_est_GP_param.csv","rho",-0.698588229,5,12,350
"5_12_est_GP_param.csv","sigma",2.81408683,5,12,350
"5_12_est_GP_param.csv","mu[1]",-2.649808521,5,12,350
"5_12_est_GP_param.csv","mu[2]",0.811999673,5,12,350
"5_12_est_GP_param.csv","mu[3]",-0.962114932,5,12,350
"5_12_est_GP_param.csv","mu[4]",1.035637954,5,12,350
"5_12_est_GP_param.csv","mu[5]",2.81723688,5,12,350
"5_13_est_GP_param.csv","alpha",2.232228929,5,13,350
"5_13_est_GP_param.csv","rho",0.014097528,5,13,350
"5_13_est_GP_param.csv","sigma",3.105837562,5,13,350
"5_13_est_GP_param.csv","mu[1]",1.39221956,5,13,350
"5_13_est_GP_param.csv","mu[2]",-0.644485502,5,13,350
"5_13_est_GP_param.csv","mu[3]",1.270660057,5,13,350
"5_13_est_GP_param.csv","mu[4]",1.3364383,5,13,350
"5_13_est_GP_param.csv","mu[5]",0.489751993,5,13,350
"5_14_est_GP_param.csv","alpha",2.045681711,5,14,350
"5_14_est_GP_param.csv","rho",-0.503945276,5,14,350
"5_14_est_GP_param.csv","sigma",2.944636237,5,14,350
"5_14_est_GP_param.csv","mu[1]",3.835606776,5,14,350
"5_14_est_GP_param.csv","mu[2]",-2.776600308,5,14,350
"5_14_est_GP_param.csv","mu[3]",3.669892791,5,14,350
"5_14_est_GP_param.csv","mu[4]",1.284395403,5,14,350
"5_14_est_GP_param.csv","mu[5]",-0.044033357,5,14,350
"5_15_est_GP_param.csv","alpha",2.240866256,5,15,350
"5_15_est_GP_param.csv","rho",-0.421346767,5,15,350
"5_15_est_GP_param.csv","sigma",2.873289857,5,15,350
"5_15_est_GP_param.csv","mu[1]",-1.779668176,5,15,350
"5_15_est_GP_param.csv","mu[2]",-3.803998327,5,15,350
"5_15_est_GP_param.csv","mu[3]",-4.464991472,5,15,350
"5_15_est_GP_param.csv","mu[4]",-2.689673199,5,15,350
"5_15_est_GP_param.csv","mu[5]",-2.910933287,5,15,350
"5_16_est_GP_param.csv","alpha",2.38357404,5,16,350
"5_16_est_GP_param.csv","rho",-0.146134358,5,16,350
"5_16_est_GP_param.csv","sigma",2.819319551,5,16,350
"5_16_est_GP_param.csv","mu[1]",0.2768238,5,16,350
"5_16_est_GP_param.csv","mu[2]",1.60783216,5,16,350
"5_16_est_GP_param.csv","mu[3]",-4.326802217,5,16,350
"5_16_est_GP_param.csv","mu[4]",0.335651643,5,16,350
"5_16_est_GP_param.csv","mu[5]",3.052721373,5,16,350
"5_17_est_GP_param.csv","alpha",2.042481799,5,17,350
"5_17_est_GP_param.csv","rho",-0.207170622,5,17,350
"5_17_est_GP_param.csv","sigma",2.998931408,5,17,350
"5_17_est_GP_param.csv","mu[1]",-1.690385328,5,17,350
"5_17_est_GP_param.csv","mu[2]",-0.513415487,5,17,350
"5_17_est_GP_param.csv","mu[3]",1.954251532,5,17,350
"5_17_est_GP_param.csv","mu[4]",-0.70384433,5,17,350
"5_17_est_GP_param.csv","mu[5]",-4.322894971,5,17,350
"5_18_est_GP_param.csv","alpha",2.298246435,5,18,350
"5_18_est_GP_param.csv","rho",-0.538871933,5,18,350
"5_18_est_GP_param.csv","sigma",2.822476887,5,18,350
"5_18_est_GP_param.csv","mu[1]",-1.106190806,5,18,350
"5_18_est_GP_param.csv","mu[2]",0.735368309,5,18,350
"5_18_est_GP_param.csv","mu[3]",-0.8391304,5,18,350
"5_18_est_GP_param.csv","mu[4]",3.206597729,5,18,350
"5_18_est_GP_param.csv","mu[5]",1.540144778,5,18,350
"5_19_est_GP_param.csv","alpha",1.519337371,5,19,350
"5_19_est_GP_param.csv","rho",-0.467680757,5,19,350
"5_19_est_GP_param.csv","sigma",2.906059578,5,19,350
"5_19_est_GP_param.csv","mu[1]",1.596236875,5,19,350
"5_19_est_GP_param.csv","mu[2]",-0.988891074,5,19,350
"5_19_est_GP_param.csv","mu[3]",-0.424463012,5,19,350
"5_19_est_GP_param.csv","mu[4]",-0.207900728,5,19,350
"5_19_est_GP_param.csv","mu[5]",3.291034296,5,19,350
"5_2_est_GP_param.csv","alpha",2.02279988,5,2,350
"5_2_est_GP_param.csv","rho",-0.34894436,5,2,350
"5_2_est_GP_param.csv","sigma",3.061462284,5,2,350
"5_2_est_GP_param.csv","mu[1]",-0.438136775,5,2,350
"5_2_est_GP_param.csv","mu[2]",4.783072777,5,2,350
"5_2_est_GP_param.csv","mu[3]",0.929278404,5,2,350
"5_2_est_GP_param.csv","mu[4]",4.504508038,5,2,350
"5_2_est_GP_param.csv","mu[5]",2.910612518,5,2,350
"5_20_est_GP_param.csv","alpha",2.130790226,5,20,350
"5_20_est_GP_param.csv","rho",-0.328889345,5,20,350
"5_20_est_GP_param.csv","sigma",3.024270629,5,20,350
"5_20_est_GP_param.csv","mu[1]",0.932106994,5,20,350
"5_20_est_GP_param.csv","mu[2]",0.484340294,5,20,350
"5_20_est_GP_param.csv","mu[3]",-0.447100969,5,20,350
"5_20_est_GP_param.csv","mu[4]",3.745756404,5,20,350
"5_20_est_GP_param.csv","mu[5]",-0.750596387,5,20,350
"5_3_est_GP_param.csv","alpha",2.29297612,5,3,350
"5_3_est_GP_param.csv","rho",0.061149397,5,3,350
"5_3_est_GP_param.csv","sigma",3.075319086,5,3,350
"5_3_est_GP_param.csv","mu[1]",-0.389964135,5,3,350
"5_3_est_GP_param.csv","mu[2]",2.138419447,5,3,350
"5_3_est_GP_param.csv","mu[3]",1.260291702,5,3,350
"5_3_est_GP_param.csv","mu[4]",-3.351986063,5,3,350
"5_3_est_GP_param.csv","mu[5]",3.27513158,5,3,350
"5_4_est_GP_param.csv","alpha",2.351604583,5,4,350
"5_4_est_GP_param.csv","rho",-0.558489623,5,4,350
"5_4_est_GP_param.csv","sigma",2.734672243,5,4,350
"5_4_est_GP_param.csv","mu[1]",5.933038547,5,4,350
"5_4_est_GP_param.csv","mu[2]",0.86328269,5,4,350
"5_4_est_GP_param.csv","mu[3]",-4.323531405,5,4,350
"5_4_est_GP_param.csv","mu[4]",-3.882646973,5,4,350
"5_4_est_GP_param.csv","mu[5]",-2.336490177,5,4,350
"5_5_est_GP_param.csv","alpha",2.505311155,5,5,350
"5_5_est_GP_param.csv","rho",-0.507853701,5,5,350
"5_5_est_GP_param.csv","sigma",2.793112158,5,5,350
"5_5_est_GP_param.csv","mu[1]",-0.469373866,5,5,350
"5_5_est_GP_param.csv","mu[2]",0.527945423,5,5,350
"5_5_est_GP_param.csv","mu[3]",2.45221735,5,5,350
"5_5_est_GP_param.csv","mu[4]",3.449721278,5,5,350
"5_5_est_GP_param.csv","mu[5]",-0.53603237,5,5,350
"5_6_est_GP_param.csv","alpha",2.556662186,5,6,350
"5_6_est_GP_param.csv","rho",0.109807467,5,6,350
"5_6_est_GP_param.csv","sigma",3.196389457,5,6,350
"5_6_est_GP_param.csv","mu[1]",-3.396872572,5,6,350
"5_6_est_GP_param.csv","mu[2]",2.157482896,5,6,350
"5_6_est_GP_param.csv","mu[3]",2.041108815,5,6,350
"5_6_est_GP_param.csv","mu[4]",0.274417058,5,6,350
"5_6_est_GP_param.csv","mu[5]",-2.267180286,5,6,350
"5_7_est_GP_param.csv","alpha",2.508490576,5,7,350
"5_7_est_GP_param.csv","rho",-0.24170487,5,7,350
"5_7_est_GP_param.csv","sigma",2.9823835,5,7,350
"5_7_est_GP_param.csv","mu[1]",-1.742225324,5,7,350
"5_7_est_GP_param.csv","mu[2]",-1.581449722,5,7,350
"5_7_est_GP_param.csv","mu[3]",5.039983214,5,7,350
"5_7_est_GP_param.csv","mu[4]",0.700357248,5,7,350
"5_7_est_GP_param.csv","mu[5]",2.011556146,5,7,350
"5_8_est_GP_param.csv","alpha",2.272572133,5,8,350
"5_8_est_GP_param.csv","rho",-0.637352295,5,8,350
"5_8_est_GP_param.csv","sigma",2.821319552,5,8,350
"5_8_est_GP_param.csv","mu[1]",0.662299776,5,8,350
"5_8_est_GP_param.csv","mu[2]",0.266078407,5,8,350
"5_8_est_GP_param.csv","mu[3]",-0.853692745,5,8,350
"5_8_est_GP_param.csv","mu[4]",-2.157537443,5,8,350
"5_8_est_GP_param.csv","mu[5]",3.226561228,5,8,350
"5_9_est_GP_param.csv","alpha",2.572210083,5,9,350
"5_9_est_GP_param.csv","rho",-0.263073189,5,9,350
"5_9_est_GP_param.csv","sigma",2.781429433,5,9,350
"5_9_est_GP_param.csv","mu[1]",-0.514097871,5,9,350
"5_9_est_GP_param.csv","mu[2]",-2.469722312,5,9,350
"5_9_est_GP_param.csv","mu[3]",3.303763124,5,9,350
"5_9_est_GP_param.csv","mu[4]",0.254702415,5,9,350
"5_9_est_GP_param.csv","mu[5]",-0.207123253,5,9,350
"6_10_est_GP_param.csv","alpha",2.42532861,6,10,350
"6_10_est_GP_param.csv","rho",0.041856881,6,10,350
"6_10_est_GP_param.csv","sigma",2.885786581,6,10,350
"6_10_est_GP_param.csv","mu[1]",-4.247917026,6,10,350
"6_10_est_GP_param.csv","mu[2]",0.421202498,6,10,350
"6_10_est_GP_param.csv","mu[3]",-0.522869606,6,10,350
"6_10_est_GP_param.csv","mu[4]",-2.410934551,6,10,350
"6_10_est_GP_param.csv","mu[5]",-1.293986275,6,10,350
"6_11_est_GP_param.csv","alpha",1.920305028,6,11,350
"6_11_est_GP_param.csv","rho",0.263756355,6,11,350
"6_11_est_GP_param.csv","sigma",2.903945819,6,11,350
"6_11_est_GP_param.csv","mu[1]",-1.519498485,6,11,350
"6_11_est_GP_param.csv","mu[2]",0.199071983,6,11,350
"6_11_est_GP_param.csv","mu[3]",2.971033008,6,11,350
"6_11_est_GP_param.csv","mu[4]",1.151314023,6,11,350
"6_11_est_GP_param.csv","mu[5]",1.809901924,6,11,350
"6_12_est_GP_param.csv","alpha",2.469942805,6,12,350
"6_12_est_GP_param.csv","rho",0.536752401,6,12,350
"6_12_est_GP_param.csv","sigma",2.814842723,6,12,350
"6_12_est_GP_param.csv","mu[1]",5.969736114,6,12,350
"6_12_est_GP_param.csv","mu[2]",-0.313247207,6,12,350
"6_12_est_GP_param.csv","mu[3]",-3.820268845,6,12,350
"6_12_est_GP_param.csv","mu[4]",3.656960233,6,12,350
"6_12_est_GP_param.csv","mu[5]",-0.520329371,6,12,350
"6_13_est_GP_param.csv","alpha",2.70719875,6,13,350
"6_13_est_GP_param.csv","rho",0.202076125,6,13,350
"6_13_est_GP_param.csv","sigma",3.049257841,6,13,350
"6_13_est_GP_param.csv","mu[1]",-1.087204689,6,13,350
"6_13_est_GP_param.csv","mu[2]",3.123249707,6,13,350
"6_13_est_GP_param.csv","mu[3]",-1.327283256,6,13,350
"6_13_est_GP_param.csv","mu[4]",8.150350368,6,13,350
"6_13_est_GP_param.csv","mu[5]",-2.656783055,6,13,350
"6_14_est_GP_param.csv","alpha",2.175719937,6,14,350
"6_14_est_GP_param.csv","rho",-0.604840174,6,14,350
"6_14_est_GP_param.csv","sigma",2.934721981,6,14,350
"6_14_est_GP_param.csv","mu[1]",-0.267637985,6,14,350
"6_14_est_GP_param.csv","mu[2]",0.84437342,6,14,350
"6_14_est_GP_param.csv","mu[3]",0.226522779,6,14,350
"6_14_est_GP_param.csv","mu[4]",-1.772649186,6,14,350
"6_14_est_GP_param.csv","mu[5]",2.719597645,6,14,350
"6_15_est_GP_param.csv","alpha",2.085453917,6,15,350
"6_15_est_GP_param.csv","rho",-0.14775998,6,15,350
"6_15_est_GP_param.csv","sigma",2.818676481,6,15,350
"6_15_est_GP_param.csv","mu[1]",0.975845604,6,15,350
"6_15_est_GP_param.csv","mu[2]",1.184508533,6,15,350
"6_15_est_GP_param.csv","mu[3]",1.592485458,6,15,350
"6_15_est_GP_param.csv","mu[4]",2.931101854,6,15,350
"6_15_est_GP_param.csv","mu[5]",-1.992402364,6,15,350
"6_16_est_GP_param.csv","alpha",2.444560731,6,16,350
"6_16_est_GP_param.csv","rho",0.18085056,6,16,350
"6_16_est_GP_param.csv","sigma",2.984460657,6,16,350
"6_16_est_GP_param.csv","mu[1]",0.645575561,6,16,350
"6_16_est_GP_param.csv","mu[2]",-0.787994195,6,16,350
"6_16_est_GP_param.csv","mu[3]",-2.844838243,6,16,350
"6_16_est_GP_param.csv","mu[4]",0.1954296,6,16,350
"6_16_est_GP_param.csv","mu[5]",3.911677769,6,16,350
"6_17_est_GP_param.csv","alpha",2.120784047,6,17,350
"6_17_est_GP_param.csv","rho",-0.257827907,6,17,350
"6_17_est_GP_param.csv","sigma",2.698130093,6,17,350
"6_17_est_GP_param.csv","mu[1]",3.552104359,6,17,350
"6_17_est_GP_param.csv","mu[2]",2.208510289,6,17,350
"6_17_est_GP_param.csv","mu[3]",-1.148747189,6,17,350
"6_17_est_GP_param.csv","mu[4]",2.284522473,6,17,350
"6_17_est_GP_param.csv","mu[5]",7.312502349,6,17,350
"6_18_est_GP_param.csv","alpha",2.293828114,6,18,350
"6_18_est_GP_param.csv","rho",-0.623335599,6,18,350
"6_18_est_GP_param.csv","sigma",2.820413187,6,18,350
"6_18_est_GP_param.csv","mu[1]",-0.225710157,6,18,350
"6_18_est_GP_param.csv","mu[2]",-1.17187462,6,18,350
"6_18_est_GP_param.csv","mu[3]",-0.964785274,6,18,350
"6_18_est_GP_param.csv","mu[4]",-0.290762497,6,18,350
"6_18_est_GP_param.csv","mu[5]",-3.354643535,6,18,350
"6_19_est_GP_param.csv","alpha",2.418917717,6,19,350
"6_19_est_GP_param.csv","rho",0.102102634,6,19,350
"6_19_est_GP_param.csv","sigma",2.825772943,6,19,350
"6_19_est_GP_param.csv","mu[1]",-3.922112325,6,19,350
"6_19_est_GP_param.csv","mu[2]",0.826356091,6,19,350
"6_19_est_GP_param.csv","mu[3]",-1.227044356,6,19,350
"6_19_est_GP_param.csv","mu[4]",2.70075376,6,19,350
"6_19_est_GP_param.csv","mu[5]",-2.322624312,6,19,350
"6_2_est_GP_param.csv","alpha",2.173489922,6,2,350
"6_2_est_GP_param.csv","rho",-0.028759541,6,2,350
"6_2_est_GP_param.csv","sigma",2.984527211,6,2,350
"6_2_est_GP_param.csv","mu[1]",-1.086948809,6,2,350
"6_2_est_GP_param.csv","mu[2]",2.367716337,6,2,350
"6_2_est_GP_param.csv","mu[3]",-3.70116682,6,2,350
"6_2_est_GP_param.csv","mu[4]",-3.138724374,6,2,350
"6_2_est_GP_param.csv","mu[5]",1.113201706,6,2,350
"6_20_est_GP_param.csv","alpha",3.074013036,6,20,350
"6_20_est_GP_param.csv","rho",0.759660997,6,20,350
"6_20_est_GP_param.csv","sigma",2.948011744,6,20,350
"6_20_est_GP_param.csv","mu[1]",-0.40129222,6,20,350
"6_20_est_GP_param.csv","mu[2]",-1.287794017,6,20,350
"6_20_est_GP_param.csv","mu[3]",2.842623588,6,20,350
"6_20_est_GP_param.csv","mu[4]",-2.55122736,6,20,350
"6_20_est_GP_param.csv","mu[5]",-0.45579176,6,20,350
"6_3_est_GP_param.csv","alpha",2.290682344,6,3,350
"6_3_est_GP_param.csv","rho",-0.119513066,6,3,350
"6_3_est_GP_param.csv","sigma",2.809402413,6,3,350
"6_3_est_GP_param.csv","mu[1]",-3.674207095,6,3,350
"6_3_est_GP_param.csv","mu[2]",5.217685164,6,3,350
"6_3_est_GP_param.csv","mu[3]",2.193053119,6,3,350
"6_3_est_GP_param.csv","mu[4]",4.433086127,6,3,350
"6_3_est_GP_param.csv","mu[5]",4.346415711,6,3,350
"6_4_est_GP_param.csv","alpha",2.512914026,6,4,350
"6_4_est_GP_param.csv","rho",0.221623123,6,4,350
"6_4_est_GP_param.csv","sigma",2.772226277,6,4,350
"6_4_est_GP_param.csv","mu[1]",-2.56052455,6,4,350
"6_4_est_GP_param.csv","mu[2]",-1.365656777,6,4,350
"6_4_est_GP_param.csv","mu[3]",-1.866035412,6,4,350
"6_4_est_GP_param.csv","mu[4]",-2.077697898,6,4,350
"6_4_est_GP_param.csv","mu[5]",-0.635395508,6,4,350
"6_5_est_GP_param.csv","alpha",2.561162846,6,5,350
"6_5_est_GP_param.csv","rho",0.064179285,6,5,350
"6_5_est_GP_param.csv","sigma",2.858596549,6,5,350
"6_5_est_GP_param.csv","mu[1]",1.848997236,6,5,350
"6_5_est_GP_param.csv","mu[2]",0.840817429,6,5,350
"6_5_est_GP_param.csv","mu[3]",0.747409471,6,5,350
"6_5_est_GP_param.csv","mu[4]",0.207285156,6,5,350
"6_5_est_GP_param.csv","mu[5]",-4.077497995,6,5,350
"6_6_est_GP_param.csv","alpha",2.681623912,6,6,350
"6_6_est_GP_param.csv","rho",0.200722681,6,6,350
"6_6_est_GP_param.csv","sigma",2.895414122,6,6,350
"6_6_est_GP_param.csv","mu[1]",5.130064625,6,6,350
"6_6_est_GP_param.csv","mu[2]",-2.963365213,6,6,350
"6_6_est_GP_param.csv","mu[3]",-3.72504657,6,6,350
"6_6_est_GP_param.csv","mu[4]",3.983850949,6,6,350
"6_6_est_GP_param.csv","mu[5]",5.307188482,6,6,350
"6_7_est_GP_param.csv","alpha",2.179226772,6,7,350
"6_7_est_GP_param.csv","rho",-0.134305492,6,7,350
"6_7_est_GP_param.csv","sigma",3.088286334,6,7,350
"6_7_est_GP_param.csv","mu[1]",-3.609905227,6,7,350
"6_7_est_GP_param.csv","mu[2]",5.749886966,6,7,350
"6_7_est_GP_param.csv","mu[3]",-1.297436947,6,7,350
"6_7_est_GP_param.csv","mu[4]",-2.022154145,6,7,350
"6_7_est_GP_param.csv","mu[5]",2.255066949,6,7,350
"6_8_est_GP_param.csv","alpha",1.984759704,6,8,350
"6_8_est_GP_param.csv","rho",0.244478652,6,8,350
"6_8_est_GP_param.csv","sigma",3.098063272,6,8,350
"6_8_est_GP_param.csv","mu[1]",2.467275524,6,8,350
"6_8_est_GP_param.csv","mu[2]",1.327746195,6,8,350
"6_8_est_GP_param.csv","mu[3]",-4.097373306,6,8,350
"6_8_est_GP_param.csv","mu[4]",-1.764098647,6,8,350
"6_8_est_GP_param.csv","mu[5]",2.632482873,6,8,350
"6_9_est_GP_param.csv","alpha",2.474849262,6,9,350
"6_9_est_GP_param.csv","rho",0.698537564,6,9,350
"6_9_est_GP_param.csv","sigma",3.259057723,6,9,350
"6_9_est_GP_param.csv","mu[1]",3.426683659,6,9,350
"6_9_est_GP_param.csv","mu[2]",-0.0893307,6,9,350
"6_9_est_GP_param.csv","mu[3]",-1.501862139,6,9,350
"6_9_est_GP_param.csv","mu[4]",-3.516592032,6,9,350
"6_9_est_GP_param.csv","mu[5]",1.621135554,6,9,350
"7_10_est_GP_param.csv","alpha",2.901828845,7,10,350
"7_10_est_GP_param.csv","rho",1.484763657,7,10,350
"7_10_est_GP_param.csv","sigma",2.964079717,7,10,350
"7_10_est_GP_param.csv","mu[1]",0.156648289,7,10,350
"7_10_est_GP_param.csv","mu[2]",2.115030094,7,10,350
"7_10_est_GP_param.csv","mu[3]",0.543332291,7,10,350
"7_10_est_GP_param.csv","mu[4]",0.798462398,7,10,350
"7_10_est_GP_param.csv","mu[5]",3.031383442,7,10,350
"7_11_est_GP_param.csv","alpha",2.662352461,7,11,350
"7_11_est_GP_param.csv","rho",0.610185547,7,11,350
"7_11_est_GP_param.csv","sigma",2.884202504,7,11,350
"7_11_est_GP_param.csv","mu[1]",0.042618088,7,11,350
"7_11_est_GP_param.csv","mu[2]",-0.719023546,7,11,350
"7_11_est_GP_param.csv","mu[3]",2.869380767,7,11,350
"7_11_est_GP_param.csv","mu[4]",-3.720699573,7,11,350
"7_11_est_GP_param.csv","mu[5]",2.647462245,7,11,350
"7_12_est_GP_param.csv","alpha",2.806290697,7,12,350
"7_12_est_GP_param.csv","rho",1.061414303,7,12,350
"7_12_est_GP_param.csv","sigma",3.089741589,7,12,350
"7_12_est_GP_param.csv","mu[1]",-2.148777121,7,12,350
"7_12_est_GP_param.csv","mu[2]",-3.147871783,7,12,350
"7_12_est_GP_param.csv","mu[3]",5.537181217,7,12,350
"7_12_est_GP_param.csv","mu[4]",-2.231542243,7,12,350
"7_12_est_GP_param.csv","mu[5]",-0.471709569,7,12,350
"7_13_est_GP_param.csv","alpha",3.157124475,7,13,350
"7_13_est_GP_param.csv","rho",0.594528819,7,13,350
"7_13_est_GP_param.csv","sigma",2.882233744,7,13,350
"7_13_est_GP_param.csv","mu[1]",1.137015302,7,13,350
"7_13_est_GP_param.csv","mu[2]",4.23284203,7,13,350
"7_13_est_GP_param.csv","mu[3]",-3.884889831,7,13,350
"7_13_est_GP_param.csv","mu[4]",-0.389278266,7,13,350
"7_13_est_GP_param.csv","mu[5]",0.692038961,7,13,350
"7_14_est_GP_param.csv","alpha",3.815413517,7,14,350
"7_14_est_GP_param.csv","rho",0.952128115,7,14,350
"7_14_est_GP_param.csv","sigma",2.991684218,7,14,350
"7_14_est_GP_param.csv","mu[1]",3.385392122,7,14,350
"7_14_est_GP_param.csv","mu[2]",-1.693119344,7,14,350
"7_14_est_GP_param.csv","mu[3]",-1.199617565,7,14,350
"7_14_est_GP_param.csv","mu[4]",0.717820181,7,14,350
"7_14_est_GP_param.csv","mu[5]",-3.985772005,7,14,350
"7_15_est_GP_param.csv","alpha",2.624084937,7,15,350
"7_15_est_GP_param.csv","rho",1.346227842,7,15,350
"7_15_est_GP_param.csv","sigma",3.002793941,7,15,350
"7_15_est_GP_param.csv","mu[1]",2.325135198,7,15,350
"7_15_est_GP_param.csv","mu[2]",-3.297951681,7,15,350
"7_15_est_GP_param.csv","mu[3]",-1.624516097,7,15,350
"7_15_est_GP_param.csv","mu[4]",-1.247264861,7,15,350
"7_15_est_GP_param.csv","mu[5]",-1.249551891,7,15,350
"7_16_est_GP_param.csv","alpha",2.948992096,7,16,350
"7_16_est_GP_param.csv","rho",1.019778603,7,16,350
"7_16_est_GP_param.csv","sigma",2.741346384,7,16,350
"7_16_est_GP_param.csv","mu[1]",-2.602369165,7,16,350
"7_16_est_GP_param.csv","mu[2]",-0.33958814,7,16,350
"7_16_est_GP_param.csv","mu[3]",-0.396442945,7,16,350
"7_16_est_GP_param.csv","mu[4]",0.781706027,7,16,350
"7_16_est_GP_param.csv","mu[5]",5.120041206,7,16,350
"7_17_est_GP_param.csv","alpha",3.174904526,7,17,350
"7_17_est_GP_param.csv","rho",1.037515511,7,17,350
"7_17_est_GP_param.csv","sigma",2.97105244,7,17,350
"7_17_est_GP_param.csv","mu[1]",1.940064067,7,17,350
"7_17_est_GP_param.csv","mu[2]",0.329388733,7,17,350
"7_17_est_GP_param.csv","mu[3]",1.005015837,7,17,350
"7_17_est_GP_param.csv","mu[4]",-1.233122485,7,17,350
"7_17_est_GP_param.csv","mu[5]",0.58762028,7,17,350
"7_18_est_GP_param.csv","alpha",3.892641452,7,18,350
"7_18_est_GP_param.csv","rho",1.2657734,7,18,350
"7_18_est_GP_param.csv","sigma",2.799290082,7,18,350
"7_18_est_GP_param.csv","mu[1]",0.934559463,7,18,350
"7_18_est_GP_param.csv","mu[2]",-3.257306701,7,18,350
"7_18_est_GP_param.csv","mu[3]",3.254540642,7,18,350
"7_18_est_GP_param.csv","mu[4]",1.734936693,7,18,350
"7_18_est_GP_param.csv","mu[5]",-3.61636629,7,18,350
"7_19_est_GP_param.csv","alpha",3.123023536,7,19,350
"7_19_est_GP_param.csv","rho",1.031935481,7,19,350
"7_19_est_GP_param.csv","sigma",3.025620536,7,19,350
"7_19_est_GP_param.csv","mu[1]",-2.703575389,7,19,350
"7_19_est_GP_param.csv","mu[2]",-0.540707839,7,19,350
"7_19_est_GP_param.csv","mu[3]",-3.223029673,7,19,350
"7_19_est_GP_param.csv","mu[4]",-2.073228468,7,19,350
"7_19_est_GP_param.csv","mu[5]",-1.456834891,7,19,350
"7_2_est_GP_param.csv","alpha",2.673399604,7,2,350
"7_2_est_GP_param.csv","rho",0.846863826,7,2,350
"7_2_est_GP_param.csv","sigma",2.973988717,7,2,350
"7_2_est_GP_param.csv","mu[1]",-0.6058495,7,2,350
"7_2_est_GP_param.csv","mu[2]",2.337197429,7,2,350
"7_2_est_GP_param.csv","mu[3]",-0.238698146,7,2,350
"7_2_est_GP_param.csv","mu[4]",3.885433,7,2,350
"7_2_est_GP_param.csv","mu[5]",1.043451597,7,2,350
"7_20_est_GP_param.csv","alpha",2.998403114,7,20,350
"7_20_est_GP_param.csv","rho",0.782429333,7,20,350
"7_20_est_GP_param.csv","sigma",2.976891865,7,20,350
"7_20_est_GP_param.csv","mu[1]",0.050226922,7,20,350
"7_20_est_GP_param.csv","mu[2]",-2.865156819,7,20,350
"7_20_est_GP_param.csv","mu[3]",3.870017856,7,20,350
"7_20_est_GP_param.csv","mu[4]",-3.57270603,7,20,350
"7_20_est_GP_param.csv","mu[5]",0.234488513,7,20,350
"7_3_est_GP_param.csv","alpha",2.28308978,7,3,350
"7_3_est_GP_param.csv","rho",0.895429185,7,3,350
"7_3_est_GP_param.csv","sigma",3.026361176,7,3,350
"7_3_est_GP_param.csv","mu[1]",0.529286018,7,3,350
"7_3_est_GP_param.csv","mu[2]",3.178411051,7,3,350
"7_3_est_GP_param.csv","mu[3]",1.673312479,7,3,350
"7_3_est_GP_param.csv","mu[4]",-0.213092672,7,3,350
"7_3_est_GP_param.csv","mu[5]",3.628023278,7,3,350
"7_4_est_GP_param.csv","alpha",2.761718588,7,4,350
"7_4_est_GP_param.csv","rho",0.730580479,7,4,350
"7_4_est_GP_param.csv","sigma",3.020147263,7,4,350
"7_4_est_GP_param.csv","mu[1]",2.27735204,7,4,350
"7_4_est_GP_param.csv","mu[2]",2.269404723,7,4,350
"7_4_est_GP_param.csv","mu[3]",2.754124767,7,4,350
"7_4_est_GP_param.csv","mu[4]",-3.434883566,7,4,350
"7_4_est_GP_param.csv","mu[5]",-2.067782549,7,4,350
"7_5_est_GP_param.csv","alpha",2.746694865,7,5,350
"7_5_est_GP_param.csv","rho",0.698322667,7,5,350
"7_5_est_GP_param.csv","sigma",2.846755496,7,5,350
"7_5_est_GP_param.csv","mu[1]",-2.460004898,7,5,350
"7_5_est_GP_param.csv","mu[2]",4.09723068,7,5,350
"7_5_est_GP_param.csv","mu[3]",4.815344139,7,5,350
"7_5_est_GP_param.csv","mu[4]",0.635261041,7,5,350
"7_5_est_GP_param.csv","mu[5]",-2.968691726,7,5,350
"7_6_est_GP_param.csv","alpha",2.266961196,7,6,350
"7_6_est_GP_param.csv","rho",1.069836785,7,6,350
"7_6_est_GP_param.csv","sigma",3.167012835,7,6,350
"7_6_est_GP_param.csv","mu[1]",-3.240137379,7,6,350
"7_6_est_GP_param.csv","mu[2]",-1.65579438,7,6,350
"7_6_est_GP_param.csv","mu[3]",4.988558039,7,6,350
"7_6_est_GP_param.csv","mu[4]",1.78414916,7,6,350
"7_6_est_GP_param.csv","mu[5]",2.569254892,7,6,350
"7_7_est_GP_param.csv","alpha",2.192765606,7,7,350
"7_7_est_GP_param.csv","rho",1.131964549,7,7,350
"7_7_est_GP_param.csv","sigma",2.887760579,7,7,350
"7_7_est_GP_param.csv","mu[1]",-0.092418393,7,7,350
"7_7_est_GP_param.csv","mu[2]",6.116979762,7,7,350
"7_7_est_GP_param.csv","mu[3]",-1.736399759,7,7,350
"7_7_est_GP_param.csv","mu[4]",1.235524925,7,7,350
"7_7_est_GP_param.csv","mu[5]",0.258942181,7,7,350
"7_8_est_GP_param.csv","alpha",3.020733228,7,8,350
"7_8_est_GP_param.csv","rho",0.761602058,7,8,350
"7_8_est_GP_param.csv","sigma",2.796781645,7,8,350
"7_8_est_GP_param.csv","mu[1]",2.405746785,7,8,350
"7_8_est_GP_param.csv","mu[2]",-2.660751086,7,8,350
"7_8_est_GP_param.csv","mu[3]",3.711865996,7,8,350
"7_8_est_GP_param.csv","mu[4]",-3.008756091,7,8,350
"7_8_est_GP_param.csv","mu[5]",-4.048481775,7,8,350
"7_9_est_GP_param.csv","alpha",2.677228534,7,9,350
"7_9_est_GP_param.csv","rho",0.761549377,7,9,350
"7_9_est_GP_param.csv","sigma",3.042168747,7,9,350
"7_9_est_GP_param.csv","mu[1]",2.298369997,7,9,350
"7_9_est_GP_param.csv","mu[2]",5.324323273,7,9,350
"7_9_est_GP_param.csv","mu[3]",-2.838126009,7,9,350
"7_9_est_GP_param.csv","mu[4]",2.530511842,7,9,350
"7_9_est_GP_param.csv","mu[5]",3.464337007,7,9,350
"8_10_est_GP_param.csv","alpha",2.865031309,8,10,350
"8_10_est_GP_param.csv","rho",1.138914384,8,10,350
"8_10_est_GP_param.csv","sigma",2.968905108,8,10,350
"8_10_est_GP_param.csv","mu[1]",-0.726538787,8,10,350
"8_10_est_GP_param.csv","mu[2]",-2.950003947,8,10,350
"8_10_est_GP_param.csv","mu[3]",-1.337964014,8,10,350
"8_10_est_GP_param.csv","mu[4]",4.390047909,8,10,350
"8_10_est_GP_param.csv","mu[5]",3.237640274,8,10,350
"8_11_est_GP_param.csv","alpha",3.068552203,8,11,350
"8_11_est_GP_param.csv","rho",1.197859651,8,11,350
"8_11_est_GP_param.csv","sigma",3.094943064,8,11,350
"8_11_est_GP_param.csv","mu[1]",-1.567358179,8,11,350
"8_11_est_GP_param.csv","mu[2]",-0.091205378,8,11,350
"8_11_est_GP_param.csv","mu[3]",-2.788491274,8,11,350
"8_11_est_GP_param.csv","mu[4]",-3.090543142,8,11,350
"8_11_est_GP_param.csv","mu[5]",-2.691759131,8,11,350
"8_12_est_GP_param.csv","alpha",2.583246283,8,12,350
"8_12_est_GP_param.csv","rho",0.759774924,8,12,350
"8_12_est_GP_param.csv","sigma",2.916459581,8,12,350
"8_12_est_GP_param.csv","mu[1]",0.308926973,8,12,350
"8_12_est_GP_param.csv","mu[2]",3.6220575,8,12,350
"8_12_est_GP_param.csv","mu[3]",1.431543254,8,12,350
"8_12_est_GP_param.csv","mu[4]",-3.532403792,8,12,350
"8_12_est_GP_param.csv","mu[5]",2.639273979,8,12,350
"8_13_est_GP_param.csv","alpha",2.209865747,8,13,350
"8_13_est_GP_param.csv","rho",0.185349573,8,13,350
"8_13_est_GP_param.csv","sigma",2.876549483,8,13,350
"8_13_est_GP_param.csv","mu[1]",1.701012056,8,13,350
"8_13_est_GP_param.csv","mu[2]",-2.977695504,8,13,350
"8_13_est_GP_param.csv","mu[3]",2.767356752,8,13,350
"8_13_est_GP_param.csv","mu[4]",6.344177254,8,13,350
"8_13_est_GP_param.csv","mu[5]",-2.177244383,8,13,350
"8_14_est_GP_param.csv","alpha",3.773040841,8,14,350
"8_14_est_GP_param.csv","rho",1.634665607,8,14,350
"8_14_est_GP_param.csv","sigma",3.053691879,8,14,350
"8_14_est_GP_param.csv","mu[1]",-2.970918835,8,14,350
"8_14_est_GP_param.csv","mu[2]",3.039117107,8,14,350
"8_14_est_GP_param.csv","mu[3]",-1.169254773,8,14,350
"8_14_est_GP_param.csv","mu[4]",-0.715056976,8,14,350
"8_14_est_GP_param.csv","mu[5]",-0.695599483,8,14,350
"8_15_est_GP_param.csv","alpha",2.964431617,8,15,350
"8_15_est_GP_param.csv","rho",1.197175257,8,15,350
"8_15_est_GP_param.csv","sigma",2.945507614,8,15,350
"8_15_est_GP_param.csv","mu[1]",0.49854416,8,15,350
"8_15_est_GP_param.csv","mu[2]",2.477292012,8,15,350
"8_15_est_GP_param.csv","mu[3]",4.46981727,8,15,350
"8_15_est_GP_param.csv","mu[4]",-2.595592786,8,15,350
"8_15_est_GP_param.csv","mu[5]",-0.990342593,8,15,350
"8_16_est_GP_param.csv","alpha",3.253999439,8,16,350
"8_16_est_GP_param.csv","rho",1.726377568,8,16,350
"8_16_est_GP_param.csv","sigma",2.918596511,8,16,350
"8_16_est_GP_param.csv","mu[1]",-2.087207765,8,16,350
"8_16_est_GP_param.csv","mu[2]",-1.251150581,8,16,350
"8_16_est_GP_param.csv","mu[3]",-0.117675512,8,16,350
"8_16_est_GP_param.csv","mu[4]",-2.96073123,8,16,350
"8_16_est_GP_param.csv","mu[5]",-0.3603965,8,16,350
"8_17_est_GP_param.csv","alpha",2.872799514,8,17,350
"8_17_est_GP_param.csv","rho",1.64441682,8,17,350
"8_17_est_GP_param.csv","sigma",2.996963647,8,17,350
"8_17_est_GP_param.csv","mu[1]",0.83404815,8,17,350
"8_17_est_GP_param.csv","mu[2]",-0.918138649,8,17,350
"8_17_est_GP_param.csv","mu[3]",-1.312277631,8,17,350
"8_17_est_GP_param.csv","mu[4]",3.725196513,8,17,350
"8_17_est_GP_param.csv","mu[5]",-0.415151924,8,17,350
"8_18_est_GP_param.csv","alpha",2.330519134,8,18,350
"8_18_est_GP_param.csv","rho",0.93696148,8,18,350
"8_18_est_GP_param.csv","sigma",3.079177995,8,18,350
"8_18_est_GP_param.csv","mu[1]",-2.472756984,8,18,350
"8_18_est_GP_param.csv","mu[2]",3.371826797,8,18,350
"8_18_est_GP_param.csv","mu[3]",2.573447169,8,18,350
"8_18_est_GP_param.csv","mu[4]",-3.498776509,8,18,350
"8_18_est_GP_param.csv","mu[5]",1.61640699,8,18,350
"8_19_est_GP_param.csv","alpha",3.616198704,8,19,350
"8_19_est_GP_param.csv","rho",0.96510326,8,19,350
"8_19_est_GP_param.csv","sigma",2.955310116,8,19,350
"8_19_est_GP_param.csv","mu[1]",0.973641492,8,19,350
"8_19_est_GP_param.csv","mu[2]",3.374390244,8,19,350
"8_19_est_GP_param.csv","mu[3]",-0.581256262,8,19,350
"8_19_est_GP_param.csv","mu[4]",-0.265562016,8,19,350
"8_19_est_GP_param.csv","mu[5]",0.744665838,8,19,350
"8_2_est_GP_param.csv","alpha",2.46481548,8,2,350
"8_2_est_GP_param.csv","rho",0.904590461,8,2,350
"8_2_est_GP_param.csv","sigma",2.922593724,8,2,350
"8_2_est_GP_param.csv","mu[1]",0.649836146,8,2,350
"8_2_est_GP_param.csv","mu[2]",1.811262092,8,2,350
"8_2_est_GP_param.csv","mu[3]",4.705238111,8,2,350
"8_2_est_GP_param.csv","mu[4]",0.162351122,8,2,350
"8_2_est_GP_param.csv","mu[5]",-3.310687574,8,2,350
"8_20_est_GP_param.csv","alpha",3.123970484,8,20,350
"8_20_est_GP_param.csv","rho",0.905722109,8,20,350
"8_20_est_GP_param.csv","sigma",2.9216767,8,20,350
"8_20_est_GP_param.csv","mu[1]",4.120405959,8,20,350
"8_20_est_GP_param.csv","mu[2]",-2.830281495,8,20,350
"8_20_est_GP_param.csv","mu[3]",2.564742708,8,20,350
"8_20_est_GP_param.csv","mu[4]",3.011341718,8,20,350
"8_20_est_GP_param.csv","mu[5]",-0.614507281,8,20,350
"8_3_est_GP_param.csv","alpha",2.060941478,8,3,350
"8_3_est_GP_param.csv","rho",0.549586161,8,3,350
"8_3_est_GP_param.csv","sigma",3.005386281,8,3,350
"8_3_est_GP_param.csv","mu[1]",1.287716903,8,3,350
"8_3_est_GP_param.csv","mu[2]",-1.279863826,8,3,350
"8_3_est_GP_param.csv","mu[3]",-0.644581845,8,3,350
"8_3_est_GP_param.csv","mu[4]",1.425354656,8,3,350
"8_3_est_GP_param.csv","mu[5]",1.28808296,8,3,350
"8_4_est_GP_param.csv","alpha",3.536634335,8,4,350
"8_4_est_GP_param.csv","rho",1.588358817,8,4,350
"8_4_est_GP_param.csv","sigma",2.809054772,8,4,350
"8_4_est_GP_param.csv","mu[1]",-3.014615727,8,4,350
"8_4_est_GP_param.csv","mu[2]",3.710407246,8,4,350
"8_4_est_GP_param.csv","mu[3]",-0.232439371,8,4,350
"8_4_est_GP_param.csv","mu[4]",0.977120042,8,4,350
"8_4_est_GP_param.csv","mu[5]",8.470522229,8,4,350
"8_5_est_GP_param.csv","alpha",2.403679537,8,5,350
"8_5_est_GP_param.csv","rho",0.66847933,8,5,350
"8_5_est_GP_param.csv","sigma",3.089771401,8,5,350
"8_5_est_GP_param.csv","mu[1]",-1.126012793,8,5,350
"8_5_est_GP_param.csv","mu[2]",1.440804662,8,5,350
"8_5_est_GP_param.csv","mu[3]",-1.617471822,8,5,350
"8_5_est_GP_param.csv","mu[4]",-2.419481742,8,5,350
"8_5_est_GP_param.csv","mu[5]",-3.102911652,8,5,350
"8_6_est_GP_param.csv","alpha",2.33509131,8,6,350
"8_6_est_GP_param.csv","rho",0.942624533,8,6,350
"8_6_est_GP_param.csv","sigma",2.906360386,8,6,350
"8_6_est_GP_param.csv","mu[1]",-2.085116661,8,6,350
"8_6_est_GP_param.csv","mu[2]",0.778656277,8,6,350
"8_6_est_GP_param.csv","mu[3]",1.998378872,8,6,350
"8_6_est_GP_param.csv","mu[4]",-1.052922094,8,6,350
"8_6_est_GP_param.csv","mu[5]",0.189595684,8,6,350
"8_7_est_GP_param.csv","alpha",3.863813964,8,7,350
"8_7_est_GP_param.csv","rho",1.451783298,8,7,350
"8_7_est_GP_param.csv","sigma",3.124464207,8,7,350
"8_7_est_GP_param.csv","mu[1]",2.267546396,8,7,350
"8_7_est_GP_param.csv","mu[2]",-3.713856963,8,7,350
"8_7_est_GP_param.csv","mu[3]",-1.466525524,8,7,350
"8_7_est_GP_param.csv","mu[4]",-2.322896633,8,7,350
"8_7_est_GP_param.csv","mu[5]",0.428477375,8,7,350
"8_8_est_GP_param.csv","alpha",2.585439675,8,8,350
"8_8_est_GP_param.csv","rho",1.049520708,8,8,350
"8_8_est_GP_param.csv","sigma",3.067101294,8,8,350
"8_8_est_GP_param.csv","mu[1]",-2.256792977,8,8,350
"8_8_est_GP_param.csv","mu[2]",1.297088932,8,8,350
"8_8_est_GP_param.csv","mu[3]",4.495480596,8,8,350
"8_8_est_GP_param.csv","mu[4]",-0.505432774,8,8,350
"8_8_est_GP_param.csv","mu[5]",1.154865334,8,8,350
"8_9_est_GP_param.csv","alpha",3.299754305,8,9,350
"8_9_est_GP_param.csv","rho",1.402146193,8,9,350
"8_9_est_GP_param.csv","sigma",3.028263389,8,9,350
"8_9_est_GP_param.csv","mu[1]",-1.850246982,8,9,350
"8_9_est_GP_param.csv","mu[2]",4.75602334,8,9,350
"8_9_est_GP_param.csv","mu[3]",-3.068285858,8,9,350
"8_9_est_GP_param.csv","mu[4]",-0.382621263,8,9,350
"8_9_est_GP_param.csv","mu[5]",0.347704952,8,9,350
"9_10_est_GP_param.csv","alpha",3.397071216,9,10,350
"9_10_est_GP_param.csv","rho",2.048116848,9,10,350
"9_10_est_GP_param.csv","sigma",3.098772822,9,10,350
"9_10_est_GP_param.csv","mu[1]",0.162756517,9,10,350
"9_10_est_GP_param.csv","mu[2]",-1.363139278,9,10,350
"9_10_est_GP_param.csv","mu[3]",-1.639473882,9,10,350
"9_10_est_GP_param.csv","mu[4]",-0.126207765,9,10,350
"9_10_est_GP_param.csv","mu[5]",-0.767818245,9,10,350
"9_11_est_GP_param.csv","alpha",4.37275457,9,11,350
"9_11_est_GP_param.csv","rho",1.637545892,9,11,350
"9_11_est_GP_param.csv","sigma",3.01249009,9,11,350
"9_11_est_GP_param.csv","mu[1]",1.221287551,9,11,350
"9_11_est_GP_param.csv","mu[2]",0.544673028,9,11,350
"9_11_est_GP_param.csv","mu[3]",1.430157239,9,11,350
"9_11_est_GP_param.csv","mu[4]",-3.640175274,9,11,350
"9_11_est_GP_param.csv","mu[5]",0.867562645,9,11,350
"9_12_est_GP_param.csv","alpha",2.778554693,9,12,350
"9_12_est_GP_param.csv","rho",1.456655835,9,12,350
"9_12_est_GP_param.csv","sigma",2.909546679,9,12,350
"9_12_est_GP_param.csv","mu[1]",3.237800057,9,12,350
"9_12_est_GP_param.csv","mu[2]",3.343912039,9,12,350
"9_12_est_GP_param.csv","mu[3]",1.216353186,9,12,350
"9_12_est_GP_param.csv","mu[4]",1.083209112,9,12,350
"9_12_est_GP_param.csv","mu[5]",-1.560258994,9,12,350
"9_13_est_GP_param.csv","alpha",2.675568522,9,13,350
"9_13_est_GP_param.csv","rho",1.484457969,9,13,350
"9_13_est_GP_param.csv","sigma",3.063904419,9,13,350
"9_13_est_GP_param.csv","mu[1]",5.444363004,9,13,350
"9_13_est_GP_param.csv","mu[2]",1.732659098,9,13,350
"9_13_est_GP_param.csv","mu[3]",1.488076575,9,13,350
"9_13_est_GP_param.csv","mu[4]",0.442764732,9,13,350
"9_13_est_GP_param.csv","mu[5]",1.51488892,9,13,350
"9_14_est_GP_param.csv","alpha",3.611157602,9,14,350
"9_14_est_GP_param.csv","rho",1.586734484,9,14,350
"9_14_est_GP_param.csv","sigma",2.877660272,9,14,350
"9_14_est_GP_param.csv","mu[1]",0.099775811,9,14,350
"9_14_est_GP_param.csv","mu[2]",0.32794224,9,14,350
"9_14_est_GP_param.csv","mu[3]",4.611963274,9,14,350
"9_14_est_GP_param.csv","mu[4]",1.20658823,9,14,350
"9_14_est_GP_param.csv","mu[5]",5.012137826,9,14,350
"9_15_est_GP_param.csv","alpha",3.472451051,9,15,350
"9_15_est_GP_param.csv","rho",1.682467787,9,15,350
"9_15_est_GP_param.csv","sigma",2.842135363,9,15,350
"9_15_est_GP_param.csv","mu[1]",0.298095123,9,15,350
"9_15_est_GP_param.csv","mu[2]",-2.138915419,9,15,350
"9_15_est_GP_param.csv","mu[3]",-3.089930997,9,15,350
"9_15_est_GP_param.csv","mu[4]",-2.548495759,9,15,350
"9_15_est_GP_param.csv","mu[5]",-1.91164445,9,15,350
"9_16_est_GP_param.csv","alpha",2.735178925,9,16,350
"9_16_est_GP_param.csv","rho",1.506509402,9,16,350
"9_16_est_GP_param.csv","sigma",2.775526326,9,16,350
"9_16_est_GP_param.csv","mu[1]",-0.8753141,9,16,350
"9_16_est_GP_param.csv","mu[2]",-1.418217097,9,16,350
"9_16_est_GP_param.csv","mu[3]",4.945880068,9,16,350
"9_16_est_GP_param.csv","mu[4]",5.614704633,9,16,350
"9_16_est_GP_param.csv","mu[5]",-0.300738317,9,16,350
"9_17_est_GP_param.csv","alpha",3.606278222,9,17,350
"9_17_est_GP_param.csv","rho",1.80230014,9,17,350
"9_17_est_GP_param.csv","sigma",2.915541326,9,17,350
"9_17_est_GP_param.csv","mu[1]",-0.819675728,9,17,350
"9_17_est_GP_param.csv","mu[2]",3.189858891,9,17,350
"9_17_est_GP_param.csv","mu[3]",6.006943158,9,17,350
"9_17_est_GP_param.csv","mu[4]",1.611050154,9,17,350
"9_17_est_GP_param.csv","mu[5]",3.104735404,9,17,350
"9_18_est_GP_param.csv","alpha",3.191634591,9,18,350
"9_18_est_GP_param.csv","rho",1.824139615,9,18,350
"9_18_est_GP_param.csv","sigma",2.81658698,9,18,350
"9_18_est_GP_param.csv","mu[1]",-0.387834513,9,18,350
"9_18_est_GP_param.csv","mu[2]",2.542973763,9,18,350
"9_18_est_GP_param.csv","mu[3]",1.472130679,9,18,350
"9_18_est_GP_param.csv","mu[4]",-1.883766183,9,18,350
"9_18_est_GP_param.csv","mu[5]",-0.644504826,9,18,350
"9_19_est_GP_param.csv","alpha",3.284147255,9,19,350
"9_19_est_GP_param.csv","rho",1.302033653,9,19,350
"9_19_est_GP_param.csv","sigma",2.770089253,9,19,350
"9_19_est_GP_param.csv","mu[1]",-0.398971728,9,19,350
"9_19_est_GP_param.csv","mu[2]",1.853964659,9,19,350
"9_19_est_GP_param.csv","mu[3]",3.056767292,9,19,350
"9_19_est_GP_param.csv","mu[4]",-0.194682347,9,19,350
"9_19_est_GP_param.csv","mu[5]",1.552199958,9,19,350
"9_2_est_GP_param.csv","alpha",2.341770255,9,2,350
"9_2_est_GP_param.csv","rho",1.551721308,9,2,350
"9_2_est_GP_param.csv","sigma",3.05276535,9,2,350
"9_2_est_GP_param.csv","mu[1]",-1.785920736,9,2,350
"9_2_est_GP_param.csv","mu[2]",-2.625265826,9,2,350
"9_2_est_GP_param.csv","mu[3]",4.676863116,9,2,350
"9_2_est_GP_param.csv","mu[4]",0.020795056,9,2,350
"9_2_est_GP_param.csv","mu[5]",-1.887020062,9,2,350
"9_20_est_GP_param.csv","alpha",2.82129145,9,20,350
"9_20_est_GP_param.csv","rho",1.518863731,9,20,350
"9_20_est_GP_param.csv","sigma",2.927926009,9,20,350
"9_20_est_GP_param.csv","mu[1]",3.603786461,9,20,350
"9_20_est_GP_param.csv","mu[2]",-3.021793819,9,20,350
"9_20_est_GP_param.csv","mu[3]",-0.984785428,9,20,350
"9_20_est_GP_param.csv","mu[4]",-0.147910544,9,20,350
"9_20_est_GP_param.csv","mu[5]",-1.859691875,9,20,350
"9_3_est_GP_param.csv","alpha",2.929872631,9,3,350
"9_3_est_GP_param.csv","rho",1.93983806,9,3,350
"9_3_est_GP_param.csv","sigma",3.041340024,9,3,350
"9_3_est_GP_param.csv","mu[1]",0.746352898,9,3,350
"9_3_est_GP_param.csv","mu[2]",-0.795667755,9,3,350
"9_3_est_GP_param.csv","mu[3]",0.494753269,9,3,350
"9_3_est_GP_param.csv","mu[4]",0.766675416,9,3,350
"9_3_est_GP_param.csv","mu[5]",2.80519073,9,3,350
"9_4_est_GP_param.csv","alpha",2.166205351,9,4,350
"9_4_est_GP_param.csv","rho",0.749666734,9,4,350
"9_4_est_GP_param.csv","sigma",2.822958927,9,4,350
"9_4_est_GP_param.csv","mu[1]",4.000654315,9,4,350
"9_4_est_GP_param.csv","mu[2]",3.488749029,9,4,350
"9_4_est_GP_param.csv","mu[3]",-2.448485023,9,4,350
"9_4_est_GP_param.csv","mu[4]",-3.069861865,9,4,350
"9_4_est_GP_param.csv","mu[5]",-1.691982722,9,4,350
"9_5_est_GP_param.csv","alpha",2.236356607,9,5,350
"9_5_est_GP_param.csv","rho",-1.461916796,9,5,350
"9_5_est_GP_param.csv","sigma",2.395176164,9,5,350
"9_5_est_GP_param.csv","mu[1]",-4.524863488,9,5,350
"9_5_est_GP_param.csv","mu[2]",1.734510054,9,5,350
"9_5_est_GP_param.csv","mu[3]",2.573309851,9,5,350
"9_5_est_GP_param.csv","mu[4]",-1.491532931,9,5,350
"9_5_est_GP_param.csv","mu[5]",-0.616894636,9,5,350
"9_6_est_GP_param.csv","alpha",2.706714087,9,6,350
"9_6_est_GP_param.csv","rho",1.388154497,9,6,350
"9_6_est_GP_param.csv","sigma",2.834899312,9,6,350
"9_6_est_GP_param.csv","mu[1]",-2.078592793,9,6,350
"9_6_est_GP_param.csv","mu[2]",-0.588194211,9,6,350
"9_6_est_GP_param.csv","mu[3]",3.175190267,9,6,350
"9_6_est_GP_param.csv","mu[4]",-0.369832666,9,6,350
"9_6_est_GP_param.csv","mu[5]",-3.138689368,9,6,350
"9_7_est_GP_param.csv","alpha",2.538288842,9,7,350
"9_7_est_GP_param.csv","rho",1.418571186,9,7,350
"9_7_est_GP_param.csv","sigma",3.119411556,9,7,350
"9_7_est_GP_param.csv","mu[1]",4.068296168,9,7,350
"9_7_est_GP_param.csv","mu[2]",-0.823018006,9,7,350
"9_7_est_GP_param.csv","mu[3]",3.356953982,9,7,350
"9_7_est_GP_param.csv","mu[4]",-0.055927048,9,7,350
"9_7_est_GP_param.csv","mu[5]",2.505718153,9,7,350
"9_8_est_GP_param.csv","alpha",2.800435509,9,8,350
"9_8_est_GP_param.csv","rho",1.496616408,9,8,350
"9_8_est_GP_param.csv","sigma",2.97879204,9,8,350
"9_8_est_GP_param.csv","mu[1]",1.002124793,9,8,350
"9_8_est_GP_param.csv","mu[2]",2.894265016,9,8,350
"9_8_est_GP_param.csv","mu[3]",-0.82091929,9,8,350
"9_8_est_GP_param.csv","mu[4]",-2.114257455,9,8,350
"9_8_est_GP_param.csv","mu[5]",0.488650319,9,8,350
"9_9_est_GP_param.csv","alpha",2.8862015,9,9,350
"9_9_est_GP_param.csv","rho",1.38119672,9,9,350
"9_9_est_GP_param.csv","sigma",3.142221728,9,9,350
"9_9_est_GP_param.csv","mu[1]",5.024289735,9,9,350
"9_9_est_GP_param.csv","mu[2]",-0.577820056,9,9,350
"9_9_est_GP_param.csv","mu[3]",2.222548752,9,9,350
"9_9_est_GP_param.csv","mu[4]",1.919180334,9,9,350
"9_9_est_GP_param.csv","mu[5]",-2.284817531,9,9,350
"10_10_est_GP_param.csv","alpha",3.366124003,10,10,330
"10_10_est_GP_param.csv","rho",2.049049011,10,10,330
"10_10_est_GP_param.csv","sigma",2.992075782,10,10,330
"10_10_est_GP_param.csv","mu[1]",-1.528067942,10,10,330
"10_10_est_GP_param.csv","mu[2]",0.077676762,10,10,330
"10_10_est_GP_param.csv","mu[3]",-2.050422626,10,10,330
"10_10_est_GP_param.csv","mu[4]",-0.03458,10,10,330
"10_10_est_GP_param.csv","mu[5]",3.415045859,10,10,330
"10_11_est_GP_param.csv","alpha",2.623874222,10,11,330
"10_11_est_GP_param.csv","rho",0.331637368,10,11,330
"10_11_est_GP_param.csv","sigma",2.518152636,10,11,330
"10_11_est_GP_param.csv","mu[1]",-1.832254568,10,11,330
"10_11_est_GP_param.csv","mu[2]",-3.247021566,10,11,330
"10_11_est_GP_param.csv","mu[3]",-3.52018017,10,11,330
"10_11_est_GP_param.csv","mu[4]",-0.956158512,10,11,330
"10_11_est_GP_param.csv","mu[5]",-3.000181052,10,11,330
"10_12_est_GP_param.csv","alpha",2.718965217,10,12,330
"10_12_est_GP_param.csv","rho",1.460258464,10,12,330
"10_12_est_GP_param.csv","sigma",3.027520721,10,12,330
"10_12_est_GP_param.csv","mu[1]",0.525489964,10,12,330
"10_12_est_GP_param.csv","mu[2]",-3.217898292,10,12,330
"10_12_est_GP_param.csv","mu[3]",2.908224305,10,12,330
"10_12_est_GP_param.csv","mu[4]",-1.643598409,10,12,330
"10_12_est_GP_param.csv","mu[5]",-0.960542154,10,12,330
"10_13_est_GP_param.csv","alpha",3.727489365,10,13,330
"10_13_est_GP_param.csv","rho",2.131337734,10,13,330
"10_13_est_GP_param.csv","sigma",3.038575739,10,13,330
"10_13_est_GP_param.csv","mu[1]",-2.994650591,10,13,330
"10_13_est_GP_param.csv","mu[2]",1.568794959,10,13,330
"10_13_est_GP_param.csv","mu[3]",0.788744343,10,13,330
"10_13_est_GP_param.csv","mu[4]",2.432003156,10,13,330
"10_13_est_GP_param.csv","mu[5]",5.259332032,10,13,330
"10_14_est_GP_param.csv","alpha",2.141825773,10,14,330
"10_14_est_GP_param.csv","rho",0.07486051,10,14,330
"10_14_est_GP_param.csv","sigma",2.689395037,10,14,330
"10_14_est_GP_param.csv","mu[1]",1.342822495,10,14,330
"10_14_est_GP_param.csv","mu[2]",0.152182318,10,14,330
"10_14_est_GP_param.csv","mu[3]",3.142247729,10,14,330
"10_14_est_GP_param.csv","mu[4]",0.072264068,10,14,330
"10_14_est_GP_param.csv","mu[5]",-1.156018622,10,14,330
"10_15_est_GP_param.csv","alpha",2.903460808,10,15,330
"10_15_est_GP_param.csv","rho",1.173388074,10,15,330
"10_15_est_GP_param.csv","sigma",2.919332331,10,15,330
"10_15_est_GP_param.csv","mu[1]",-0.773337316,10,15,330
"10_15_est_GP_param.csv","mu[2]",-1.937047316,10,15,330
"10_15_est_GP_param.csv","mu[3]",-3.07909037,10,15,330
"10_15_est_GP_param.csv","mu[4]",2.508869064,10,15,330
"10_15_est_GP_param.csv","mu[5]",-0.874908289,10,15,330
"10_16_est_GP_param.csv","alpha",3.394000389,10,16,330
"10_16_est_GP_param.csv","rho",1.958456142,10,16,330
"10_16_est_GP_param.csv","sigma",2.878956539,10,16,330
"10_16_est_GP_param.csv","mu[1]",-1.573462237,10,16,330
"10_16_est_GP_param.csv","mu[2]",-0.147956375,10,16,330
"10_16_est_GP_param.csv","mu[3]",0.190435818,10,16,330
"10_16_est_GP_param.csv","mu[4]",0.379398139,10,16,330
"10_16_est_GP_param.csv","mu[5]",-1.24700426,10,16,330
"10_17_est_GP_param.csv","alpha",3.100396959,10,17,330
"10_17_est_GP_param.csv","rho",1.723849459,10,17,330
"10_17_est_GP_param.csv","sigma",3.033340254,10,17,330
"10_17_est_GP_param.csv","mu[1]",1.808696563,10,17,330
"10_17_est_GP_param.csv","mu[2]",1.332774604,10,17,330
"10_17_est_GP_param.csv","mu[3]",-2.887716449,10,17,330
"10_17_est_GP_param.csv","mu[4]",0.755116772,10,17,330
"10_17_est_GP_param.csv","mu[5]",-3.214513379,10,17,330
"10_18_est_GP_param.csv","alpha",2.835883376,10,18,330
"10_18_est_GP_param.csv","rho",1.792064344,10,18,330
"10_18_est_GP_param.csv","sigma",2.859366565,10,18,330
"10_18_est_GP_param.csv","mu[1]",-0.757507129,10,18,330
"10_18_est_GP_param.csv","mu[2]",1.559207735,10,18,330
"10_18_est_GP_param.csv","mu[3]",-0.640681932,10,18,330
"10_18_est_GP_param.csv","mu[4]",0.028904169,10,18,330
"10_18_est_GP_param.csv","mu[5]",-1.362887956,10,18,330
"10_19_est_GP_param.csv","alpha",3.167594951,10,19,330
"10_19_est_GP_param.csv","rho",2.006130095,10,19,330
"10_19_est_GP_param.csv","sigma",3.026080887,10,19,330
"10_19_est_GP_param.csv","mu[1]",-0.535895351,10,19,330
"10_19_est_GP_param.csv","mu[2]",0.823338188,10,19,330
"10_19_est_GP_param.csv","mu[3]",2.068696215,10,19,330
"10_19_est_GP_param.csv","mu[4]",1.884152578,10,19,330
"10_19_est_GP_param.csv","mu[5]",4.950022239,10,19,330
"10_2_est_GP_param.csv","alpha",3.213372743,10,2,330
"10_2_est_GP_param.csv","rho",1.799798652,10,2,330
"10_2_est_GP_param.csv","sigma",3.05095577,10,2,330
"10_2_est_GP_param.csv","mu[1]",-0.635548524,10,2,330
"10_2_est_GP_param.csv","mu[2]",4.696371668,10,2,330
"10_2_est_GP_param.csv","mu[3]",0.342386478,10,2,330
"10_2_est_GP_param.csv","mu[4]",0.928396273,10,2,330
"10_2_est_GP_param.csv","mu[5]",-1.260877045,10,2,330
"10_20_est_GP_param.csv","alpha",3.132103693,10,20,330
"10_20_est_GP_param.csv","rho",1.908453103,10,20,330
"10_20_est_GP_param.csv","sigma",2.960115213,10,20,330
"10_20_est_GP_param.csv","mu[1]",-0.798253376,10,20,330
"10_20_est_GP_param.csv","mu[2]",3.264195029,10,20,330
"10_20_est_GP_param.csv","mu[3]",0.388457416,10,20,330
"10_20_est_GP_param.csv","mu[4]",1.971695327,10,20,330
"10_20_est_GP_param.csv","mu[5]",0.862172981,10,20,330
"10_3_est_GP_param.csv","alpha",4.159588866,10,3,330
"10_3_est_GP_param.csv","rho",2.000842303,10,3,330
"10_3_est_GP_param.csv","sigma",2.886359409,10,3,330
"10_3_est_GP_param.csv","mu[1]",-2.001548944,10,3,330
"10_3_est_GP_param.csv","mu[2]",3.79250553,10,3,330
"10_3_est_GP_param.csv","mu[3]",6.892349731,10,3,330
"10_3_est_GP_param.csv","mu[4]",-2.992689181,10,3,330
"10_3_est_GP_param.csv","mu[5]",1.229153349,10,3,330
"10_4_est_GP_param.csv","alpha",3.470900686,10,4,330
"10_4_est_GP_param.csv","rho",2.41378356,10,4,330
"10_4_est_GP_param.csv","sigma",2.880663417,10,4,330
"10_4_est_GP_param.csv","mu[1]",5.129691881,10,4,330
"10_4_est_GP_param.csv","mu[2]",0.47165612,10,4,330
"10_4_est_GP_param.csv","mu[3]",0.972238935,10,4,330
"10_4_est_GP_param.csv","mu[4]",-2.702830959,10,4,330
"10_4_est_GP_param.csv","mu[5]",-0.845230849,10,4,330
"10_5_est_GP_param.csv","alpha",2.675582209,10,5,330
"10_5_est_GP_param.csv","rho",1.498835164,10,5,330
"10_5_est_GP_param.csv","sigma",3.104175705,10,5,330
"10_5_est_GP_param.csv","mu[1]",-3.153905527,10,5,330
"10_5_est_GP_param.csv","mu[2]",-2.005750258,10,5,330
"10_5_est_GP_param.csv","mu[3]",0.828219617,10,5,330
"10_5_est_GP_param.csv","mu[4]",1.991597379,10,5,330
"10_5_est_GP_param.csv","mu[5]",2.751149704,10,5,330
"10_6_est_GP_param.csv","alpha",3.356028686,10,6,330
"10_6_est_GP_param.csv","rho",1.63091574,10,6,330
"10_6_est_GP_param.csv","sigma",2.905170746,10,6,330
"10_6_est_GP_param.csv","mu[1]",-2.958526207,10,6,330
"10_6_est_GP_param.csv","mu[2]",0.083645057,10,6,330
"10_6_est_GP_param.csv","mu[3]",-1.961880703,10,6,330
"10_6_est_GP_param.csv","mu[4]",-2.377681549,10,6,330
"10_6_est_GP_param.csv","mu[5]",5.905630125,10,6,330
"10_7_est_GP_param.csv","alpha",3.505502607,10,7,330
"10_7_est_GP_param.csv","rho",1.575121954,10,7,330
"10_7_est_GP_param.csv","sigma",3.151671334,10,7,330
"10_7_est_GP_param.csv","mu[1]",3.923586289,10,7,330
"10_7_est_GP_param.csv","mu[2]",0.144569414,10,7,330
"10_7_est_GP_param.csv","mu[3]",-0.720163451,10,7,330
"10_7_est_GP_param.csv","mu[4]",-0.429800008,10,7,330
"10_7_est_GP_param.csv","mu[5]",-0.817725213,10,7,330
"10_8_est_GP_param.csv","alpha",3.175402029,10,8,330
"10_8_est_GP_param.csv","rho",1.93803617,10,8,330
"10_8_est_GP_param.csv","sigma",2.95823684,10,8,330
"10_8_est_GP_param.csv","mu[1]",1.485405013,10,8,330
"10_8_est_GP_param.csv","mu[2]",-0.33020797,10,8,330
"10_8_est_GP_param.csv","mu[3]",7.438307486,10,8,330
"10_8_est_GP_param.csv","mu[4]",2.720424,10,8,330
"10_8_est_GP_param.csv","mu[5]",-0.325217944,10,8,330
"10_9_est_GP_param.csv","alpha",3.092038718,10,9,330
"10_9_est_GP_param.csv","rho",1.797353707,10,9,330
"10_9_est_GP_param.csv","sigma",2.80078018,10,9,330
"10_9_est_GP_param.csv","mu[1]",0.109122117,10,9,330
"10_9_est_GP_param.csv","mu[2]",-1.713778437,10,9,330
"10_9_est_GP_param.csv","mu[3]",-1.828589154,10,9,330
"10_9_est_GP_param.csv","mu[4]",-1.254461516,10,9,330
"10_9_est_GP_param.csv","mu[5]",-0.484165198,10,9,330
"11_10_est_GP_param.csv","alpha",1.835483046,11,10,330
"11_10_est_GP_param.csv","rho",0.753067106,11,10,330
"11_10_est_GP_param.csv","sigma",3.042182235,11,10,330
"11_10_est_GP_param.csv","mu[1]",-0.172929058,11,10,330
"11_10_est_GP_param.csv","mu[2]",-2.190908559,11,10,330
"11_10_est_GP_param.csv","mu[3]",-2.727476404,11,10,330
"11_10_est_GP_param.csv","mu[4]",4.72613243,11,10,330
"11_10_est_GP_param.csv","mu[5]",5.626149093,11,10,330
"11_11_est_GP_param.csv","alpha",2.253369425,11,11,330
"11_11_est_GP_param.csv","rho",1.676907126,11,11,330
"11_11_est_GP_param.csv","sigma",2.791225164,11,11,330
"11_11_est_GP_param.csv","mu[1]",1.908120197,11,11,330
"11_11_est_GP_param.csv","mu[2]",2.043100187,11,11,330
"11_11_est_GP_param.csv","mu[3]",0.692071812,11,11,330
"11_11_est_GP_param.csv","mu[4]",2.008525263,11,11,330
"11_11_est_GP_param.csv","mu[5]",-0.947090242,11,11,330
"11_12_est_GP_param.csv","alpha",3.070760786,11,12,330
"11_12_est_GP_param.csv","rho",1.956410156,11,12,330
"11_12_est_GP_param.csv","sigma",3.036902125,11,12,330
"11_12_est_GP_param.csv","mu[1]",-1.034936798,11,12,330
"11_12_est_GP_param.csv","mu[2]",1.02974161,11,12,330
"11_12_est_GP_param.csv","mu[3]",-1.285503061,11,12,330
"11_12_est_GP_param.csv","mu[4]",-0.766498262,11,12,330
"11_12_est_GP_param.csv","mu[5]",2.359632539,11,12,330
"11_13_est_GP_param.csv","alpha",3.262848472,11,13,330
"11_13_est_GP_param.csv","rho",2.644330011,11,13,330
"11_13_est_GP_param.csv","sigma",2.949477204,11,13,330
"11_13_est_GP_param.csv","mu[1]",2.327181665,11,13,330
"11_13_est_GP_param.csv","mu[2]",-1.772639353,11,13,330
"11_13_est_GP_param.csv","mu[3]",-0.677081348,11,13,330
"11_13_est_GP_param.csv","mu[4]",3.168701097,11,13,330
"11_13_est_GP_param.csv","mu[5]",-3.00012522,11,13,330
"11_14_est_GP_param.csv","alpha",3.223481853,11,14,330
"11_14_est_GP_param.csv","rho",1.805566213,11,14,330
"11_14_est_GP_param.csv","sigma",2.836381134,11,14,330
"11_14_est_GP_param.csv","mu[1]",-0.190879478,11,14,330
"11_14_est_GP_param.csv","mu[2]",-1.864300966,11,14,330
"11_14_est_GP_param.csv","mu[3]",0.162055369,11,14,330
"11_14_est_GP_param.csv","mu[4]",-3.357235904,11,14,330
"11_14_est_GP_param.csv","mu[5]",1.659390102,11,14,330
"11_15_est_GP_param.csv","alpha",2.965308256,11,15,330
"11_15_est_GP_param.csv","rho",1.873795763,11,15,330
"11_15_est_GP_param.csv","sigma",2.950595061,11,15,330
"11_15_est_GP_param.csv","mu[1]",0.787608204,11,15,330
"11_15_est_GP_param.csv","mu[2]",-1.205346105,11,15,330
"11_15_est_GP_param.csv","mu[3]",-1.478806906,11,15,330
"11_15_est_GP_param.csv","mu[4]",6.443501435,11,15,330
"11_15_est_GP_param.csv","mu[5]",-0.958131059,11,15,330
"11_16_est_GP_param.csv","alpha",3.592918457,11,16,330
"11_16_est_GP_param.csv","rho",2.2284505,11,16,330
"11_16_est_GP_param.csv","sigma",2.980641422,11,16,330
"11_16_est_GP_param.csv","mu[1]",1.497380125,11,16,330
"11_16_est_GP_param.csv","mu[2]",0.491710073,11,16,330
"11_16_est_GP_param.csv","mu[3]",-0.925593023,11,16,330
"11_16_est_GP_param.csv","mu[4]",-3.130421026,11,16,330
"11_16_est_GP_param.csv","mu[5]",1.390644346,11,16,330
"11_17_est_GP_param.csv","alpha",2.681748435,11,17,330
"11_17_est_GP_param.csv","rho",1.829232343,11,17,330
"11_17_est_GP_param.csv","sigma",2.91646014,11,17,330
"11_17_est_GP_param.csv","mu[1]",-0.524295316,11,17,330
"11_17_est_GP_param.csv","mu[2]",-0.438158923,11,17,330
"11_17_est_GP_param.csv","mu[3]",-3.671343086,11,17,330
"11_17_est_GP_param.csv","mu[4]",3.923885568,11,17,330
"11_17_est_GP_param.csv","mu[5]",-1.252180874,11,17,330
"11_18_est_GP_param.csv","alpha",1.738894974,11,18,330
"11_18_est_GP_param.csv","rho",0.631488874,11,18,330
"11_18_est_GP_param.csv","sigma",2.886245595,11,18,330
"11_18_est_GP_param.csv","mu[1]",1.965148487,11,18,330
"11_18_est_GP_param.csv","mu[2]",-0.123841366,11,18,330
"11_18_est_GP_param.csv","mu[3]",0.423576263,11,18,330
"11_18_est_GP_param.csv","mu[4]",0.439627119,11,18,330
"11_18_est_GP_param.csv","mu[5]",0.882185959,11,18,330
"11_19_est_GP_param.csv","alpha",3.554335468,11,19,330
"11_19_est_GP_param.csv","rho",2.525892552,11,19,330
"11_19_est_GP_param.csv","sigma",3.092854811,11,19,330
"11_19_est_GP_param.csv","mu[1]",-2.183830231,11,19,330
"11_19_est_GP_param.csv","mu[2]",-2.518906695,11,19,330
"11_19_est_GP_param.csv","mu[3]",0.806585304,11,19,330
"11_19_est_GP_param.csv","mu[4]",-1.709880209,11,19,330
"11_19_est_GP_param.csv","mu[5]",5.016395552,11,19,330
"11_2_est_GP_param.csv","alpha",3.388519228,11,2,330
"11_2_est_GP_param.csv","rho",2.390828211,11,2,330
"11_2_est_GP_param.csv","sigma",3.027752081,11,2,330
"11_2_est_GP_param.csv","mu[1]",4.279691111,11,2,330
"11_2_est_GP_param.csv","mu[2]",1.921868736,11,2,330
"11_2_est_GP_param.csv","mu[3]",0.719765234,11,2,330
"11_2_est_GP_param.csv","mu[4]",-1.598563884,11,2,330
"11_2_est_GP_param.csv","mu[5]",-3.065536647,11,2,330
"11_20_est_GP_param.csv","alpha",3.318425008,11,20,330
"11_20_est_GP_param.csv","rho",2.479088834,11,20,330
"11_20_est_GP_param.csv","sigma",2.615094826,11,20,330
"11_20_est_GP_param.csv","mu[1]",-2.749314465,11,20,330
"11_20_est_GP_param.csv","mu[2]",-2.206495433,11,20,330
"11_20_est_GP_param.csv","mu[3]",-1.496421151,11,20,330
"11_20_est_GP_param.csv","mu[4]",-1.119896922,11,20,330
"11_20_est_GP_param.csv","mu[5]",-0.480319451,11,20,330
"11_3_est_GP_param.csv","alpha",1.811353991,11,3,330
"11_3_est_GP_param.csv","rho",-0.415095284,11,3,330
"11_3_est_GP_param.csv","sigma",2.848215462,11,3,330
"11_3_est_GP_param.csv","mu[1]",0.908951787,11,3,330
"11_3_est_GP_param.csv","mu[2]",2.555973681,11,3,330
"11_3_est_GP_param.csv","mu[3]",-3.784046439,11,3,330
"11_3_est_GP_param.csv","mu[4]",-0.055078041,11,3,330
"11_3_est_GP_param.csv","mu[5]",-4.147560286,11,3,330
"11_4_est_GP_param.csv","alpha",3.073506073,11,4,330
"11_4_est_GP_param.csv","rho",-0.015860435,11,4,330
"11_4_est_GP_param.csv","sigma",2.089284158,11,4,330
"11_4_est_GP_param.csv","mu[1]",-0.0988398,11,4,330
"11_4_est_GP_param.csv","mu[2]",-3.984174261,11,4,330
"11_4_est_GP_param.csv","mu[3]",-1.661012081,11,4,330
"11_4_est_GP_param.csv","mu[4]",2.824085325,11,4,330
"11_4_est_GP_param.csv","mu[5]",1.393570689,11,4,330
"11_5_est_GP_param.csv","alpha",2.680423674,11,5,330
"11_5_est_GP_param.csv","rho",1.512971915,11,5,330
"11_5_est_GP_param.csv","sigma",2.895516073,11,5,330
"11_5_est_GP_param.csv","mu[1]",-0.02460167,11,5,330
"11_5_est_GP_param.csv","mu[2]",2.086131784,11,5,330
"11_5_est_GP_param.csv","mu[3]",1.227891581,11,5,330
"11_5_est_GP_param.csv","mu[4]",-0.803230139,11,5,330
"11_5_est_GP_param.csv","mu[5]",-0.506470898,11,5,330
"11_6_est_GP_param.csv","alpha",3.893327366,11,6,330
"11_6_est_GP_param.csv","rho",2.853891029,11,6,330
"11_6_est_GP_param.csv","sigma",3.15449289,11,6,330
"11_6_est_GP_param.csv","mu[1]",3.511870148,11,6,330
"11_6_est_GP_param.csv","mu[2]",2.258621608,11,6,330
"11_6_est_GP_param.csv","mu[3]",-3.334991469,11,6,330
"11_6_est_GP_param.csv","mu[4]",1.350998064,11,6,330
"11_6_est_GP_param.csv","mu[5]",0.962147279,11,6,330
"11_7_est_GP_param.csv","alpha",2.795160034,11,7,330
"11_7_est_GP_param.csv","rho",0.60671437,11,7,330
"11_7_est_GP_param.csv","sigma",2.580917,11,7,330
"11_7_est_GP_param.csv","mu[1]",-1.118381218,11,7,330
"11_7_est_GP_param.csv","mu[2]",-1.354515077,11,7,330
"11_7_est_GP_param.csv","mu[3]",-2.82896833,11,7,330
"11_7_est_GP_param.csv","mu[4]",5.243582703,11,7,330
"11_7_est_GP_param.csv","mu[5]",3.891210118,11,7,330
"11_8_est_GP_param.csv","alpha",2.085132747,11,8,330
"11_8_est_GP_param.csv","rho",-1.885724722,11,8,330
"11_8_est_GP_param.csv","sigma",2.351484107,11,8,330
"11_8_est_GP_param.csv","mu[1]",3.16553764,11,8,330
"11_8_est_GP_param.csv","mu[2]",-1.299264568,11,8,330
"11_8_est_GP_param.csv","mu[3]",-3.086628101,11,8,330
"11_8_est_GP_param.csv","mu[4]",-2.35684284,11,8,330
"11_8_est_GP_param.csv","mu[5]",-0.352716289,11,8,330
"11_9_est_GP_param.csv","alpha",2.147135806,11,9,330
"11_9_est_GP_param.csv","rho",-1.427780618,11,9,330
"11_9_est_GP_param.csv","sigma",2.188544894,11,9,330
"11_9_est_GP_param.csv","mu[1]",-2.321628839,11,9,330
"11_9_est_GP_param.csv","mu[2]",-0.400263826,11,9,330
"11_9_est_GP_param.csv","mu[3]",0.625051004,11,9,330
"11_9_est_GP_param.csv","mu[4]",-2.97114329,11,9,330
"11_9_est_GP_param.csv","mu[5]",-4.14085155,11,9,330
"12_10_est_GP_param.csv","alpha",2.997711926,12,10,330
"12_10_est_GP_param.csv","rho",2.070788472,12,10,330
"12_10_est_GP_param.csv","sigma",3.108175876,12,10,330
"12_10_est_GP_param.csv","mu[1]",2.850824311,12,10,330
"12_10_est_GP_param.csv","mu[2]",-2.752391313,12,10,330
"12_10_est_GP_param.csv","mu[3]",0.054092762,12,10,330
"12_10_est_GP_param.csv","mu[4]",-1.751055334,12,10,330
"12_10_est_GP_param.csv","mu[5]",0.415581077,12,10,330
"12_11_est_GP_param.csv","alpha",3.011051781,12,11,330
"12_11_est_GP_param.csv","rho",2.361388644,12,11,330
"12_11_est_GP_param.csv","sigma",2.772245952,12,11,330
"12_11_est_GP_param.csv","mu[1]",-0.417938229,12,11,330
"12_11_est_GP_param.csv","mu[2]",0.87734946,12,11,330
"12_11_est_GP_param.csv","mu[3]",1.893627846,12,11,330
"12_11_est_GP_param.csv","mu[4]",3.220203124,12,11,330
"12_11_est_GP_param.csv","mu[5]",1.379409456,12,11,330
"12_12_est_GP_param.csv","alpha",3.084048445,12,12,330
"12_12_est_GP_param.csv","rho",2.137897701,12,12,330
"12_12_est_GP_param.csv","sigma",3.10205013,12,12,330
"12_12_est_GP_param.csv","mu[1]",2.068062339,12,12,330
"12_12_est_GP_param.csv","mu[2]",0.475354757,12,12,330
"12_12_est_GP_param.csv","mu[3]",-2.731413461,12,12,330
"12_12_est_GP_param.csv","mu[4]",-2.71374131,12,12,330
"12_12_est_GP_param.csv","mu[5]",-0.487572342,12,12,330
"12_13_est_GP_param.csv","alpha",2.615411464,12,13,330
"12_13_est_GP_param.csv","rho",1.393480795,12,13,330
"12_13_est_GP_param.csv","sigma",3.081085056,12,13,330
"12_13_est_GP_param.csv","mu[1]",-0.801217318,12,13,330
"12_13_est_GP_param.csv","mu[2]",2.802853674,12,13,330
"12_13_est_GP_param.csv","mu[3]",-1.447093033,12,13,330
"12_13_est_GP_param.csv","mu[4]",-3.370251792,12,13,330
"12_13_est_GP_param.csv","mu[5]",1.943446152,12,13,330
"12_14_est_GP_param.csv","alpha",2.999597354,12,14,330
"12_14_est_GP_param.csv","rho",2.002301085,12,14,330
"12_14_est_GP_param.csv","sigma",3.085015953,12,14,330
"12_14_est_GP_param.csv","mu[1]",5.255665117,12,14,330
"12_14_est_GP_param.csv","mu[2]",-0.633823736,12,14,330
"12_14_est_GP_param.csv","mu[3]",-1.617241786,12,14,330
"12_14_est_GP_param.csv","mu[4]",2.745226108,12,14,330
"12_14_est_GP_param.csv","mu[5]",-3.025801272,12,14,330
"12_15_est_GP_param.csv","alpha",3.348241306,12,15,330
"12_15_est_GP_param.csv","rho",2.887407917,12,15,330
"12_15_est_GP_param.csv","sigma",2.835284251,12,15,330
"12_15_est_GP_param.csv","mu[1]",1.31528613,12,15,330
"12_15_est_GP_param.csv","mu[2]",3.886538311,12,15,330
"12_15_est_GP_param.csv","mu[3]",-2.984986377,12,15,330
"12_15_est_GP_param.csv","mu[4]",1.358025997,12,15,330
"12_15_est_GP_param.csv","mu[5]",-2.003524195,12,15,330
"12_16_est_GP_param.csv","alpha",3.805388088,12,16,330
"12_16_est_GP_param.csv","rho",2.536996285,12,16,330
"12_16_est_GP_param.csv","sigma",3.058967877,12,16,330
"12_16_est_GP_param.csv","mu[1]",-2.739511055,12,16,330
"12_16_est_GP_param.csv","mu[2]",4.679452912,12,16,330
"12_16_est_GP_param.csv","mu[3]",0.442076496,12,16,330
"12_16_est_GP_param.csv","mu[4]",5.546894073,12,16,330
"12_16_est_GP_param.csv","mu[5]",-0.105262083,12,16,330
"12_17_est_GP_param.csv","alpha",2.391457846,12,17,330
"12_17_est_GP_param.csv","rho",1.584849651,12,17,330
"12_17_est_GP_param.csv","sigma",3.011024939,12,17,330
"12_17_est_GP_param.csv","mu[1]",0.707384791,12,17,330
"12_17_est_GP_param.csv","mu[2]",-2.598519185,12,17,330
"12_17_est_GP_param.csv","mu[3]",-2.738760501,12,17,330
"12_17_est_GP_param.csv","mu[4]",0.206355352,12,17,330
"12_17_est_GP_param.csv","mu[5]",-1.220959887,12,17,330
"12_18_est_GP_param.csv","alpha",3.275640809,12,18,330
"12_18_est_GP_param.csv","rho",2.067704982,12,18,330
"12_18_est_GP_param.csv","sigma",2.991994215,12,18,330
"12_18_est_GP_param.csv","mu[1]",-1.634443025,12,18,330
"12_18_est_GP_param.csv","mu[2]",0.656126629,12,18,330
"12_18_est_GP_param.csv","mu[3]",-2.936398575,12,18,330
"12_18_est_GP_param.csv","mu[4]",4.323811697,12,18,330
"12_18_est_GP_param.csv","mu[5]",2.343128988,12,18,330
"12_19_est_GP_param.csv","alpha",2.776110523,12,19,330
"12_19_est_GP_param.csv","rho",2.325957101,12,19,330
"12_19_est_GP_param.csv","sigma",2.880800138,12,19,330
"12_19_est_GP_param.csv","mu[1]",0.00468274,12,19,330
"12_19_est_GP_param.csv","mu[2]",-2.741091973,12,19,330
"12_19_est_GP_param.csv","mu[3]",-0.574808051,12,19,330
"12_19_est_GP_param.csv","mu[4]",-2.898295245,12,19,330
"12_19_est_GP_param.csv","mu[5]",1.242398306,12,19,330
"12_2_est_GP_param.csv","alpha",2.373988724,12,2,330
"12_2_est_GP_param.csv","rho",1.758982861,12,2,330
"12_2_est_GP_param.csv","sigma",2.859639074,12,2,330
"12_2_est_GP_param.csv","mu[1]",-2.496778872,12,2,330
"12_2_est_GP_param.csv","mu[2]",-1.220356394,12,2,330
"12_2_est_GP_param.csv","mu[3]",-1.393146346,12,2,330
"12_2_est_GP_param.csv","mu[4]",2.697327796,12,2,330
"12_2_est_GP_param.csv","mu[5]",-1.6703823,12,2,330
"12_20_est_GP_param.csv","alpha",1.829826932,12,20,330
"12_20_est_GP_param.csv","rho",0.209825211,12,20,330
"12_20_est_GP_param.csv","sigma",2.712959102,12,20,330
"12_20_est_GP_param.csv","mu[1]",0.560289761,12,20,330
"12_20_est_GP_param.csv","mu[2]",2.212294231,12,20,330
"12_20_est_GP_param.csv","mu[3]",-0.882745022,12,20,330
"12_20_est_GP_param.csv","mu[4]",3.960543203,12,20,330
"12_20_est_GP_param.csv","mu[5]",1.990556058,12,20,330
"12_3_est_GP_param.csv","alpha",1.646564667,12,3,330
"12_3_est_GP_param.csv","rho",-0.604134879,12,3,330
"12_3_est_GP_param.csv","sigma",2.583791449,12,3,330
"12_3_est_GP_param.csv","mu[1]",-1.553711154,12,3,330
"12_3_est_GP_param.csv","mu[2]",0.629338502,12,3,330
"12_3_est_GP_param.csv","mu[3]",-1.325416372,12,3,330
"12_3_est_GP_param.csv","mu[4]",2.722241454,12,3,330
"12_3_est_GP_param.csv","mu[5]",0.353279259,12,3,330
"12_4_est_GP_param.csv","alpha",2.138059077,12,4,330
"12_4_est_GP_param.csv","rho",1.021164193,12,4,330
"12_4_est_GP_param.csv","sigma",2.857490739,12,4,330
"12_4_est_GP_param.csv","mu[1]",6.99050811,12,4,330
"12_4_est_GP_param.csv","mu[2]",-0.691958274,12,4,330
"12_4_est_GP_param.csv","mu[3]",0.946996676,12,4,330
"12_4_est_GP_param.csv","mu[4]",-1.535453932,12,4,330
"12_4_est_GP_param.csv","mu[5]",-2.630337824,12,4,330
"12_5_est_GP_param.csv","alpha",3.574045527,12,5,330
"12_5_est_GP_param.csv","rho",2.359221472,12,5,330
"12_5_est_GP_param.csv","sigma",2.881578389,12,5,330
"12_5_est_GP_param.csv","mu[1]",-1.276931076,12,5,330
"12_5_est_GP_param.csv","mu[2]",-1.424526851,12,5,330
"12_5_est_GP_param.csv","mu[3]",3.262383942,12,5,330
"12_5_est_GP_param.csv","mu[4]",-3.230410737,12,5,330
"12_5_est_GP_param.csv","mu[5]",1.384160713,12,5,330
"12_6_est_GP_param.csv","alpha",2.491052715,12,6,330
"12_6_est_GP_param.csv","rho",-1.725954316,12,6,330
"12_6_est_GP_param.csv","sigma",1.82908975,12,6,330
"12_6_est_GP_param.csv","mu[1]",2.363297462,12,6,330
"12_6_est_GP_param.csv","mu[2]",-2.067863545,12,6,330
"12_6_est_GP_param.csv","mu[3]",3.974930136,12,6,330
"12_6_est_GP_param.csv","mu[4]",-0.348474973,12,6,330
"12_6_est_GP_param.csv","mu[5]",-1.614639408,12,6,330
"12_7_est_GP_param.csv","alpha",2.969120878,12,7,330
"12_7_est_GP_param.csv","rho",2.342304385,12,7,330
"12_7_est_GP_param.csv","sigma",2.971142075,12,7,330
"12_7_est_GP_param.csv","mu[1]",2.899553479,12,7,330
"12_7_est_GP_param.csv","mu[2]",-2.572452277,12,7,330
"12_7_est_GP_param.csv","mu[3]",-0.096994389,12,7,330
"12_7_est_GP_param.csv","mu[4]",2.071841827,12,7,330
"12_7_est_GP_param.csv","mu[5]",-0.771478364,12,7,330
"12_8_est_GP_param.csv","alpha",2.91318434,12,8,330
"12_8_est_GP_param.csv","rho",-2.434495242,12,8,330
"12_8_est_GP_param.csv","sigma",1.587085121,12,8,330
"12_8_est_GP_param.csv","mu[1]",-0.332993922,12,8,330
"12_8_est_GP_param.csv","mu[2]",0.314446816,12,8,330
"12_8_est_GP_param.csv","mu[3]",0.932688404,12,8,330
"12_8_est_GP_param.csv","mu[4]",5.112529701,12,8,330
"12_8_est_GP_param.csv","mu[5]",0.708224482,12,8,330
"12_9_est_GP_param.csv","alpha",2.029131326,12,9,330
"12_9_est_GP_param.csv","rho",1.026384068,12,9,330
"12_9_est_GP_param.csv","sigma",3.055880265,12,9,330
"12_9_est_GP_param.csv","mu[1]",0.147255415,12,9,330
"12_9_est_GP_param.csv","mu[2]",3.041671059,12,9,330
"12_9_est_GP_param.csv","mu[3]",1.704648278,12,9,330
"12_9_est_GP_param.csv","mu[4]",-2.134706977,12,9,330
"12_9_est_GP_param.csv","mu[5]",-3.406244204,12,9,330
"2_10_est_GP_param.csv","alpha",3.120625835,2,10,330
"2_10_est_GP_param.csv","rho",-2.322806447,2,10,330
"2_10_est_GP_param.csv","sigma",1.996873145,2,10,330
"2_10_est_GP_param.csv","mu[1]",3.166598072,2,10,330
"2_10_est_GP_param.csv","mu[2]",9.055087287,2,10,330
"2_10_est_GP_param.csv","mu[3]",4.127970554,2,10,330
"2_10_est_GP_param.csv","mu[4]",-4.024280631,2,10,330
"2_10_est_GP_param.csv","mu[5]",6.084688478,2,10,330
"2_11_est_GP_param.csv","alpha",3.506442681,2,11,330
"2_11_est_GP_param.csv","rho",-2.582817133,2,11,330
"2_11_est_GP_param.csv","sigma",1.057127994,2,11,330
"2_11_est_GP_param.csv","mu[1]",-1.638415732,2,11,330
"2_11_est_GP_param.csv","mu[2]",-0.483652123,2,11,330
"2_11_est_GP_param.csv","mu[3]",-1.492417928,2,11,330
"2_11_est_GP_param.csv","mu[4]",-0.226143105,2,11,330
"2_11_est_GP_param.csv","mu[5]",3.657516156,2,11,330
"2_12_est_GP_param.csv","alpha",2.953716173,2,12,330
"2_12_est_GP_param.csv","rho",1.994532897,2,12,330
"2_12_est_GP_param.csv","sigma",3.495036347,2,12,330
"2_12_est_GP_param.csv","mu[1]",3.17007391,2,12,330
"2_12_est_GP_param.csv","mu[2]",-0.760411626,2,12,330
"2_12_est_GP_param.csv","mu[3]",-3.083771084,2,12,330
"2_12_est_GP_param.csv","mu[4]",1.984817877,2,12,330
"2_12_est_GP_param.csv","mu[5]",-0.748357854,2,12,330
"2_13_est_GP_param.csv","alpha",2.681833479,2,13,330
"2_13_est_GP_param.csv","rho",0.867657846,2,13,330
"2_13_est_GP_param.csv","sigma",3.165953555,2,13,330
"2_13_est_GP_param.csv","mu[1]",3.636574263,2,13,330
"2_13_est_GP_param.csv","mu[2]",-3.351882389,2,13,330
"2_13_est_GP_param.csv","mu[3]",-1.916088572,2,13,330
"2_13_est_GP_param.csv","mu[4]",-0.643643617,2,13,330
"2_13_est_GP_param.csv","mu[5]",1.270580871,2,13,330
"2_14_est_GP_param.csv","alpha",3.023406969,2,14,330
"2_14_est_GP_param.csv","rho",-2.50355067,2,14,330
"2_14_est_GP_param.csv","sigma",1.985153801,2,14,330
"2_14_est_GP_param.csv","mu[1]",-2.749697007,2,14,330
"2_14_est_GP_param.csv","mu[2]",3.925444415,2,14,330
"2_14_est_GP_param.csv","mu[3]",0.386129605,2,14,330
"2_14_est_GP_param.csv","mu[4]",-1.089472249,2,14,330
"2_14_est_GP_param.csv","mu[5]",0.200722337,2,14,330
"2_15_est_GP_param.csv","alpha",3.502311846,2,15,330
"2_15_est_GP_param.csv","rho",-2.600801957,2,15,330
"2_15_est_GP_param.csv","sigma",1.017962477,2,15,330
"2_15_est_GP_param.csv","mu[1]",6.31920411,2,15,330
"2_15_est_GP_param.csv","mu[2]",-2.891325194,2,15,330
"2_15_est_GP_param.csv","mu[3]",3.223106093,2,15,330
"2_15_est_GP_param.csv","mu[4]",-2.861061971,2,15,330
"2_15_est_GP_param.csv","mu[5]",1.631498951,2,15,330
"2_16_est_GP_param.csv","alpha",2.413072445,2,16,330
"2_16_est_GP_param.csv","rho",-1.958327489,2,16,330
"2_16_est_GP_param.csv","sigma",2.403478772,2,16,330
"2_16_est_GP_param.csv","mu[1]",1.016679241,2,16,330
"2_16_est_GP_param.csv","mu[2]",0.612939641,2,16,330
"2_16_est_GP_param.csv","mu[3]",-1.254190918,2,16,330
"2_16_est_GP_param.csv","mu[4]",-3.546918151,2,16,330
"2_16_est_GP_param.csv","mu[5]",2.788888092,2,16,330
"2_17_est_GP_param.csv","alpha",3.144779902,2,17,330
"2_17_est_GP_param.csv","rho",2.494844529,2,17,330
"2_17_est_GP_param.csv","sigma",3.344607273,2,17,330
"2_17_est_GP_param.csv","mu[1]",-2.983173848,2,17,330
"2_17_est_GP_param.csv","mu[2]",3.269579766,2,17,330
"2_17_est_GP_param.csv","mu[3]",-3.035172565,2,17,330
"2_17_est_GP_param.csv","mu[4]",0.153088915,2,17,330
"2_17_est_GP_param.csv","mu[5]",1.220903893,2,17,330
"2_18_est_GP_param.csv","alpha",3.299540552,2,18,330
"2_18_est_GP_param.csv","rho",-2.724475851,2,18,330
"2_18_est_GP_param.csv","sigma",1.159977408,2,18,330
"2_18_est_GP_param.csv","mu[1]",-2.364222532,2,18,330
"2_18_est_GP_param.csv","mu[2]",-0.46434585,2,18,330
"2_18_est_GP_param.csv","mu[3]",-0.514521991,2,18,330
"2_18_est_GP_param.csv","mu[4]",2.8523365,2,18,330
"2_18_est_GP_param.csv","mu[5]",-1.157720782,2,18,330
"2_19_est_GP_param.csv","alpha",2.093142805,2,19,330
"2_19_est_GP_param.csv","rho",-1.780908925,2,19,330
"2_19_est_GP_param.csv","sigma",2.983712306,2,19,330
"2_19_est_GP_param.csv","mu[1]",0.972152508,2,19,330
"2_19_est_GP_param.csv","mu[2]",-2.493097435,2,19,330
"2_19_est_GP_param.csv","mu[3]",2.267739801,2,19,330
"2_19_est_GP_param.csv","mu[4]",6.233139071,2,19,330
"2_19_est_GP_param.csv","mu[5]",-4.594271063,2,19,330
"2_2_est_GP_param.csv","alpha",2.687462684,2,2,330
"2_2_est_GP_param.csv","rho",-2.132698255,2,2,330
"2_2_est_GP_param.csv","sigma",2.549510994,2,2,330
"2_2_est_GP_param.csv","mu[1]",-0.35389021,2,2,330
"2_2_est_GP_param.csv","mu[2]",2.1771822,2,2,330
"2_2_est_GP_param.csv","mu[3]",-4.691393434,2,2,330
"2_2_est_GP_param.csv","mu[4]",-3.300546674,2,2,330
"2_2_est_GP_param.csv","mu[5]",-0.86854295,2,2,330
"2_20_est_GP_param.csv","alpha",2.951882334,2,20,330
"2_20_est_GP_param.csv","rho",-2.53848987,2,20,330
"2_20_est_GP_param.csv","sigma",2.014084443,2,20,330
"2_20_est_GP_param.csv","mu[1]",3.98652735,2,20,330
"2_20_est_GP_param.csv","mu[2]",-0.175463977,2,20,330
"2_20_est_GP_param.csv","mu[3]",-4.248490684,2,20,330
"2_20_est_GP_param.csv","mu[4]",-1.460447771,2,20,330
"2_20_est_GP_param.csv","mu[5]",0.807222465,2,20,330
"2_3_est_GP_param.csv","alpha",3.543331385,2,3,330
"2_3_est_GP_param.csv","rho",-2.596363747,2,3,330
"2_3_est_GP_param.csv","sigma",1.029184008,2,3,330
"2_3_est_GP_param.csv","mu[1]",-0.698467508,2,3,330
"2_3_est_GP_param.csv","mu[2]",5.894131234,2,3,330
"2_3_est_GP_param.csv","mu[3]",4.463801928,2,3,330
"2_3_est_GP_param.csv","mu[4]",0.916641005,2,3,330
"2_3_est_GP_param.csv","mu[5]",0.705967014,2,3,330
"2_4_est_GP_param.csv","alpha",3.52822178,2,4,330
"2_4_est_GP_param.csv","rho",-2.833769119,2,4,330
"2_4_est_GP_param.csv","sigma",0.874553667,2,4,330
"2_4_est_GP_param.csv","mu[1]",-1.569501015,2,4,330
"2_4_est_GP_param.csv","mu[2]",3.112423189,2,4,330
"2_4_est_GP_param.csv","mu[3]",0.680245225,2,4,330
"2_4_est_GP_param.csv","mu[4]",-4.790395354,2,4,330
"2_4_est_GP_param.csv","mu[5]",-1.176729213,2,4,330
"2_5_est_GP_param.csv","alpha",2.237043097,2,5,330
"2_5_est_GP_param.csv","rho",-1.819679953,2,5,330
"2_5_est_GP_param.csv","sigma",2.640148681,2,5,330
"2_5_est_GP_param.csv","mu[1]",3.023202787,2,5,330
"2_5_est_GP_param.csv","mu[2]",-0.197279497,2,5,330
"2_5_est_GP_param.csv","mu[3]",-0.558369077,2,5,330
"2_5_est_GP_param.csv","mu[4]",4.294645819,2,5,330
"2_5_est_GP_param.csv","mu[5]",-0.160266063,2,5,330
"2_6_est_GP_param.csv","alpha",2.740461876,2,6,330
"2_6_est_GP_param.csv","rho",-1.960858672,2,6,330
"2_6_est_GP_param.csv","sigma",1.631039683,2,6,330
"2_6_est_GP_param.csv","mu[1]",-0.820794796,2,6,330
"2_6_est_GP_param.csv","mu[2]",-2.31692044,2,6,330
"2_6_est_GP_param.csv","mu[3]",2.123862322,2,6,330
"2_6_est_GP_param.csv","mu[4]",-2.039457943,2,6,330
"2_6_est_GP_param.csv","mu[5]",2.227448895,2,6,330
"2_7_est_GP_param.csv","alpha",2.54616695,2,7,330
"2_7_est_GP_param.csv","rho",-2.077460446,2,7,330
"2_7_est_GP_param.csv","sigma",2.449173379,2,7,330
"2_7_est_GP_param.csv","mu[1]",1.894125787,2,7,330
"2_7_est_GP_param.csv","mu[2]",7.958295691,2,7,330
"2_7_est_GP_param.csv","mu[3]",-0.864147195,2,7,330
"2_7_est_GP_param.csv","mu[4]",3.162384199,2,7,330
"2_7_est_GP_param.csv","mu[5]",5.334225999,2,7,330
"2_8_est_GP_param.csv","alpha",3.453801633,2,8,330
"2_8_est_GP_param.csv","rho",-2.762324783,2,8,330
"2_8_est_GP_param.csv","sigma",1.079347086,2,8,330
"2_8_est_GP_param.csv","mu[1]",-2.802695372,2,8,330
"2_8_est_GP_param.csv","mu[2]",3.653204339,2,8,330
"2_8_est_GP_param.csv","mu[3]",0.781854476,2,8,330
"2_8_est_GP_param.csv","mu[4]",0.705541745,2,8,330
"2_8_est_GP_param.csv","mu[5]",2.730036017,2,8,330
"2_9_est_GP_param.csv","alpha",2.820117064,2,9,330
"2_9_est_GP_param.csv","rho",-2.464443782,2,9,330
"2_9_est_GP_param.csv","sigma",2.228560649,2,9,330
"2_9_est_GP_param.csv","mu[1]",-2.370979549,2,9,330
"2_9_est_GP_param.csv","mu[2]",-0.423000611,2,9,330
"2_9_est_GP_param.csv","mu[3]",-0.75796786,2,9,330
"2_9_est_GP_param.csv","mu[4]",-3.703769358,2,9,330
"2_9_est_GP_param.csv","mu[5]",0.749293907,2,9,330
"3_10_est_GP_param.csv","alpha",2.661040409,3,10,330
"3_10_est_GP_param.csv","rho",-1.684056685,3,10,330
"3_10_est_GP_param.csv","sigma",2.569912132,3,10,330
"3_10_est_GP_param.csv","mu[1]",-2.08795889,3,10,330
"3_10_est_GP_param.csv","mu[2]",2.037586839,3,10,330
"3_10_est_GP_param.csv","mu[3]",2.777310333,3,10,330
"3_10_est_GP_param.csv","mu[4]",-0.435729033,3,10,330
"3_10_est_GP_param.csv","mu[5]",2.630802819,3,10,330
"3_11_est_GP_param.csv","alpha",2.384547509,3,11,330
"3_11_est_GP_param.csv","rho",-1.52111475,3,11,330
"3_11_est_GP_param.csv","sigma",2.619835978,3,11,330
"3_11_est_GP_param.csv","mu[1]",-0.365538685,3,11,330
"3_11_est_GP_param.csv","mu[2]",-2.284265168,3,11,330
"3_11_est_GP_param.csv","mu[3]",-4.633396643,3,11,330
"3_11_est_GP_param.csv","mu[4]",1.877655708,3,11,330
"3_11_est_GP_param.csv","mu[5]",-3.531141766,3,11,330
"3_12_est_GP_param.csv","alpha",2.418365437,3,12,330
"3_12_est_GP_param.csv","rho",-1.886001588,3,12,330
"3_12_est_GP_param.csv","sigma",2.536735123,3,12,330
"3_12_est_GP_param.csv","mu[1]",5.166204093,3,12,330
"3_12_est_GP_param.csv","mu[2]",1.270966375,3,12,330
"3_12_est_GP_param.csv","mu[3]",1.305652953,3,12,330
"3_12_est_GP_param.csv","mu[4]",3.833792885,3,12,330
"3_12_est_GP_param.csv","mu[5]",-1.13880929,3,12,330
"3_13_est_GP_param.csv","alpha",2.224315246,3,13,330
"3_13_est_GP_param.csv","rho",-1.675056025,3,13,330
"3_13_est_GP_param.csv","sigma",2.810852175,3,13,330
"3_13_est_GP_param.csv","mu[1]",-2.164728874,3,13,330
"3_13_est_GP_param.csv","mu[2]",-2.536000456,3,13,330
"3_13_est_GP_param.csv","mu[3]",0.010661628,3,13,330
"3_13_est_GP_param.csv","mu[4]",1.881869953,3,13,330
"3_13_est_GP_param.csv","mu[5]",-0.459043156,3,13,330
"3_14_est_GP_param.csv","alpha",3.118076351,3,14,330
"3_14_est_GP_param.csv","rho",-2.742449315,3,14,330
"3_14_est_GP_param.csv","sigma",1.665097523,3,14,330
"3_14_est_GP_param.csv","mu[1]",-4.250479082,3,14,330
"3_14_est_GP_param.csv","mu[2]",-1.375782424,3,14,330
"3_14_est_GP_param.csv","mu[3]",0.6716213,3,14,330
"3_14_est_GP_param.csv","mu[4]",-3.318967335,3,14,330
"3_14_est_GP_param.csv","mu[5]",5.146232465,3,14,330
"3_15_est_GP_param.csv","alpha",3.019483043,3,15,330
"3_15_est_GP_param.csv","rho",-2.217301683,3,15,330
"3_15_est_GP_param.csv","sigma",1.708272314,3,15,330
"3_15_est_GP_param.csv","mu[1]",-0.176215399,3,15,330
"3_15_est_GP_param.csv","mu[2]",4.621111717,3,15,330
"3_15_est_GP_param.csv","mu[3]",-1.807948905,3,15,330
"3_15_est_GP_param.csv","mu[4]",0.697329926,3,15,330
"3_15_est_GP_param.csv","mu[5]",5.797359649,3,15,330
"3_16_est_GP_param.csv","alpha",2.463553531,3,16,330
"3_16_est_GP_param.csv","rho",-1.319501332,3,16,330
"3_16_est_GP_param.csv","sigma",2.990990688,3,16,330
"3_16_est_GP_param.csv","mu[1]",-0.050751434,3,16,330
"3_16_est_GP_param.csv","mu[2]",2.277944757,3,16,330
"3_16_est_GP_param.csv","mu[3]",0.92028975,3,16,330
"3_16_est_GP_param.csv","mu[4]",-0.028167495,3,16,330
"3_16_est_GP_param.csv","mu[5]",-2.140768014,3,16,330
"3_17_est_GP_param.csv","alpha",2.898209475,3,17,330
"3_17_est_GP_param.csv","rho",-1.874828578,3,17,330
"3_17_est_GP_param.csv","sigma",2.369443832,3,17,330
"3_17_est_GP_param.csv","mu[1]",-1.204142522,3,17,330
"3_17_est_GP_param.csv","mu[2]",3.825660006,3,17,330
"3_17_est_GP_param.csv","mu[3]",-2.360381071,3,17,330
"3_17_est_GP_param.csv","mu[4]",1.823254664,3,17,330
"3_17_est_GP_param.csv","mu[5]",-0.89786695,3,17,330
"3_18_est_GP_param.csv","alpha",2.387168414,3,18,330
"3_18_est_GP_param.csv","rho",-1.091712988,3,18,330
"3_18_est_GP_param.csv","sigma",2.899513052,3,18,330
"3_18_est_GP_param.csv","mu[1]",2.079111266,3,18,330
"3_18_est_GP_param.csv","mu[2]",4.991463181,3,18,330
"3_18_est_GP_param.csv","mu[3]",2.077606435,3,18,330
"3_18_est_GP_param.csv","mu[4]",1.199380871,3,18,330
"3_18_est_GP_param.csv","mu[5]",0.648311065,3,18,330
"3_19_est_GP_param.csv","alpha",3.385706954,3,19,330
"3_19_est_GP_param.csv","rho",-2.79020421,3,19,330
"3_19_est_GP_param.csv","sigma",1.294193113,3,19,330
"3_19_est_GP_param.csv","mu[1]",-0.989052367,3,19,330
"3_19_est_GP_param.csv","mu[2]",4.93268386,3,19,330
"3_19_est_GP_param.csv","mu[3]",0.583706939,3,19,330
"3_19_est_GP_param.csv","mu[4]",-2.145159211,3,19,330
"3_19_est_GP_param.csv","mu[5]",-3.81325667,3,19,330
"3_2_est_GP_param.csv","alpha",2.077517345,3,2,330
"3_2_est_GP_param.csv","rho",-0.00816064,3,2,330
"3_2_est_GP_param.csv","sigma",3.347513593,3,2,330
"3_2_est_GP_param.csv","mu[1]",-0.735308658,3,2,330
"3_2_est_GP_param.csv","mu[2]",4.75095768,3,2,330
"3_2_est_GP_param.csv","mu[3]",-2.524370624,3,2,330
"3_2_est_GP_param.csv","mu[4]",-0.655081224,3,2,330
"3_2_est_GP_param.csv","mu[5]",2.096529916,3,2,330
"3_20_est_GP_param.csv","alpha",2.679467093,3,20,330
"3_20_est_GP_param.csv","rho",-1.817953368,3,20,330
"3_20_est_GP_param.csv","sigma",2.195852279,3,20,330
"3_20_est_GP_param.csv","mu[1]",-0.193153659,3,20,330
"3_20_est_GP_param.csv","mu[2]",-1.723135479,3,20,330
"3_20_est_GP_param.csv","mu[3]",0.186968982,3,20,330
"3_20_est_GP_param.csv","mu[4]",7.35754226,3,20,330
"3_20_est_GP_param.csv","mu[5]",4.038593619,3,20,330
"3_3_est_GP_param.csv","alpha",2.517817371,3,3,330
"3_3_est_GP_param.csv","rho",-1.469680569,3,3,330
"3_3_est_GP_param.csv","sigma",2.523143883,3,3,330
"3_3_est_GP_param.csv","mu[1]",2.563927529,3,3,330
"3_3_est_GP_param.csv","mu[2]",-3.049675075,3,3,330
"3_3_est_GP_param.csv","mu[3]",-1.660856592,3,3,330
"3_3_est_GP_param.csv","mu[4]",-2.277392717,3,3,330
"3_3_est_GP_param.csv","mu[5]",-3.244432158,3,3,330
"3_4_est_GP_param.csv","alpha",2.467491672,3,4,330
"3_4_est_GP_param.csv","rho",-1.322970338,3,4,330
"3_4_est_GP_param.csv","sigma",2.427156675,3,4,330
"3_4_est_GP_param.csv","mu[1]",5.99415388,3,4,330
"3_4_est_GP_param.csv","mu[2]",-0.537634641,3,4,330
"3_4_est_GP_param.csv","mu[3]",4.692073111,3,4,330
"3_4_est_GP_param.csv","mu[4]",-0.61828946,3,4,330
"3_4_est_GP_param.csv","mu[5]",-2.357730342,3,4,330
"3_5_est_GP_param.csv","alpha",3.533558681,3,5,330
"3_5_est_GP_param.csv","rho",2.38809973,3,5,330
"3_5_est_GP_param.csv","sigma",3.533553985,3,5,330
"3_5_est_GP_param.csv","mu[1]",1.942014136,3,5,330
"3_5_est_GP_param.csv","mu[2]",-0.412426072,3,5,330
"3_5_est_GP_param.csv","mu[3]",-2.898623909,3,5,330
"3_5_est_GP_param.csv","mu[4]",3.814673015,3,5,330
"3_5_est_GP_param.csv","mu[5]",-2.350058761,3,5,330
"3_6_est_GP_param.csv","alpha",2.333160736,3,6,330
"3_6_est_GP_param.csv","rho",-1.784855385,3,6,330
"3_6_est_GP_param.csv","sigma",2.273480194,3,6,330
"3_6_est_GP_param.csv","mu[1]",1.334879084,3,6,330
"3_6_est_GP_param.csv","mu[2]",-3.497110191,3,6,330
"3_6_est_GP_param.csv","mu[3]",2.341668265,3,6,330
"3_6_est_GP_param.csv","mu[4]",3.212372486,3,6,330
"3_6_est_GP_param.csv","mu[5]",-2.421551169,3,6,330
"3_7_est_GP_param.csv","alpha",2.638252544,3,7,330
"3_7_est_GP_param.csv","rho",-2.192703678,3,7,330
"3_7_est_GP_param.csv","sigma",2.129710736,3,7,330
"3_7_est_GP_param.csv","mu[1]",3.878078132,3,7,330
"3_7_est_GP_param.csv","mu[2]",-4.462446453,3,7,330
"3_7_est_GP_param.csv","mu[3]",4.289868432,3,7,330
"3_7_est_GP_param.csv","mu[4]",2.897041845,3,7,330
"3_7_est_GP_param.csv","mu[5]",3.10991096,3,7,330
"3_8_est_GP_param.csv","alpha",2.441225011,3,8,330
"3_8_est_GP_param.csv","rho",-1.34216428,3,8,330
"3_8_est_GP_param.csv","sigma",2.956151735,3,8,330
"3_8_est_GP_param.csv","mu[1]",0.804859738,3,8,330
"3_8_est_GP_param.csv","mu[2]",5.278210103,3,8,330
"3_8_est_GP_param.csv","mu[3]",2.341183521,3,8,330
"3_8_est_GP_param.csv","mu[4]",0.333190335,3,8,330
"3_8_est_GP_param.csv","mu[5]",7.240338648,3,8,330
"3_9_est_GP_param.csv","alpha",2.435569514,3,9,330
"3_9_est_GP_param.csv","rho",-1.747821295,3,9,330
"3_9_est_GP_param.csv","sigma",2.67220095,3,9,330
"3_9_est_GP_param.csv","mu[1]",-3.477032198,3,9,330
"3_9_est_GP_param.csv","mu[2]",-1.69213123,3,9,330
"3_9_est_GP_param.csv","mu[3]",-1.475018801,3,9,330
"3_9_est_GP_param.csv","mu[4]",-2.18293492,3,9,330
"3_9_est_GP_param.csv","mu[5]",-2.885491336,3,9,330
"4_10_est_GP_param.csv","alpha",2.770351484,4,10,330
"4_10_est_GP_param.csv","rho",-0.700332563,4,10,330
"4_10_est_GP_param.csv","sigma",2.889093223,4,10,330
"4_10_est_GP_param.csv","mu[1]",3.603474046,4,10,330
"4_10_est_GP_param.csv","mu[2]",-0.836660474,4,10,330
"4_10_est_GP_param.csv","mu[3]",0.954154281,4,10,330
"4_10_est_GP_param.csv","mu[4]",1.380509617,4,10,330
"4_10_est_GP_param.csv","mu[5]",1.816297581,4,10,330
"4_11_est_GP_param.csv","alpha",2.33987955,4,11,330
"4_11_est_GP_param.csv","rho",-1.015943576,4,11,330
"4_11_est_GP_param.csv","sigma",2.852884494,4,11,330
"4_11_est_GP_param.csv","mu[1]",2.117315262,4,11,330
"4_11_est_GP_param.csv","mu[2]",0.103082908,4,11,330
"4_11_est_GP_param.csv","mu[3]",-2.730890762,4,11,330
"4_11_est_GP_param.csv","mu[4]",1.550970105,4,11,330
"4_11_est_GP_param.csv","mu[5]",3.248032504,4,11,330
"4_12_est_GP_param.csv","alpha",2.427975755,4,12,330
"4_12_est_GP_param.csv","rho",-0.61490779,4,12,330
"4_12_est_GP_param.csv","sigma",2.966950987,4,12,330
"4_12_est_GP_param.csv","mu[1]",-0.475367602,4,12,330
"4_12_est_GP_param.csv","mu[2]",2.983584104,4,12,330
"4_12_est_GP_param.csv","mu[3]",0.832622988,4,12,330
"4_12_est_GP_param.csv","mu[4]",0.740112706,4,12,330
"4_12_est_GP_param.csv","mu[5]",-0.525417832,4,12,330
"4_13_est_GP_param.csv","alpha",2.378884134,4,13,330
"4_13_est_GP_param.csv","rho",-1.255453437,4,13,330
"4_13_est_GP_param.csv","sigma",2.764841679,4,13,330
"4_13_est_GP_param.csv","mu[1]",-1.210423362,4,13,330
"4_13_est_GP_param.csv","mu[2]",3.562141017,4,13,330
"4_13_est_GP_param.csv","mu[3]",0.272327466,4,13,330
"4_13_est_GP_param.csv","mu[4]",-2.715156731,4,13,330
"4_13_est_GP_param.csv","mu[5]",3.897501753,4,13,330
"4_14_est_GP_param.csv","alpha",2.637458539,4,14,330
"4_14_est_GP_param.csv","rho",-1.065702966,4,14,330
"4_14_est_GP_param.csv","sigma",2.966093531,4,14,330
"4_14_est_GP_param.csv","mu[1]",-2.445998107,4,14,330
"4_14_est_GP_param.csv","mu[2]",-1.251726785,4,14,330
"4_14_est_GP_param.csv","mu[3]",3.41626257,4,14,330
"4_14_est_GP_param.csv","mu[4]",-1.27704115,4,14,330
"4_14_est_GP_param.csv","mu[5]",4.251104071,4,14,330
"4_15_est_GP_param.csv","alpha",4.042812736,4,15,330
"4_15_est_GP_param.csv","rho",0.754624745,4,15,330
"4_15_est_GP_param.csv","sigma",3.114717366,4,15,330
"4_15_est_GP_param.csv","mu[1]",-4.015005283,4,15,330
"4_15_est_GP_param.csv","mu[2]",2.102791532,4,15,330
"4_15_est_GP_param.csv","mu[3]",-2.040533037,4,15,330
"4_15_est_GP_param.csv","mu[4]",1.55958694,4,15,330
"4_15_est_GP_param.csv","mu[5]",1.417941596,4,15,330
"4_16_est_GP_param.csv","alpha",1.870232275,4,16,330
"4_16_est_GP_param.csv","rho",-0.355205968,4,16,330
"4_16_est_GP_param.csv","sigma",3.187304645,4,16,330
"4_16_est_GP_param.csv","mu[1]",2.15447792,4,16,330
"4_16_est_GP_param.csv","mu[2]",0.316333509,4,16,330
"4_16_est_GP_param.csv","mu[3]",2.530429874,4,16,330
"4_16_est_GP_param.csv","mu[4]",0.201132436,4,16,330
"4_16_est_GP_param.csv","mu[5]",-0.634599678,4,16,330
"4_17_est_GP_param.csv","alpha",2.484493782,4,17,330
"4_17_est_GP_param.csv","rho",-1.581393135,4,17,330
"4_17_est_GP_param.csv","sigma",2.307708294,4,17,330
"4_17_est_GP_param.csv","mu[1]",-2.51644401,4,17,330
"4_17_est_GP_param.csv","mu[2]",-2.416209478,4,17,330
"4_17_est_GP_param.csv","mu[3]",-1.189599036,4,17,330
"4_17_est_GP_param.csv","mu[4]",0.474247902,4,17,330
"4_17_est_GP_param.csv","mu[5]",-1.881144113,4,17,330
"4_18_est_GP_param.csv","alpha",1.84562964,4,18,330
"4_18_est_GP_param.csv","rho",-0.575616846,4,18,330
"4_18_est_GP_param.csv","sigma",2.806425829,4,18,330
"4_18_est_GP_param.csv","mu[1]",-0.851732595,4,18,330
"4_18_est_GP_param.csv","mu[2]",0.30408706,4,18,330
"4_18_est_GP_param.csv","mu[3]",2.25141043,4,18,330
"4_18_est_GP_param.csv","mu[4]",-2.75259345,4,18,330
"4_18_est_GP_param.csv","mu[5]",0.889438047,4,18,330
"4_19_est_GP_param.csv","alpha",2.289343451,4,19,330
"4_19_est_GP_param.csv","rho",-0.69177942,4,19,330
"4_19_est_GP_param.csv","sigma",2.805067649,4,19,330
"4_19_est_GP_param.csv","mu[1]",-3.233633361,4,19,330
"4_19_est_GP_param.csv","mu[2]",0.911980933,4,19,330
"4_19_est_GP_param.csv","mu[3]",1.091238384,4,19,330
"4_19_est_GP_param.csv","mu[4]",-1.319531784,4,19,330
"4_19_est_GP_param.csv","mu[5]",-2.327113736,4,19,330
"4_2_est_GP_param.csv","alpha",2.189993132,4,2,330
"4_2_est_GP_param.csv","rho",-0.066178968,4,2,330
"4_2_est_GP_param.csv","sigma",3.070269694,4,2,330
"4_2_est_GP_param.csv","mu[1]",2.43611214,4,2,330
"4_2_est_GP_param.csv","mu[2]",-3.058860856,4,2,330
"4_2_est_GP_param.csv","mu[3]",-3.484050225,4,2,330
"4_2_est_GP_param.csv","mu[4]",-0.26512195,4,2,330
"4_2_est_GP_param.csv","mu[5]",-0.002972018,4,2,330
"4_20_est_GP_param.csv","alpha",2.479091549,4,20,330
"4_20_est_GP_param.csv","rho",-0.437791535,4,20,330
"4_20_est_GP_param.csv","sigma",2.968235585,4,20,330
"4_20_est_GP_param.csv","mu[1]",0.194210885,4,20,330
"4_20_est_GP_param.csv","mu[2]",0.264860243,4,20,330
"4_20_est_GP_param.csv","mu[3]",-0.08792584,4,20,330
"4_20_est_GP_param.csv","mu[4]",1.282729483,4,20,330
"4_20_est_GP_param.csv","mu[5]",-2.166091739,4,20,330
"4_3_est_GP_param.csv","alpha",2.453818908,4,3,330
"4_3_est_GP_param.csv","rho",0.832529431,4,3,330
"4_3_est_GP_param.csv","sigma",3.379731277,4,3,330
"4_3_est_GP_param.csv","mu[1]",-3.646887623,4,3,330
"4_3_est_GP_param.csv","mu[2]",-1.18108456,4,3,330
"4_3_est_GP_param.csv","mu[3]",-3.036202934,4,3,330
"4_3_est_GP_param.csv","mu[4]",1.969081217,4,3,330
"4_3_est_GP_param.csv","mu[5]",-3.098532143,4,3,330
"4_4_est_GP_param.csv","alpha",2.907790749,4,4,330
"4_4_est_GP_param.csv","rho",-0.582747491,4,4,330
"4_4_est_GP_param.csv","sigma",2.908423064,4,4,330
"4_4_est_GP_param.csv","mu[1]",-1.012164027,4,4,330
"4_4_est_GP_param.csv","mu[2]",3.959703003,4,4,330
"4_4_est_GP_param.csv","mu[3]",-0.241769032,4,4,330
"4_4_est_GP_param.csv","mu[4]",-4.689498114,4,4,330
"4_4_est_GP_param.csv","mu[5]",-3.348167009,4,4,330
"4_5_est_GP_param.csv","alpha",2.197033707,4,5,330
"4_5_est_GP_param.csv","rho",-0.628149314,4,5,330
"4_5_est_GP_param.csv","sigma",2.96830249,4,5,330
"4_5_est_GP_param.csv","mu[1]",3.077577462,4,5,330
"4_5_est_GP_param.csv","mu[2]",1.883438497,4,5,330
"4_5_est_GP_param.csv","mu[3]",-3.475060796,4,5,330
"4_5_est_GP_param.csv","mu[4]",-1.138101021,4,5,330
"4_5_est_GP_param.csv","mu[5]",-0.2151874,4,5,330
"4_6_est_GP_param.csv","alpha",2.050088207,4,6,330
"4_6_est_GP_param.csv","rho",-1.032508053,4,6,330
"4_6_est_GP_param.csv","sigma",2.645479611,4,6,330
"4_6_est_GP_param.csv","mu[1]",1.058029076,4,6,330
"4_6_est_GP_param.csv","mu[2]",1.960070268,4,6,330
"4_6_est_GP_param.csv","mu[3]",-3.321501462,4,6,330
"4_6_est_GP_param.csv","mu[4]",-0.805656132,4,6,330
"4_6_est_GP_param.csv","mu[5]",-1.708002934,4,6,330
"4_7_est_GP_param.csv","alpha",1.955873958,4,7,330
"4_7_est_GP_param.csv","rho",-0.290387181,4,7,330
"4_7_est_GP_param.csv","sigma",3.024990861,4,7,330
"4_7_est_GP_param.csv","mu[1]",3.552604411,4,7,330
"4_7_est_GP_param.csv","mu[2]",-1.659266445,4,7,330
"4_7_est_GP_param.csv","mu[3]",-3.083758238,4,7,330
"4_7_est_GP_param.csv","mu[4]",-3.353097458,4,7,330
"4_7_est_GP_param.csv","mu[5]",-1.268851681,4,7,330
"4_8_est_GP_param.csv","alpha",2.491615418,4,8,330
"4_8_est_GP_param.csv","rho",-0.627475788,4,8,330
"4_8_est_GP_param.csv","sigma",2.728366707,4,8,330
"4_8_est_GP_param.csv","mu[1]",1.400743771,4,8,330
"4_8_est_GP_param.csv","mu[2]",2.4596708,4,8,330
"4_8_est_GP_param.csv","mu[3]",9.716304572,4,8,330
"4_8_est_GP_param.csv","mu[4]",2.235552019,4,8,330
"4_8_est_GP_param.csv","mu[5]",-2.042389572,4,8,330
"4_9_est_GP_param.csv","alpha",2.54445522,4,9,330
"4_9_est_GP_param.csv","rho",-0.209208267,4,9,330
"4_9_est_GP_param.csv","sigma",3.085157662,4,9,330
"4_9_est_GP_param.csv","mu[1]",3.448915069,4,9,330
"4_9_est_GP_param.csv","mu[2]",4.853684405,4,9,330
"4_9_est_GP_param.csv","mu[3]",-2.193303534,4,9,330
"4_9_est_GP_param.csv","mu[4]",-4.110184047,4,9,330
"4_9_est_GP_param.csv","mu[5]",-4.349401881,4,9,330
"5_10_est_GP_param.csv","alpha",2.302898906,5,10,330
"5_10_est_GP_param.csv","rho",-0.836387891,5,10,330
"5_10_est_GP_param.csv","sigma",2.689516683,5,10,330
"5_10_est_GP_param.csv","mu[1]",2.038596969,5,10,330
"5_10_est_GP_param.csv","mu[2]",0.93647415,5,10,330
"5_10_est_GP_param.csv","mu[3]",-4.263067882,5,10,330
"5_10_est_GP_param.csv","mu[4]",0.298877522,5,10,330
"5_10_est_GP_param.csv","mu[5]",2.779962974,5,10,330
"5_11_est_GP_param.csv","alpha",2.604550596,5,11,330
"5_11_est_GP_param.csv","rho",-0.184258162,5,11,330
"5_11_est_GP_param.csv","sigma",2.918700657,5,11,330
"5_11_est_GP_param.csv","mu[1]",1.991558525,5,11,330
"5_11_est_GP_param.csv","mu[2]",-0.95469057,5,11,330
"5_11_est_GP_param.csv","mu[3]",-0.724306755,5,11,330
"5_11_est_GP_param.csv","mu[4]",6.539525532,5,11,330
"5_11_est_GP_param.csv","mu[5]",-0.293114325,5,11,330
"5_12_est_GP_param.csv","alpha",2.073809711,5,12,330
"5_12_est_GP_param.csv","rho",-0.592114178,5,12,330
"5_12_est_GP_param.csv","sigma",2.832206365,5,12,330
"5_12_est_GP_param.csv","mu[1]",-2.621505298,5,12,330
"5_12_est_GP_param.csv","mu[2]",0.769430123,5,12,330
"5_12_est_GP_param.csv","mu[3]",-0.908519613,5,12,330
"5_12_est_GP_param.csv","mu[4]",1.094810264,5,12,330
"5_12_est_GP_param.csv","mu[5]",2.717648934,5,12,330
"5_13_est_GP_param.csv","alpha",2.325267458,5,13,330
"5_13_est_GP_param.csv","rho",0.24847255,5,13,330
"5_13_est_GP_param.csv","sigma",3.108724033,5,13,330
"5_13_est_GP_param.csv","mu[1]",1.376270947,5,13,330
"5_13_est_GP_param.csv","mu[2]",-0.625765256,5,13,330
"5_13_est_GP_param.csv","mu[3]",1.099672266,5,13,330
"5_13_est_GP_param.csv","mu[4]",1.3122435,5,13,330
"5_13_est_GP_param.csv","mu[5]",0.324839161,5,13,330
"5_14_est_GP_param.csv","alpha",2.030525711,5,14,330
"5_14_est_GP_param.csv","rho",-0.459166663,5,14,330
"5_14_est_GP_param.csv","sigma",2.927886221,5,14,330
"5_14_est_GP_param.csv","mu[1]",3.844713292,5,14,330
"5_14_est_GP_param.csv","mu[2]",-2.762552722,5,14,330
"5_14_est_GP_param.csv","mu[3]",3.523782746,5,14,330
"5_14_est_GP_param.csv","mu[4]",1.358273932,5,14,330
"5_14_est_GP_param.csv","mu[5]",-0.241105785,5,14,330
"5_15_est_GP_param.csv","alpha",2.354957851,5,15,330
"5_15_est_GP_param.csv","rho",-0.423531876,5,15,330
"5_15_est_GP_param.csv","sigma",2.80242771,5,15,330
"5_15_est_GP_param.csv","mu[1]",-1.693563377,5,15,330
"5_15_est_GP_param.csv","mu[2]",-3.945218133,5,15,330
"5_15_est_GP_param.csv","mu[3]",-4.427433494,5,15,330
"5_15_est_GP_param.csv","mu[4]",-2.620009188,5,15,330
"5_15_est_GP_param.csv","mu[5]",-2.85175684,5,15,330
"5_16_est_GP_param.csv","alpha",2.370683462,5,16,330
"5_16_est_GP_param.csv","rho",-0.139682581,5,16,330
"5_16_est_GP_param.csv","sigma",2.820134819,5,16,330
"5_16_est_GP_param.csv","mu[1]",0.584710044,5,16,330
"5_16_est_GP_param.csv","mu[2]",1.566800999,5,16,330
"5_16_est_GP_param.csv","mu[3]",-4.245977081,5,16,330
"5_16_est_GP_param.csv","mu[4]",0.244010642,5,16,330
"5_16_est_GP_param.csv","mu[5]",3.106086425,5,16,330
"5_17_est_GP_param.csv","alpha",2.077546792,5,17,330
"5_17_est_GP_param.csv","rho",-0.134343014,5,17,330
"5_17_est_GP_param.csv","sigma",2.986783362,5,17,330
"5_17_est_GP_param.csv","mu[1]",-1.638785056,5,17,330
"5_17_est_GP_param.csv","mu[2]",-0.552798298,5,17,330
"5_17_est_GP_param.csv","mu[3]",1.894092119,5,17,330
"5_17_est_GP_param.csv","mu[4]",-0.707938268,5,17,330
"5_17_est_GP_param.csv","mu[5]",-4.304396407,5,17,330
"5_18_est_GP_param.csv","alpha",2.302777511,5,18,330
"5_18_est_GP_param.csv","rho",-0.624304851,5,18,330
"5_18_est_GP_param.csv","sigma",2.84165828,5,18,330
"5_18_est_GP_param.csv","mu[1]",-1.105611352,5,18,330
"5_18_est_GP_param.csv","mu[2]",0.832812698,5,18,330
"5_18_est_GP_param.csv","mu[3]",-0.846745012,5,18,330
"5_18_est_GP_param.csv","mu[4]",3.365471263,5,18,330
"5_18_est_GP_param.csv","mu[5]",1.549897086,5,18,330
"5_19_est_GP_param.csv","alpha",1.609283955,5,19,330
"5_19_est_GP_param.csv","rho",-0.477358,5,19,330
"5_19_est_GP_param.csv","sigma",2.870204525,5,19,330
"5_19_est_GP_param.csv","mu[1]",1.637497752,5,19,330
"5_19_est_GP_param.csv","mu[2]",-0.90339572,5,19,330
"5_19_est_GP_param.csv","mu[3]",-0.551160471,5,19,330
"5_19_est_GP_param.csv","mu[4]",-0.282797935,5,19,330
"5_19_est_GP_param.csv","mu[5]",3.365101457,5,19,330
"5_2_est_GP_param.csv","alpha",2.00005643,5,2,330
"5_2_est_GP_param.csv","rho",-0.187424059,5,2,330
"5_2_est_GP_param.csv","sigma",3.080824667,5,2,330
"5_2_est_GP_param.csv","mu[1]",-0.285527157,5,2,330
"5_2_est_GP_param.csv","mu[2]",4.696153155,5,2,330
"5_2_est_GP_param.csv","mu[3]",0.826060788,5,2,330
"5_2_est_GP_param.csv","mu[4]",4.634687477,5,2,330
"5_2_est_GP_param.csv","mu[5]",2.632752255,5,2,330
"5_20_est_GP_param.csv","alpha",2.209501192,5,20,330
"5_20_est_GP_param.csv","rho",-0.357680798,5,20,330
"5_20_est_GP_param.csv","sigma",3.014929427,5,20,330
"5_20_est_GP_param.csv","mu[1]",1.10083012,5,20,330
"5_20_est_GP_param.csv","mu[2]",0.507821593,5,20,330
"5_20_est_GP_param.csv","mu[3]",-0.496344293,5,20,330
"5_20_est_GP_param.csv","mu[4]",3.684365603,5,20,330
"5_20_est_GP_param.csv","mu[5]",-0.562459156,5,20,330
"5_3_est_GP_param.csv","alpha",2.296052183,5,3,330
"5_3_est_GP_param.csv","rho",-0.083649401,5,3,330
"5_3_est_GP_param.csv","sigma",3.063991464,5,3,330
"5_3_est_GP_param.csv","mu[1]",-0.37273823,5,3,330
"5_3_est_GP_param.csv","mu[2]",2.031775265,5,3,330
"5_3_est_GP_param.csv","mu[3]",1.362967986,5,3,330
"5_3_est_GP_param.csv","mu[4]",-3.347221207,5,3,330
"5_3_est_GP_param.csv","mu[5]",3.292684921,5,3,330
"5_4_est_GP_param.csv","alpha",2.4106653,5,4,330
"5_4_est_GP_param.csv","rho",-0.5061904,5,4,330
"5_4_est_GP_param.csv","sigma",2.758205746,5,4,330
"5_4_est_GP_param.csv","mu[1]",5.975598434,5,4,330
"5_4_est_GP_param.csv","mu[2]",0.848524379,5,4,330
"5_4_est_GP_param.csv","mu[3]",-4.297988918,5,4,330
"5_4_est_GP_param.csv","mu[4]",-3.822628837,5,4,330
"5_4_est_GP_param.csv","mu[5]",-2.301335722,5,4,330
"5_5_est_GP_param.csv","alpha",2.506146061,5,5,330
"5_5_est_GP_param.csv","rho",-0.454871331,5,5,330
"5_5_est_GP_param.csv","sigma",2.791543365,5,5,330
"5_5_est_GP_param.csv","mu[1]",-0.45372787,5,5,330
"5_5_est_GP_param.csv","mu[2]",0.632032864,5,5,330
"5_5_est_GP_param.csv","mu[3]",2.412000156,5,5,330
"5_5_est_GP_param.csv","mu[4]",3.432403527,5,5,330
"5_5_est_GP_param.csv","mu[5]",-0.613537518,5,5,330
"5_6_est_GP_param.csv","alpha",2.524386703,5,6,330
"5_6_est_GP_param.csv","rho",0.117778012,5,6,330
"5_6_est_GP_param.csv","sigma",3.189378139,5,6,330
"5_6_est_GP_param.csv","mu[1]",-3.363234692,5,6,330
"5_6_est_GP_param.csv","mu[2]",2.290354858,5,6,330
"5_6_est_GP_param.csv","mu[3]",2.150240485,5,6,330
"5_6_est_GP_param.csv","mu[4]",0.150648498,5,6,330
"5_6_est_GP_param.csv","mu[5]",-2.321644257,5,6,330
"5_7_est_GP_param.csv","alpha",2.423463353,5,7,330
"5_7_est_GP_param.csv","rho",-0.357091253,5,7,330
"5_7_est_GP_param.csv","sigma",2.988197702,5,7,330
"5_7_est_GP_param.csv","mu[1]",-1.769524187,5,7,330
"5_7_est_GP_param.csv","mu[2]",-1.68520855,5,7,330
"5_7_est_GP_param.csv","mu[3]",5.040103869,5,7,330
"5_7_est_GP_param.csv","mu[4]",0.717232579,5,7,330
"5_7_est_GP_param.csv","mu[5]",2.38606791,5,7,330
"5_8_est_GP_param.csv","alpha",2.268044958,5,8,330
"5_8_est_GP_param.csv","rho",-0.798494978,5,8,330
"5_8_est_GP_param.csv","sigma",2.784044753,5,8,330
"5_8_est_GP_param.csv","mu[1]",0.579408421,5,8,330
"5_8_est_GP_param.csv","mu[2]",0.238357046,5,8,330
"5_8_est_GP_param.csv","mu[3]",-0.75660259,5,8,330
"5_8_est_GP_param.csv","mu[4]",-1.962596247,5,8,330
"5_8_est_GP_param.csv","mu[5]",3.363994818,5,8,330
"5_9_est_GP_param.csv","alpha",2.59239826,5,9,330
"5_9_est_GP_param.csv","rho",-0.210654161,5,9,330
"5_9_est_GP_param.csv","sigma",2.73569782,5,9,330
"5_9_est_GP_param.csv","mu[1]",-0.579747688,5,9,330
"5_9_est_GP_param.csv","mu[2]",-2.626053131,5,9,330
"5_9_est_GP_param.csv","mu[3]",3.3537922,5,9,330
"5_9_est_GP_param.csv","mu[4]",0.412235351,5,9,330
"5_9_est_GP_param.csv","mu[5]",-0.253066877,5,9,330
"6_10_est_GP_param.csv","alpha",2.407845542,6,10,330
"6_10_est_GP_param.csv","rho",-0.007825096,6,10,330
"6_10_est_GP_param.csv","sigma",2.812582716,6,10,330
"6_10_est_GP_param.csv","mu[1]",-4.191805414,6,10,330
"6_10_est_GP_param.csv","mu[2]",0.54023507,6,10,330
"6_10_est_GP_param.csv","mu[3]",-0.562951115,6,10,330
"6_10_est_GP_param.csv","mu[4]",-2.402688685,6,10,330
"6_10_est_GP_param.csv","mu[5]",-1.194187621,6,10,330
"6_11_est_GP_param.csv","alpha",1.818962693,6,11,330
"6_11_est_GP_param.csv","rho",0.116695059,6,11,330
"6_11_est_GP_param.csv","sigma",2.930214415,6,11,330
"6_11_est_GP_param.csv","mu[1]",-1.617105868,6,11,330
"6_11_est_GP_param.csv","mu[2]",0.267040981,6,11,330
"6_11_est_GP_param.csv","mu[3]",2.940490798,6,11,330
"6_11_est_GP_param.csv","mu[4]",1.093621834,6,11,330
"6_11_est_GP_param.csv","mu[5]",1.927907263,6,11,330
"6_12_est_GP_param.csv","alpha",2.677197822,6,12,330
"6_12_est_GP_param.csv","rho",0.775922809,6,12,330
"6_12_est_GP_param.csv","sigma",2.832937363,6,12,330
"6_12_est_GP_param.csv","mu[1]",5.728288548,6,12,330
"6_12_est_GP_param.csv","mu[2]",0.067428672,6,12,330
"6_12_est_GP_param.csv","mu[3]",-3.604396389,6,12,330
"6_12_est_GP_param.csv","mu[4]",3.468831275,6,12,330
"6_12_est_GP_param.csv","mu[5]",-0.364005911,6,12,330
"6_13_est_GP_param.csv","alpha",2.658308499,6,13,330
"6_13_est_GP_param.csv","rho",0.133831123,6,13,330
"6_13_est_GP_param.csv","sigma",3.074851676,6,13,330
"6_13_est_GP_param.csv","mu[1]",-1.019055154,6,13,330
"6_13_est_GP_param.csv","mu[2]",3.14206008,6,13,330
"6_13_est_GP_param.csv","mu[3]",-1.457194196,6,13,330
"6_13_est_GP_param.csv","mu[4]",8.19611148,6,13,330
"6_13_est_GP_param.csv","mu[5]",-2.586185628,6,13,330
"6_14_est_GP_param.csv","alpha",2.111924534,6,14,330
"6_14_est_GP_param.csv","rho",-0.587806128,6,14,330
"6_14_est_GP_param.csv","sigma",2.972377434,6,14,330
"6_14_est_GP_param.csv","mu[1]",-0.221685606,6,14,330
"6_14_est_GP_param.csv","mu[2]",0.77776663,6,14,330
"6_14_est_GP_param.csv","mu[3]",0.25370551,6,14,330
"6_14_est_GP_param.csv","mu[4]",-1.708045517,6,14,330
"6_14_est_GP_param.csv","mu[5]",2.749695106,6,14,330
"6_15_est_GP_param.csv","alpha",1.989576242,6,15,330
"6_15_est_GP_param.csv","rho",-0.289327405,6,15,330
"6_15_est_GP_param.csv","sigma",2.793756796,6,15,330
"6_15_est_GP_param.csv","mu[1]",0.981350342,6,15,330
"6_15_est_GP_param.csv","mu[2]",1.212388715,6,15,330
"6_15_est_GP_param.csv","mu[3]",1.815927258,6,15,330
"6_15_est_GP_param.csv","mu[4]",2.877541607,6,15,330
"6_15_est_GP_param.csv","mu[5]",-2.058329819,6,15,330
"6_16_est_GP_param.csv","alpha",2.509711715,6,16,330
"6_16_est_GP_param.csv","rho",0.167413875,6,16,330
"6_16_est_GP_param.csv","sigma",2.966033691,6,16,330
"6_16_est_GP_param.csv","mu[1]",0.310887974,6,16,330
"6_16_est_GP_param.csv","mu[2]",-0.708196139,6,16,330
"6_16_est_GP_param.csv","mu[3]",-2.887676308,6,16,330
"6_16_est_GP_param.csv","mu[4]",0.161703123,6,16,330
"6_16_est_GP_param.csv","mu[5]",3.958796907,6,16,330
"6_17_est_GP_param.csv","alpha",2.190635317,6,17,330
"6_17_est_GP_param.csv","rho",-0.340738,6,17,330
"6_17_est_GP_param.csv","sigma",2.661814679,6,17,330
"6_17_est_GP_param.csv","mu[1]",3.529231054,6,17,330
"6_17_est_GP_param.csv","mu[2]",1.937248667,6,17,330
"6_17_est_GP_param.csv","mu[3]",-1.073929517,6,17,330
"6_17_est_GP_param.csv","mu[4]",2.319797133,6,17,330
"6_17_est_GP_param.csv","mu[5]",7.437916959,6,17,330
"6_18_est_GP_param.csv","alpha",2.236896481,6,18,330
"6_18_est_GP_param.csv","rho",-0.588738149,6,18,330
"6_18_est_GP_param.csv","sigma",2.832189877,6,18,330
"6_18_est_GP_param.csv","mu[1]",-0.280755079,6,18,330
"6_18_est_GP_param.csv","mu[2]",-1.229725575,6,18,330
"6_18_est_GP_param.csv","mu[3]",-0.829282453,6,18,330
"6_18_est_GP_param.csv","mu[4]",-0.23250107,6,18,330
"6_18_est_GP_param.csv","mu[5]",-3.412441522,6,18,330
"6_19_est_GP_param.csv","alpha",2.359874156,6,19,330
"6_19_est_GP_param.csv","rho",0.127085264,6,19,330
"6_19_est_GP_param.csv","sigma",2.790485737,6,19,330
"6_19_est_GP_param.csv","mu[1]",-3.871466214,6,19,330
"6_19_est_GP_param.csv","mu[2]",0.74945614,6,19,330
"6_19_est_GP_param.csv","mu[3]",-1.438349646,6,19,330
"6_19_est_GP_param.csv","mu[4]",2.626765491,6,19,330
"6_19_est_GP_param.csv","mu[5]",-2.318106093,6,19,330
"6_2_est_GP_param.csv","alpha",2.1580338,6,2,330
"6_2_est_GP_param.csv","rho",-0.084175922,6,2,330
"6_2_est_GP_param.csv","sigma",3.002924329,6,2,330
"6_2_est_GP_param.csv","mu[1]",-1.079540721,6,2,330
"6_2_est_GP_param.csv","mu[2]",2.38631687,6,2,330
"6_2_est_GP_param.csv","mu[3]",-3.756304496,6,2,330
"6_2_est_GP_param.csv","mu[4]",-3.09405732,6,2,330
"6_2_est_GP_param.csv","mu[5]",1.025561295,6,2,330
"6_20_est_GP_param.csv","alpha",2.936181879,6,20,330
"6_20_est_GP_param.csv","rho",0.59278701,6,20,330
"6_20_est_GP_param.csv","sigma",2.912747753,6,20,330
"6_20_est_GP_param.csv","mu[1]",-0.049581094,6,20,330
"6_20_est_GP_param.csv","mu[2]",-1.480031688,6,20,330
"6_20_est_GP_param.csv","mu[3]",3.024981329,6,20,330
"6_20_est_GP_param.csv","mu[4]",-2.530806643,6,20,330
"6_20_est_GP_param.csv","mu[5]",-0.366534422,6,20,330
"6_3_est_GP_param.csv","alpha",2.274151245,6,3,330
"6_3_est_GP_param.csv","rho",-0.222824053,6,3,330
"6_3_est_GP_param.csv","sigma",2.81066052,6,3,330
"6_3_est_GP_param.csv","mu[1]",-3.741367357,6,3,330
"6_3_est_GP_param.csv","mu[2]",5.052861708,6,3,330
"6_3_est_GP_param.csv","mu[3]",2.215767222,6,3,330
"6_3_est_GP_param.csv","mu[4]",4.426716071,6,3,330
"6_3_est_GP_param.csv","mu[5]",4.305751438,6,3,330
"6_4_est_GP_param.csv","alpha",2.492234375,6,4,330
"6_4_est_GP_param.csv","rho",0.201251504,6,4,330
"6_4_est_GP_param.csv","sigma",2.758645253,6,4,330
"6_4_est_GP_param.csv","mu[1]",-2.380118444,6,4,330
"6_4_est_GP_param.csv","mu[2]",-1.453806339,6,4,330
"6_4_est_GP_param.csv","mu[3]",-2.01390224,6,4,330
"6_4_est_GP_param.csv","mu[4]",-1.959996946,6,4,330
"6_4_est_GP_param.csv","mu[5]",-0.607864368,6,4,330
"6_5_est_GP_param.csv","alpha",2.669486252,6,5,330
"6_5_est_GP_param.csv","rho",0.102970731,6,5,330
"6_5_est_GP_param.csv","sigma",2.879615833,6,5,330
"6_5_est_GP_param.csv","mu[1]",1.862977685,6,5,330
"6_5_est_GP_param.csv","mu[2]",0.843144902,6,5,330
"6_5_est_GP_param.csv","mu[3]",0.739989042,6,5,330
"6_5_est_GP_param.csv","mu[4]",0.167816966,6,5,330
"6_5_est_GP_param.csv","mu[5]",-4.020499956,6,5,330
"6_6_est_GP_param.csv","alpha",2.745835576,6,6,330
"6_6_est_GP_param.csv","rho",0.238324964,6,6,330
"6_6_est_GP_param.csv","sigma",2.874421364,6,6,330
"6_6_est_GP_param.csv","mu[1]",5.16755446,6,6,330
"6_6_est_GP_param.csv","mu[2]",-2.976987669,6,6,330
"6_6_est_GP_param.csv","mu[3]",-3.659084748,6,6,330
"6_6_est_GP_param.csv","mu[4]",3.96466307,6,6,330
"6_6_est_GP_param.csv","mu[5]",5.431375641,6,6,330
"6_7_est_GP_param.csv","alpha",2.128575006,6,7,330
"6_7_est_GP_param.csv","rho",-0.156138543,6,7,330
"6_7_est_GP_param.csv","sigma",3.129647443,6,7,330
"6_7_est_GP_param.csv","mu[1]",-3.652911067,6,7,330
"6_7_est_GP_param.csv","mu[2]",5.714964936,6,7,330
"6_7_est_GP_param.csv","mu[3]",-1.441778262,6,7,330
"6_7_est_GP_param.csv","mu[4]",-2.076416228,6,7,330
"6_7_est_GP_param.csv","mu[5]",2.291409767,6,7,330
"6_8_est_GP_param.csv","alpha",2.015821743,6,8,330
"6_8_est_GP_param.csv","rho",0.224312888,6,8,330
"6_8_est_GP_param.csv","sigma",3.104784898,6,8,330
"6_8_est_GP_param.csv","mu[1]",2.618647477,6,8,330
"6_8_est_GP_param.csv","mu[2]",1.441829289,6,8,330
"6_8_est_GP_param.csv","mu[3]",-4.131910617,6,8,330
"6_8_est_GP_param.csv","mu[4]",-1.765961539,6,8,330
"6_8_est_GP_param.csv","mu[5]",2.548156532,6,8,330
"6_9_est_GP_param.csv","alpha",2.723723605,6,9,330
"6_9_est_GP_param.csv","rho",1.081943938,6,9,330
"6_9_est_GP_param.csv","sigma",3.33510936,6,9,330
"6_9_est_GP_param.csv","mu[1]",3.537207111,6,9,330
"6_9_est_GP_param.csv","mu[2]",0.055462051,6,9,330
"6_9_est_GP_param.csv","mu[3]",-1.457600945,6,9,330
"6_9_est_GP_param.csv","mu[4]",-3.296314048,6,9,330
"6_9_est_GP_param.csv","mu[5]",1.420360825,6,9,330
"7_10_est_GP_param.csv","alpha",2.914344248,7,10,330
"7_10_est_GP_param.csv","rho",1.332071634,7,10,330
"7_10_est_GP_param.csv","sigma",2.915296173,7,10,330
"7_10_est_GP_param.csv","mu[1]",0.146701709,7,10,330
"7_10_est_GP_param.csv","mu[2]",2.126690768,7,10,330
"7_10_est_GP_param.csv","mu[3]",0.883793974,7,10,330
"7_10_est_GP_param.csv","mu[4]",0.783964833,7,10,330
"7_10_est_GP_param.csv","mu[5]",3.093226182,7,10,330
"7_11_est_GP_param.csv","alpha",2.632101346,7,11,330
"7_11_est_GP_param.csv","rho",0.503246605,7,11,330
"7_11_est_GP_param.csv","sigma",2.869084859,7,11,330
"7_11_est_GP_param.csv","mu[1]",0.042784306,7,11,330
"7_11_est_GP_param.csv","mu[2]",-0.671588107,7,11,330
"7_11_est_GP_param.csv","mu[3]",2.554105187,7,11,330
"7_11_est_GP_param.csv","mu[4]",-3.877493487,7,11,330
"7_11_est_GP_param.csv","mu[5]",2.702676284,7,11,330
"7_12_est_GP_param.csv","alpha",2.86166515,7,12,330
"7_12_est_GP_param.csv","rho",1.024811531,7,12,330
"7_12_est_GP_param.csv","sigma",3.042408964,7,12,330
"7_12_est_GP_param.csv","mu[1]",-2.148396019,7,12,330
"7_12_est_GP_param.csv","mu[2]",-3.136926394,7,12,330
"7_12_est_GP_param.csv","mu[3]",5.468984088,7,12,330
"7_12_est_GP_param.csv","mu[4]",-2.087352587,7,12,330
"7_12_est_GP_param.csv","mu[5]",-0.354918993,7,12,330
"7_13_est_GP_param.csv","alpha",3.140245266,7,13,330
"7_13_est_GP_param.csv","rho",0.618699214,7,13,330
"7_13_est_GP_param.csv","sigma",2.902987874,7,13,330
"7_13_est_GP_param.csv","mu[1]",1.10112889,7,13,330
"7_13_est_GP_param.csv","mu[2]",4.238192015,7,13,330
"7_13_est_GP_param.csv","mu[3]",-3.826707325,7,13,330
"7_13_est_GP_param.csv","mu[4]",-0.480702099,7,13,330
"7_13_est_GP_param.csv","mu[5]",0.786648508,7,13,330
"7_14_est_GP_param.csv","alpha",3.705820441,7,14,330
"7_14_est_GP_param.csv","rho",0.960953499,7,14,330
"7_14_est_GP_param.csv","sigma",3.010663228,7,14,330
"7_14_est_GP_param.csv","mu[1]",3.398575805,7,14,330
"7_14_est_GP_param.csv","mu[2]",-1.576004923,7,14,330
"7_14_est_GP_param.csv","mu[3]",-1.307349175,7,14,330
"7_14_est_GP_param.csv","mu[4]",0.751260297,7,14,330
"7_14_est_GP_param.csv","mu[5]",-3.985932322,7,14,330
"7_15_est_GP_param.csv","alpha",2.732664878,7,15,330
"7_15_est_GP_param.csv","rho",1.368434763,7,15,330
"7_15_est_GP_param.csv","sigma",2.988835455,7,15,330
"7_15_est_GP_param.csv","mu[1]",2.140939207,7,15,330
"7_15_est_GP_param.csv","mu[2]",-3.201269414,7,15,330
"7_15_est_GP_param.csv","mu[3]",-1.588462247,7,15,330
"7_15_est_GP_param.csv","mu[4]",-1.178799942,7,15,330
"7_15_est_GP_param.csv","mu[5]",-1.166067993,7,15,330
"7_16_est_GP_param.csv","alpha",2.846356947,7,16,330
"7_16_est_GP_param.csv","rho",0.96112412,7,16,330
"7_16_est_GP_param.csv","sigma",2.737050209,7,16,330
"7_16_est_GP_param.csv","mu[1]",-2.613778986,7,16,330
"7_16_est_GP_param.csv","mu[2]",-0.318156875,7,16,330
"7_16_est_GP_param.csv","mu[3]",-0.322007715,7,16,330
"7_16_est_GP_param.csv","mu[4]",0.695183052,7,16,330
"7_16_est_GP_param.csv","mu[5]",5.085277151,7,16,330
"7_17_est_GP_param.csv","alpha",3.156339612,7,17,330
"7_17_est_GP_param.csv","rho",1.008648698,7,17,330
"7_17_est_GP_param.csv","sigma",2.977862947,7,17,330
"7_17_est_GP_param.csv","mu[1]",1.809023014,7,17,330
"7_17_est_GP_param.csv","mu[2]",0.274634549,7,17,330
"7_17_est_GP_param.csv","mu[3]",0.779333462,7,17,330
"7_17_est_GP_param.csv","mu[4]",-0.977772233,7,17,330
"7_17_est_GP_param.csv","mu[5]",0.442613895,7,17,330
"7_18_est_GP_param.csv","alpha",3.836629866,7,18,330
"7_18_est_GP_param.csv","rho",1.324191962,7,18,330
"7_18_est_GP_param.csv","sigma",2.807702166,7,18,330
"7_18_est_GP_param.csv","mu[1]",0.89465,7,18,330
"7_18_est_GP_param.csv","mu[2]",-3.256582006,7,18,330
"7_18_est_GP_param.csv","mu[3]",3.203295775,7,18,330
"7_18_est_GP_param.csv","mu[4]",2.403365634,7,18,330
"7_18_est_GP_param.csv","mu[5]",-3.602342307,7,18,330
"7_19_est_GP_param.csv","alpha",3.072286427,7,19,330
"7_19_est_GP_param.csv","rho",0.924414181,7,19,330
"7_19_est_GP_param.csv","sigma",3.009535695,7,19,330
"7_19_est_GP_param.csv","mu[1]",-2.720911539,7,19,330
"7_19_est_GP_param.csv","mu[2]",-0.481125616,7,19,330
"7_19_est_GP_param.csv","mu[3]",-3.319191764,7,19,330
"7_19_est_GP_param.csv","mu[4]",-2.176856305,7,19,330
"7_19_est_GP_param.csv","mu[5]",-1.590744172,7,19,330
"7_2_est_GP_param.csv","alpha",2.718120742,7,2,330
"7_2_est_GP_param.csv","rho",0.849569555,7,2,330
"7_2_est_GP_param.csv","sigma",2.954061355,7,2,330
"7_2_est_GP_param.csv","mu[1]",-0.631740851,7,2,330
"7_2_est_GP_param.csv","mu[2]",2.273122927,7,2,330
"7_2_est_GP_param.csv","mu[3]",-0.292240916,7,2,330
"7_2_est_GP_param.csv","mu[4]",3.875858045,7,2,330
"7_2_est_GP_param.csv","mu[5]",0.90345547,7,2,330
"7_20_est_GP_param.csv","alpha",2.941201583,7,20,330
"7_20_est_GP_param.csv","rho",0.791077498,7,20,330
"7_20_est_GP_param.csv","sigma",2.93741046,7,20,330
"7_20_est_GP_param.csv","mu[1]",0.182423902,7,20,330
"7_20_est_GP_param.csv","mu[2]",-2.931014638,7,20,330
"7_20_est_GP_param.csv","mu[3]",3.837908932,7,20,330
"7_20_est_GP_param.csv","mu[4]",-3.574883092,7,20,330
"7_20_est_GP_param.csv","mu[5]",0.350609672,7,20,330
"7_3_est_GP_param.csv","alpha",2.207312208,7,3,330
"7_3_est_GP_param.csv","rho",0.753598115,7,3,330
"7_3_est_GP_param.csv","sigma",3.023663644,7,3,330
"7_3_est_GP_param.csv","mu[1]",0.491295679,7,3,330
"7_3_est_GP_param.csv","mu[2]",3.266920237,7,3,330
"7_3_est_GP_param.csv","mu[3]",1.702521749,7,3,330
"7_3_est_GP_param.csv","mu[4]",-0.129577224,7,3,330
"7_3_est_GP_param.csv","mu[5]",3.736133969,7,3,330
"7_4_est_GP_param.csv","alpha",2.874537319,7,4,330
"7_4_est_GP_param.csv","rho",0.90919738,7,4,330
"7_4_est_GP_param.csv","sigma",3.029980163,7,4,330
"7_4_est_GP_param.csv","mu[1]",1.960862424,7,4,330
"7_4_est_GP_param.csv","mu[2]",1.997142931,7,4,330
"7_4_est_GP_param.csv","mu[3]",2.757666487,7,4,330
"7_4_est_GP_param.csv","mu[4]",-3.200726701,7,4,330
"7_4_est_GP_param.csv","mu[5]",-1.834563187,7,4,330
"7_5_est_GP_param.csv","alpha",2.811435796,7,5,330
"7_5_est_GP_param.csv","rho",0.811150607,7,5,330
"7_5_est_GP_param.csv","sigma",2.839804527,7,5,330
"7_5_est_GP_param.csv","mu[1]",-2.385038739,7,5,330
"7_5_est_GP_param.csv","mu[2]",4.084132939,7,5,330
"7_5_est_GP_param.csv","mu[3]",4.721263624,7,5,330
"7_5_est_GP_param.csv","mu[4]",0.567311003,7,5,330
"7_5_est_GP_param.csv","mu[5]",-2.858731357,7,5,330
"7_6_est_GP_param.csv","alpha",2.359723769,7,6,330
"7_6_est_GP_param.csv","rho",1.129182049,7,6,330
"7_6_est_GP_param.csv","sigma",3.131519409,7,6,330
"7_6_est_GP_param.csv","mu[1]",-3.023989187,7,6,330
"7_6_est_GP_param.csv","mu[2]",-1.540139829,7,6,330
"7_6_est_GP_param.csv","mu[3]",5.173568583,7,6,330
"7_6_est_GP_param.csv","mu[4]",2.124691731,7,6,330
"7_6_est_GP_param.csv","mu[5]",2.752405063,7,6,330
"7_7_est_GP_param.csv","alpha",2.191169029,7,7,330
"7_7_est_GP_param.csv","rho",1.073293759,7,7,330
"7_7_est_GP_param.csv","sigma",2.888799867,7,7,330
"7_7_est_GP_param.csv","mu[1]",-0.419544178,7,7,330
"7_7_est_GP_param.csv","mu[2]",6.104866181,7,7,330
"7_7_est_GP_param.csv","mu[3]",-1.744994725,7,7,330
"7_7_est_GP_param.csv","mu[4]",1.275126123,7,7,330
"7_7_est_GP_param.csv","mu[5]",0.235542556,7,7,330
"7_8_est_GP_param.csv","alpha",3.088181015,7,8,330
"7_8_est_GP_param.csv","rho",0.808064322,7,8,330
"7_8_est_GP_param.csv","sigma",2.795674748,7,8,330
"7_8_est_GP_param.csv","mu[1]",2.406217739,7,8,330
"7_8_est_GP_param.csv","mu[2]",-2.627536067,7,8,330
"7_8_est_GP_param.csv","mu[3]",3.591709806,7,8,330
"7_8_est_GP_param.csv","mu[4]",-2.966026406,7,8,330
"7_8_est_GP_param.csv","mu[5]",-3.97914968,7,8,330
"7_9_est_GP_param.csv","alpha",2.704809374,7,9,330
"7_9_est_GP_param.csv","rho",0.798454665,7,9,330
"7_9_est_GP_param.csv","sigma",3.036359027,7,9,330
"7_9_est_GP_param.csv","mu[1]",2.271925548,7,9,330
"7_9_est_GP_param.csv","mu[2]",5.180213303,7,9,330
"7_9_est_GP_param.csv","mu[3]",-2.723913079,7,9,330
"7_9_est_GP_param.csv","mu[4]",2.454264224,7,9,330
"7_9_est_GP_param.csv","mu[5]",3.385926837,7,9,330
"8_10_est_GP_param.csv","alpha",2.806286492,8,10,330
"8_10_est_GP_param.csv","rho",1.071597186,8,10,330
"8_10_est_GP_param.csv","sigma",2.965398395,8,10,330
"8_10_est_GP_param.csv","mu[1]",-0.624220021,8,10,330
"8_10_est_GP_param.csv","mu[2]",-2.999102433,8,10,330
"8_10_est_GP_param.csv","mu[3]",-1.228222528,8,10,330
"8_10_est_GP_param.csv","mu[4]",4.249826021,8,10,330
"8_10_est_GP_param.csv","mu[5]",3.210599072,8,10,330
"8_11_est_GP_param.csv","alpha",3.137074904,8,11,330
"8_11_est_GP_param.csv","rho",1.242555625,8,11,330
"8_11_est_GP_param.csv","sigma",3.067206577,8,11,330
"8_11_est_GP_param.csv","mu[1]",-1.535260894,8,11,330
"8_11_est_GP_param.csv","mu[2]",0.206782368,8,11,330
"8_11_est_GP_param.csv","mu[3]",-2.714599333,8,11,330
"8_11_est_GP_param.csv","mu[4]",-3.046578504,8,11,330
"8_11_est_GP_param.csv","mu[5]",-2.606385093,8,11,330
"8_12_est_GP_param.csv","alpha",2.644539098,8,12,330
"8_12_est_GP_param.csv","rho",0.846024259,8,12,330
"8_12_est_GP_param.csv","sigma",2.936773967,8,12,330
"8_12_est_GP_param.csv","mu[1]",0.272338954,8,12,330
"8_12_est_GP_param.csv","mu[2]",3.788348116,8,12,330
"8_12_est_GP_param.csv","mu[3]",1.340481577,8,12,330
"8_12_est_GP_param.csv","mu[4]",-3.530925178,8,12,330
"8_12_est_GP_param.csv","mu[5]",2.641953294,8,12,330
"8_13_est_GP_param.csv","alpha",2.224756972,8,13,330
"8_13_est_GP_param.csv","rho",0.308055563,8,13,330
"8_13_est_GP_param.csv","sigma",2.900184031,8,13,330
"8_13_est_GP_param.csv","mu[1]",1.651930759,8,13,330
"8_13_est_GP_param.csv","mu[2]",-2.836597916,8,13,330
"8_13_est_GP_param.csv","mu[3]",2.829225206,8,13,330
"8_13_est_GP_param.csv","mu[4]",6.169309973,8,13,330
"8_13_est_GP_param.csv","mu[5]",-2.126328755,8,13,330
"8_14_est_GP_param.csv","alpha",3.889984317,8,14,330
"8_14_est_GP_param.csv","rho",1.684187423,8,14,330
"8_14_est_GP_param.csv","sigma",3.075291968,8,14,330
"8_14_est_GP_param.csv","mu[1]",-2.829974851,8,14,330
"8_14_est_GP_param.csv","mu[2]",3.033882347,8,14,330
"8_14_est_GP_param.csv","mu[3]",-0.823091382,8,14,330
"8_14_est_GP_param.csv","mu[4]",-0.526738552,8,14,330
"8_14_est_GP_param.csv","mu[5]",-0.680134517,8,14,330
"8_15_est_GP_param.csv","alpha",3.05324192,8,15,330
"8_15_est_GP_param.csv","rho",1.257156949,8,15,330
"8_15_est_GP_param.csv","sigma",2.963876245,8,15,330
"8_15_est_GP_param.csv","mu[1]",0.42365197,8,15,330
"8_15_est_GP_param.csv","mu[2]",2.529062622,8,15,330
"8_15_est_GP_param.csv","mu[3]",4.393210016,8,15,330
"8_15_est_GP_param.csv","mu[4]",-2.39450832,8,15,330
"8_15_est_GP_param.csv","mu[5]",-1.025284045,8,15,330
"8_16_est_GP_param.csv","alpha",3.26262636,8,16,330
"8_16_est_GP_param.csv","rho",1.758231603,8,16,330
"8_16_est_GP_param.csv","sigma",2.927552739,8,16,330
"8_16_est_GP_param.csv","mu[1]",-1.984753714,8,16,330
"8_16_est_GP_param.csv","mu[2]",-1.441507837,8,16,330
"8_16_est_GP_param.csv","mu[3]",-0.070847986,8,16,330
"8_16_est_GP_param.csv","mu[4]",-3.002216782,8,16,330
"8_16_est_GP_param.csv","mu[5]",-0.379759203,8,16,330
"8_17_est_GP_param.csv","alpha",2.700936956,8,17,330
"8_17_est_GP_param.csv","rho",1.508852111,8,17,330
"8_17_est_GP_param.csv","sigma",3.018538273,8,17,330
"8_17_est_GP_param.csv","mu[1]",1.012043155,8,17,330
"8_17_est_GP_param.csv","mu[2]",-1.018760932,8,17,330
"8_17_est_GP_param.csv","mu[3]",-1.685099549,8,17,330
"8_17_est_GP_param.csv","mu[4]",3.802885948,8,17,330
"8_17_est_GP_param.csv","mu[5]",-0.609690351,8,17,330
"8_18_est_GP_param.csv","alpha",2.408230682,8,18,330
"8_18_est_GP_param.csv","rho",0.985223516,8,18,330
"8_18_est_GP_param.csv","sigma",3.056656606,8,18,330
"8_18_est_GP_param.csv","mu[1]",-2.473457123,8,18,330
"8_18_est_GP_param.csv","mu[2]",3.38341635,8,18,330
"8_18_est_GP_param.csv","mu[3]",2.469429628,8,18,330
"8_18_est_GP_param.csv","mu[4]",-3.49904259,8,18,330
"8_18_est_GP_param.csv","mu[5]",1.40904492,8,18,330
"8_19_est_GP_param.csv","alpha",3.562396832,8,19,330
"8_19_est_GP_param.csv","rho",0.927850267,8,19,330
"8_19_est_GP_param.csv","sigma",2.928105596,8,19,330
"8_19_est_GP_param.csv","mu[1]",0.813504099,8,19,330
"8_19_est_GP_param.csv","mu[2]",3.424816897,8,19,330
"8_19_est_GP_param.csv","mu[3]",-0.476449945,8,19,330
"8_19_est_GP_param.csv","mu[4]",-0.284295574,8,19,330
"8_19_est_GP_param.csv","mu[5]",0.678316133,8,19,330
"8_2_est_GP_param.csv","alpha",2.529166491,8,2,330
"8_2_est_GP_param.csv","rho",1.270385891,8,2,330
"8_2_est_GP_param.csv","sigma",2.864620875,8,2,330
"8_2_est_GP_param.csv","mu[1]",0.467544888,8,2,330
"8_2_est_GP_param.csv","mu[2]",1.849234251,8,2,330
"8_2_est_GP_param.csv","mu[3]",4.582775615,8,2,330
"8_2_est_GP_param.csv","mu[4]",0.081500064,8,2,330
"8_2_est_GP_param.csv","mu[5]",-3.320106276,8,2,330
"8_20_est_GP_param.csv","alpha",3.215469168,8,20,330
"8_20_est_GP_param.csv","rho",0.93786212,8,20,330
"8_20_est_GP_param.csv","sigma",2.93062366,8,20,330
"8_20_est_GP_param.csv","mu[1]",4.229824914,8,20,330
"8_20_est_GP_param.csv","mu[2]",-2.661030353,8,20,330
"8_20_est_GP_param.csv","mu[3]",2.514323788,8,20,330
"8_20_est_GP_param.csv","mu[4]",3.014640047,8,20,330
"8_20_est_GP_param.csv","mu[5]",-0.65439728,8,20,330
"8_3_est_GP_param.csv","alpha",2.146452301,8,3,330
"8_3_est_GP_param.csv","rho",0.576294598,8,3,330
"8_3_est_GP_param.csv","sigma",3.022812767,8,3,330
"8_3_est_GP_param.csv","mu[1]",1.400647172,8,3,330
"8_3_est_GP_param.csv","mu[2]",-1.248789467,8,3,330
"8_3_est_GP_param.csv","mu[3]",-0.521496082,8,3,330
"8_3_est_GP_param.csv","mu[4]",1.674577226,8,3,330
"8_3_est_GP_param.csv","mu[5]",1.31558908,8,3,330
"8_4_est_GP_param.csv","alpha",3.649055724,8,4,330
"8_4_est_GP_param.csv","rho",1.602827695,8,4,330
"8_4_est_GP_param.csv","sigma",2.842609431,8,4,330
"8_4_est_GP_param.csv","mu[1]",-2.933156746,8,4,330
"8_4_est_GP_param.csv","mu[2]",3.761231281,8,4,330
"8_4_est_GP_param.csv","mu[3]",-0.195382667,8,4,330
"8_4_est_GP_param.csv","mu[4]",0.977661424,8,4,330
"8_4_est_GP_param.csv","mu[5]",8.153041288,8,4,330
"8_5_est_GP_param.csv","alpha",2.429755886,8,5,330
"8_5_est_GP_param.csv","rho",0.734886398,8,5,330
"8_5_est_GP_param.csv","sigma",3.113244381,8,5,330
"8_5_est_GP_param.csv","mu[1]",-1.157794486,8,5,330
"8_5_est_GP_param.csv","mu[2]",1.481073285,8,5,330
"8_5_est_GP_param.csv","mu[3]",-1.742914883,8,5,330
"8_5_est_GP_param.csv","mu[4]",-2.275087315,8,5,330
"8_5_est_GP_param.csv","mu[5]",-3.109398298,8,5,330
"8_6_est_GP_param.csv","alpha",2.320738038,8,6,330
"8_6_est_GP_param.csv","rho",0.99276709,8,6,330
"8_6_est_GP_param.csv","sigma",2.920069957,8,6,330
"8_6_est_GP_param.csv","mu[1]",-2.200568029,8,6,330
"8_6_est_GP_param.csv","mu[2]",0.795485681,8,6,330
"8_6_est_GP_param.csv","mu[3]",2.005162463,8,6,330
"8_6_est_GP_param.csv","mu[4]",-1.029155911,8,6,330
"8_6_est_GP_param.csv","mu[5]",0.187335914,8,6,330
"8_7_est_GP_param.csv","alpha",3.869970537,8,7,330
"8_7_est_GP_param.csv","rho",1.42298805,8,7,330
"8_7_est_GP_param.csv","sigma",3.142518484,8,7,330
"8_7_est_GP_param.csv","mu[1]",2.333130465,8,7,330
"8_7_est_GP_param.csv","mu[2]",-3.726852507,8,7,330
"8_7_est_GP_param.csv","mu[3]",-1.201955444,8,7,330
"8_7_est_GP_param.csv","mu[4]",-2.373998575,8,7,330
"8_7_est_GP_param.csv","mu[5]",0.42088807,8,7,330
"8_8_est_GP_param.csv","alpha",2.653994758,8,8,330
"8_8_est_GP_param.csv","rho",1.054040345,8,8,330
"8_8_est_GP_param.csv","sigma",3.093477669,8,8,330
"8_8_est_GP_param.csv","mu[1]",-2.339351786,8,8,330
"8_8_est_GP_param.csv","mu[2]",1.362829852,8,8,330
"8_8_est_GP_param.csv","mu[3]",4.504056193,8,8,330
"8_8_est_GP_param.csv","mu[4]",-0.543748484,8,8,330
"8_8_est_GP_param.csv","mu[5]",1.089792914,8,8,330
"8_9_est_GP_param.csv","alpha",3.187166607,8,9,330
"8_9_est_GP_param.csv","rho",1.374662452,8,9,330
"8_9_est_GP_param.csv","sigma",3.008079137,8,9,330
"8_9_est_GP_param.csv","mu[1]",-1.770492108,8,9,330
"8_9_est_GP_param.csv","mu[2]",4.739351349,8,9,330
"8_9_est_GP_param.csv","mu[3]",-2.933883724,8,9,330
"8_9_est_GP_param.csv","mu[4]",-0.521276428,8,9,330
"8_9_est_GP_param.csv","mu[5]",0.349696194,8,9,330
"9_10_est_GP_param.csv","alpha",3.388467217,9,10,330
"9_10_est_GP_param.csv","rho",2.048571586,9,10,330
"9_10_est_GP_param.csv","sigma",3.106481513,9,10,330
"9_10_est_GP_param.csv","mu[1]",0.190099557,9,10,330
"9_10_est_GP_param.csv","mu[2]",-1.54368818,9,10,330
"9_10_est_GP_param.csv","mu[3]",-1.557016294,9,10,330
"9_10_est_GP_param.csv","mu[4]",-0.028474422,9,10,330
"9_10_est_GP_param.csv","mu[5]",-0.715118737,9,10,330
"9_11_est_GP_param.csv","alpha",4.443149913,9,11,330
"9_11_est_GP_param.csv","rho",1.678424576,9,11,330
"9_11_est_GP_param.csv","sigma",3.010813602,9,11,330
"9_11_est_GP_param.csv","mu[1]",1.195007128,9,11,330
"9_11_est_GP_param.csv","mu[2]",0.38660282,9,11,330
"9_11_est_GP_param.csv","mu[3]",1.377462085,9,11,330
"9_11_est_GP_param.csv","mu[4]",-3.537866405,9,11,330
"9_11_est_GP_param.csv","mu[5]",0.800141231,9,11,330
"9_12_est_GP_param.csv","alpha",2.775400148,9,12,330
"9_12_est_GP_param.csv","rho",1.467951864,9,12,330
"9_12_est_GP_param.csv","sigma",2.906713493,9,12,330
"9_12_est_GP_param.csv","mu[1]",3.127312513,9,12,330
"9_12_est_GP_param.csv","mu[2]",3.30064548,9,12,330
"9_12_est_GP_param.csv","mu[3]",1.276994448,9,12,330
"9_12_est_GP_param.csv","mu[4]",1.231359528,9,12,330
"9_12_est_GP_param.csv","mu[5]",-1.4062515,9,12,330
"9_13_est_GP_param.csv","alpha",2.681826492,9,13,330
"9_13_est_GP_param.csv","rho",1.420221983,9,13,330
"9_13_est_GP_param.csv","sigma",3.062254953,9,13,330
"9_13_est_GP_param.csv","mu[1]",5.402623091,9,13,330
"9_13_est_GP_param.csv","mu[2]",1.652540784,9,13,330
"9_13_est_GP_param.csv","mu[3]",1.766963063,9,13,330
"9_13_est_GP_param.csv","mu[4]",0.368658159,9,13,330
"9_13_est_GP_param.csv","mu[5]",1.508631714,9,13,330
"9_14_est_GP_param.csv","alpha",3.585181181,9,14,330
"9_14_est_GP_param.csv","rho",1.597161059,9,14,330
"9_14_est_GP_param.csv","sigma",2.873652737,9,14,330
"9_14_est_GP_param.csv","mu[1]",0.06998938,9,14,330
"9_14_est_GP_param.csv","mu[2]",0.115908649,9,14,330
"9_14_est_GP_param.csv","mu[3]",4.682483885,9,14,330
"9_14_est_GP_param.csv","mu[4]",1.335415202,9,14,330
"9_14_est_GP_param.csv","mu[5]",4.913976252,9,14,330
"9_15_est_GP_param.csv","alpha",3.512418015,9,15,330
"9_15_est_GP_param.csv","rho",1.702020121,9,15,330
"9_15_est_GP_param.csv","sigma",2.862118905,9,15,330
"9_15_est_GP_param.csv","mu[1]",0.170863617,9,15,330
"9_15_est_GP_param.csv","mu[2]",-1.98973469,9,15,330
"9_15_est_GP_param.csv","mu[3]",-3.053910393,9,15,330
"9_15_est_GP_param.csv","mu[4]",-2.459824678,9,15,330
"9_15_est_GP_param.csv","mu[5]",-1.858230814,9,15,330
"9_16_est_GP_param.csv","alpha",2.816144442,9,16,330
"9_16_est_GP_param.csv","rho",1.589492194,9,16,330
"9_16_est_GP_param.csv","sigma",2.810107464,9,16,330
"9_16_est_GP_param.csv","mu[1]",-0.937213024,9,16,330
"9_16_est_GP_param.csv","mu[2]",-1.301505314,9,16,330
"9_16_est_GP_param.csv","mu[3]",4.822477993,9,16,330
"9_16_est_GP_param.csv","mu[4]",5.548293937,9,16,330
"9_16_est_GP_param.csv","mu[5]",-0.333450977,9,16,330
"9_17_est_GP_param.csv","alpha",3.511717153,9,17,330
"9_17_est_GP_param.csv","rho",1.722343731,9,17,330
"9_17_est_GP_param.csv","sigma",2.878596743,9,17,330
"9_17_est_GP_param.csv","mu[1]",-0.911811519,9,17,330
"9_17_est_GP_param.csv","mu[2]",2.984678771,9,17,330
"9_17_est_GP_param.csv","mu[3]",6.610962099,9,17,330
"9_17_est_GP_param.csv","mu[4]",1.392261042,9,17,330
"9_17_est_GP_param.csv","mu[5]",3.00949234,9,17,330
"9_18_est_GP_param.csv","alpha",3.303758903,9,18,330
"9_18_est_GP_param.csv","rho",1.798808848,9,18,330
"9_18_est_GP_param.csv","sigma",2.800958683,9,18,330
"9_18_est_GP_param.csv","mu[1]",0.134396093,9,18,330
"9_18_est_GP_param.csv","mu[2]",2.37752611,9,18,330
"9_18_est_GP_param.csv","mu[3]",1.174309836,9,18,330
"9_18_est_GP_param.csv","mu[4]",-1.711004189,9,18,330
"9_18_est_GP_param.csv","mu[5]",-0.716721267,9,18,330
"9_19_est_GP_param.csv","alpha",3.250133357,9,19,330
"9_19_est_GP_param.csv","rho",1.246868957,9,19,330
"9_19_est_GP_param.csv","sigma",2.762723273,9,19,330
"9_19_est_GP_param.csv","mu[1]",-0.390487276,9,19,330
"9_19_est_GP_param.csv","mu[2]",1.988762564,9,19,330
"9_19_est_GP_param.csv","mu[3]",2.998089871,9,19,330
"9_19_est_GP_param.csv","mu[4]",-0.184007087,9,19,330
"9_19_est_GP_param.csv","mu[5]",1.726393794,9,19,330
"9_2_est_GP_param.csv","alpha",2.340709605,9,2,330
"9_2_est_GP_param.csv","rho",1.529771393,9,2,330
"9_2_est_GP_param.csv","sigma",3.009974797,9,2,330
"9_2_est_GP_param.csv","mu[1]",-1.738235912,9,2,330
"9_2_est_GP_param.csv","mu[2]",-2.675731056,9,2,330
"9_2_est_GP_param.csv","mu[3]",4.301517605,9,2,330
"9_2_est_GP_param.csv","mu[4]",-0.05791691,9,2,330
"9_2_est_GP_param.csv","mu[5]",-1.880082682,9,2,330
"9_20_est_GP_param.csv","alpha",2.803116286,9,20,330
"9_20_est_GP_param.csv","rho",1.553883156,9,20,330
"9_20_est_GP_param.csv","sigma",2.917043957,9,20,330
"9_20_est_GP_param.csv","mu[1]",3.596073913,9,20,330
"9_20_est_GP_param.csv","mu[2]",-3.007868307,9,20,330
"9_20_est_GP_param.csv","mu[3]",-1.06055207,9,20,330
"9_20_est_GP_param.csv","mu[4]",-0.150089098,9,20,330
"9_20_est_GP_param.csv","mu[5]",-1.756965013,9,20,330
"9_3_est_GP_param.csv","alpha",2.899229161,9,3,330
"9_3_est_GP_param.csv","rho",1.909699044,9,3,330
"9_3_est_GP_param.csv","sigma",3.039229082,9,3,330
"9_3_est_GP_param.csv","mu[1]",0.838412448,9,3,330
"9_3_est_GP_param.csv","mu[2]",-0.669985356,9,3,330
"9_3_est_GP_param.csv","mu[3]",0.431686231,9,3,330
"9_3_est_GP_param.csv","mu[4]",0.644963965,9,3,330
"9_3_est_GP_param.csv","mu[5]",2.792876147,9,3,330
"9_4_est_GP_param.csv","alpha",2.255489657,9,4,330
"9_4_est_GP_param.csv","rho",-0.211571109,9,4,330
"9_4_est_GP_param.csv","sigma",2.580110964,9,4,330
"9_4_est_GP_param.csv","mu[1]",4.528852238,9,4,330
"9_4_est_GP_param.csv","mu[2]",3.349194279,9,4,330
"9_4_est_GP_param.csv","mu[3]",-2.536000614,9,4,330
"9_4_est_GP_param.csv","mu[4]",-3.028892401,9,4,330
"9_4_est_GP_param.csv","mu[5]",-1.536916263,9,4,330
"9_5_est_GP_param.csv","alpha",2.264906135,9,5,330
"9_5_est_GP_param.csv","rho",-1.77874331,9,5,330
"9_5_est_GP_param.csv","sigma",2.302004325,9,5,330
"9_5_est_GP_param.csv","mu[1]",-4.563637609,9,5,330
"9_5_est_GP_param.csv","mu[2]",1.868688699,9,5,330
"9_5_est_GP_param.csv","mu[3]",2.529112561,9,5,330
"9_5_est_GP_param.csv","mu[4]",-1.368043381,9,5,330
"9_5_est_GP_param.csv","mu[5]",-0.693900907,9,5,330
"9_6_est_GP_param.csv","alpha",2.8840475,9,6,330
"9_6_est_GP_param.csv","rho",1.552029803,9,6,330
"9_6_est_GP_param.csv","sigma",2.827835513,9,6,330
"9_6_est_GP_param.csv","mu[1]",-1.879571361,9,6,330
"9_6_est_GP_param.csv","mu[2]",-0.574983007,9,6,330
"9_6_est_GP_param.csv","mu[3]",2.892306856,9,6,330
"9_6_est_GP_param.csv","mu[4]",-0.087235066,9,6,330
"9_6_est_GP_param.csv","mu[5]",-2.925018038,9,6,330
"9_7_est_GP_param.csv","alpha",2.498373142,9,7,330
"9_7_est_GP_param.csv","rho",1.424554743,9,7,330
"9_7_est_GP_param.csv","sigma",3.086645462,9,7,330
"9_7_est_GP_param.csv","mu[1]",4.02644436,9,7,330
"9_7_est_GP_param.csv","mu[2]",-0.79749409,9,7,330
"9_7_est_GP_param.csv","mu[3]",3.435024599,9,7,330
"9_7_est_GP_param.csv","mu[4]",-0.072686325,9,7,330
"9_7_est_GP_param.csv","mu[5]",2.464115844,9,7,330
"9_8_est_GP_param.csv","alpha",2.640692933,9,8,330
"9_8_est_GP_param.csv","rho",1.145680617,9,8,330
"9_8_est_GP_param.csv","sigma",2.970014673,9,8,330
"9_8_est_GP_param.csv","mu[1]",0.809187246,9,8,330
"9_8_est_GP_param.csv","mu[2]",2.63450184,9,8,330
"9_8_est_GP_param.csv","mu[3]",-0.621370281,9,8,330
"9_8_est_GP_param.csv","mu[4]",-2.312419759,9,8,330
"9_8_est_GP_param.csv","mu[5]",0.414689941,9,8,330
"9_9_est_GP_param.csv","alpha",2.898486958,9,9,330
"9_9_est_GP_param.csv","rho",0.267726858,9,9,330
"9_9_est_GP_param.csv","sigma",2.585052388,9,9,330
"9_9_est_GP_param.csv","mu[1]",5.592204717,9,9,330
"9_9_est_GP_param.csv","mu[2]",-0.569059787,9,9,330
"9_9_est_GP_param.csv","mu[3]",2.588383258,9,9,330
"9_9_est_GP_param.csv","mu[4]",1.710680116,9,9,330
"9_9_est_GP_param.csv","mu[5]",-2.131354611,9,9,330
"10_10_est_GP_param.csv","alpha",3.350129454,10,10,300
"10_10_est_GP_param.csv","rho",2.063565677,10,10,300
"10_10_est_GP_param.csv","sigma",3.021239678,10,10,300
"10_10_est_GP_param.csv","mu[1]",-1.611390413,10,10,300
"10_10_est_GP_param.csv","mu[2]",0.035183362,10,10,300
"10_10_est_GP_param.csv","mu[3]",-2.006321374,10,10,300
"10_10_est_GP_param.csv","mu[4]",-0.276978658,10,10,300
"10_10_est_GP_param.csv","mu[5]",3.32772696,10,10,300
"10_11_est_GP_param.csv","alpha",2.678731627,10,11,300
"10_11_est_GP_param.csv","rho",1.61031921,10,11,300
"10_11_est_GP_param.csv","sigma",2.931411064,10,11,300
"10_11_est_GP_param.csv","mu[1]",-1.598471777,10,11,300
"10_11_est_GP_param.csv","mu[2]",-2.54101507,10,11,300
"10_11_est_GP_param.csv","mu[3]",-2.914713528,10,11,300
"10_11_est_GP_param.csv","mu[4]",-0.707483977,10,11,300
"10_11_est_GP_param.csv","mu[5]",-2.32049375,10,11,300
"10_12_est_GP_param.csv","alpha",2.800100473,10,12,300
"10_12_est_GP_param.csv","rho",0.456761243,10,12,300
"10_12_est_GP_param.csv","sigma",2.508590278,10,12,300
"10_12_est_GP_param.csv","mu[1]",0.752410497,10,12,300
"10_12_est_GP_param.csv","mu[2]",-3.539786318,10,12,300
"10_12_est_GP_param.csv","mu[3]",3.230631953,10,12,300
"10_12_est_GP_param.csv","mu[4]",-1.858710524,10,12,300
"10_12_est_GP_param.csv","mu[5]",-1.259139986,10,12,300
"10_13_est_GP_param.csv","alpha",3.766196221,10,13,300
"10_13_est_GP_param.csv","rho",2.148346638,10,13,300
"10_13_est_GP_param.csv","sigma",3.044631213,10,13,300
"10_13_est_GP_param.csv","mu[1]",-2.829282956,10,13,300
"10_13_est_GP_param.csv","mu[2]",1.630392774,10,13,300
"10_13_est_GP_param.csv","mu[3]",0.792813856,10,13,300
"10_13_est_GP_param.csv","mu[4]",2.474797842,10,13,300
"10_13_est_GP_param.csv","mu[5]",4.806342498,10,13,300
"10_14_est_GP_param.csv","alpha",2.277483225,10,14,300
"10_14_est_GP_param.csv","rho",0.516487163,10,14,300
"10_14_est_GP_param.csv","sigma",2.807517114,10,14,300
"10_14_est_GP_param.csv","mu[1]",1.334943147,10,14,300
"10_14_est_GP_param.csv","mu[2]",0.113143652,10,14,300
"10_14_est_GP_param.csv","mu[3]",2.97105226,10,14,300
"10_14_est_GP_param.csv","mu[4]",0.221895059,10,14,300
"10_14_est_GP_param.csv","mu[5]",-1.076368294,10,14,300
"10_15_est_GP_param.csv","alpha",2.749150892,10,15,300
"10_15_est_GP_param.csv","rho",0.94944296,10,15,300
"10_15_est_GP_param.csv","sigma",2.949334336,10,15,300
"10_15_est_GP_param.csv","mu[1]",-0.96051439,10,15,300
"10_15_est_GP_param.csv","mu[2]",-2.003043292,10,15,300
"10_15_est_GP_param.csv","mu[3]",-3.127870638,10,15,300
"10_15_est_GP_param.csv","mu[4]",2.643185856,10,15,300
"10_15_est_GP_param.csv","mu[5]",-0.845684635,10,15,300
"10_16_est_GP_param.csv","alpha",3.471621013,10,16,300
"10_16_est_GP_param.csv","rho",1.992611846,10,16,300
"10_16_est_GP_param.csv","sigma",2.945255812,10,16,300
"10_16_est_GP_param.csv","mu[1]",-1.542630807,10,16,300
"10_16_est_GP_param.csv","mu[2]",-0.262143567,10,16,300
"10_16_est_GP_param.csv","mu[3]",0.331847105,10,16,300
"10_16_est_GP_param.csv","mu[4]",0.286504985,10,16,300
"10_16_est_GP_param.csv","mu[5]",-1.233790832,10,16,300
"10_17_est_GP_param.csv","alpha",3.184118059,10,17,300
"10_17_est_GP_param.csv","rho",1.963422527,10,17,300
"10_17_est_GP_param.csv","sigma",2.956635285,10,17,300
"10_17_est_GP_param.csv","mu[1]",1.690129583,10,17,300
"10_17_est_GP_param.csv","mu[2]",1.514899843,10,17,300
"10_17_est_GP_param.csv","mu[3]",-2.662954165,10,17,300
"10_17_est_GP_param.csv","mu[4]",0.523244498,10,17,300
"10_17_est_GP_param.csv","mu[5]",-3.046358651,10,17,300
"10_18_est_GP_param.csv","alpha",2.896014103,10,18,300
"10_18_est_GP_param.csv","rho",1.733774301,10,18,300
"10_18_est_GP_param.csv","sigma",2.865867229,10,18,300
"10_18_est_GP_param.csv","mu[1]",-0.718382409,10,18,300
"10_18_est_GP_param.csv","mu[2]",1.344811043,10,18,300
"10_18_est_GP_param.csv","mu[3]",-0.549567145,10,18,300
"10_18_est_GP_param.csv","mu[4]",0.026900095,10,18,300
"10_18_est_GP_param.csv","mu[5]",-1.415888937,10,18,300
"10_19_est_GP_param.csv","alpha",3.228388272,10,19,300
"10_19_est_GP_param.csv","rho",2.011072264,10,19,300
"10_19_est_GP_param.csv","sigma",3.027411785,10,19,300
"10_19_est_GP_param.csv","mu[1]",-0.430930839,10,19,300
"10_19_est_GP_param.csv","mu[2]",0.860303438,10,19,300
"10_19_est_GP_param.csv","mu[3]",1.729266041,10,19,300
"10_19_est_GP_param.csv","mu[4]",1.757129366,10,19,300
"10_19_est_GP_param.csv","mu[5]",4.939506341,10,19,300
"10_2_est_GP_param.csv","alpha",3.373743599,10,2,300
"10_2_est_GP_param.csv","rho",1.865804064,10,2,300
"10_2_est_GP_param.csv","sigma",3.080965454,10,2,300
"10_2_est_GP_param.csv","mu[1]",-0.296440692,10,2,300
"10_2_est_GP_param.csv","mu[2]",4.76124462,10,2,300
"10_2_est_GP_param.csv","mu[3]",0.212189994,10,2,300
"10_2_est_GP_param.csv","mu[4]",0.835716533,10,2,300
"10_2_est_GP_param.csv","mu[5]",-1.291004228,10,2,300
"10_20_est_GP_param.csv","alpha",3.146884043,10,20,300
"10_20_est_GP_param.csv","rho",1.876488288,10,20,300
"10_20_est_GP_param.csv","sigma",2.958603514,10,20,300
"10_20_est_GP_param.csv","mu[1]",-0.641749228,10,20,300
"10_20_est_GP_param.csv","mu[2]",3.09176794,10,20,300
"10_20_est_GP_param.csv","mu[3]",0.268164473,10,20,300
"10_20_est_GP_param.csv","mu[4]",2.382767309,10,20,300
"10_20_est_GP_param.csv","mu[5]",0.834520671,10,20,300
"10_3_est_GP_param.csv","alpha",4.136793158,10,3,300
"10_3_est_GP_param.csv","rho",2.024448815,10,3,300
"10_3_est_GP_param.csv","sigma",2.937174054,10,3,300
"10_3_est_GP_param.csv","mu[1]",-2.020691561,10,3,300
"10_3_est_GP_param.csv","mu[2]",3.549416054,10,3,300
"10_3_est_GP_param.csv","mu[3]",6.602804934,10,3,300
"10_3_est_GP_param.csv","mu[4]",-2.916239844,10,3,300
"10_3_est_GP_param.csv","mu[5]",1.057591424,10,3,300
"10_4_est_GP_param.csv","alpha",3.408148644,10,4,300
"10_4_est_GP_param.csv","rho",2.348461832,10,4,300
"10_4_est_GP_param.csv","sigma",2.877058498,10,4,300
"10_4_est_GP_param.csv","mu[1]",5.403350503,10,4,300
"10_4_est_GP_param.csv","mu[2]",0.309738846,10,4,300
"10_4_est_GP_param.csv","mu[3]",1.077953316,10,4,300
"10_4_est_GP_param.csv","mu[4]",-2.763678228,10,4,300
"10_4_est_GP_param.csv","mu[5]",-0.883386803,10,4,300
"10_5_est_GP_param.csv","alpha",2.804931741,10,5,300
"10_5_est_GP_param.csv","rho",1.654067475,10,5,300
"10_5_est_GP_param.csv","sigma",3.156722719,10,5,300
"10_5_est_GP_param.csv","mu[1]",-2.94382047,10,5,300
"10_5_est_GP_param.csv","mu[2]",-1.853027241,10,5,300
"10_5_est_GP_param.csv","mu[3]",0.80505558,10,5,300
"10_5_est_GP_param.csv","mu[4]",1.933910117,10,5,300
"10_5_est_GP_param.csv","mu[5]",2.646193252,10,5,300
"10_6_est_GP_param.csv","alpha",3.355105209,10,6,300
"10_6_est_GP_param.csv","rho",1.646535843,10,6,300
"10_6_est_GP_param.csv","sigma",2.88785673,10,6,300
"10_6_est_GP_param.csv","mu[1]",-2.961239553,10,6,300
"10_6_est_GP_param.csv","mu[2]",0.150229008,10,6,300
"10_6_est_GP_param.csv","mu[3]",-2.015497447,10,6,300
"10_6_est_GP_param.csv","mu[4]",-2.36165372,10,6,300
"10_6_est_GP_param.csv","mu[5]",5.964233338,10,6,300
"10_7_est_GP_param.csv","alpha",3.456425235,10,7,300
"10_7_est_GP_param.csv","rho",1.432038808,10,7,300
"10_7_est_GP_param.csv","sigma",3.172573187,10,7,300
"10_7_est_GP_param.csv","mu[1]",4.07626999,10,7,300
"10_7_est_GP_param.csv","mu[2]",0.098856335,10,7,300
"10_7_est_GP_param.csv","mu[3]",-0.925713909,10,7,300
"10_7_est_GP_param.csv","mu[4]",-0.506325256,10,7,300
"10_7_est_GP_param.csv","mu[5]",-0.939730116,10,7,300
"10_8_est_GP_param.csv","alpha",3.052131414,10,8,300
"10_8_est_GP_param.csv","rho",1.766682164,10,8,300
"10_8_est_GP_param.csv","sigma",2.970352534,10,8,300
"10_8_est_GP_param.csv","mu[1]",1.379192788,10,8,300
"10_8_est_GP_param.csv","mu[2]",-0.231167101,10,8,300
"10_8_est_GP_param.csv","mu[3]",7.600077751,10,8,300
"10_8_est_GP_param.csv","mu[4]",2.886060559,10,8,300
"10_8_est_GP_param.csv","mu[5]",-0.274807893,10,8,300
"10_9_est_GP_param.csv","alpha",3.101886304,10,9,300
"10_9_est_GP_param.csv","rho",1.780136878,10,9,300
"10_9_est_GP_param.csv","sigma",2.840405351,10,9,300
"10_9_est_GP_param.csv","mu[1]",0.261884357,10,9,300
"10_9_est_GP_param.csv","mu[2]",-1.750043535,10,9,300
"10_9_est_GP_param.csv","mu[3]",-1.870322135,10,9,300
"10_9_est_GP_param.csv","mu[4]",-1.224065547,10,9,300
"10_9_est_GP_param.csv","mu[5]",-0.364668629,10,9,300
"11_10_est_GP_param.csv","alpha",2.059067761,11,10,300
"11_10_est_GP_param.csv","rho",0.70210382,11,10,300
"11_10_est_GP_param.csv","sigma",2.956480861,11,10,300
"11_10_est_GP_param.csv","mu[1]",-0.221353296,11,10,300
"11_10_est_GP_param.csv","mu[2]",-2.164301329,11,10,300
"11_10_est_GP_param.csv","mu[3]",-2.755299207,11,10,300
"11_10_est_GP_param.csv","mu[4]",4.836865892,11,10,300
"11_10_est_GP_param.csv","mu[5]",5.871703802,11,10,300
"11_11_est_GP_param.csv","alpha",2.332434458,11,11,300
"11_11_est_GP_param.csv","rho",0.857385541,11,11,300
"11_11_est_GP_param.csv","sigma",2.580234704,11,11,300
"11_11_est_GP_param.csv","mu[1]",1.921901205,11,11,300
"11_11_est_GP_param.csv","mu[2]",2.201342752,11,11,300
"11_11_est_GP_param.csv","mu[3]",0.820434826,11,11,300
"11_11_est_GP_param.csv","mu[4]",2.104887918,11,11,300
"11_11_est_GP_param.csv","mu[5]",-0.686404926,11,11,300
"11_12_est_GP_param.csv","alpha",3.032638244,11,12,300
"11_12_est_GP_param.csv","rho",1.861786824,11,12,300
"11_12_est_GP_param.csv","sigma",3.012586719,11,12,300
"11_12_est_GP_param.csv","mu[1]",-1.084660566,11,12,300
"11_12_est_GP_param.csv","mu[2]",1.484975562,11,12,300
"11_12_est_GP_param.csv","mu[3]",-1.236883832,11,12,300
"11_12_est_GP_param.csv","mu[4]",-0.93779578,11,12,300
"11_12_est_GP_param.csv","mu[5]",2.594925295,11,12,300
"11_13_est_GP_param.csv","alpha",3.228215301,11,13,300
"11_13_est_GP_param.csv","rho",2.606397074,11,13,300
"11_13_est_GP_param.csv","sigma",2.951445698,11,13,300
"11_13_est_GP_param.csv","mu[1]",2.096927083,11,13,300
"11_13_est_GP_param.csv","mu[2]",-1.797889318,11,13,300
"11_13_est_GP_param.csv","mu[3]",-0.582283544,11,13,300
"11_13_est_GP_param.csv","mu[4]",2.955060563,11,13,300
"11_13_est_GP_param.csv","mu[5]",-3.073864568,11,13,300
"11_14_est_GP_param.csv","alpha",3.262672737,11,14,300
"11_14_est_GP_param.csv","rho",1.845474888,11,14,300
"11_14_est_GP_param.csv","sigma",2.831722846,11,14,300
"11_14_est_GP_param.csv","mu[1]",-0.14749675,11,14,300
"11_14_est_GP_param.csv","mu[2]",-1.704903495,11,14,300
"11_14_est_GP_param.csv","mu[3]",0.261631532,11,14,300
"11_14_est_GP_param.csv","mu[4]",-3.37184682,11,14,300
"11_14_est_GP_param.csv","mu[5]",1.398890109,11,14,300
"11_15_est_GP_param.csv","alpha",2.956182013,11,15,300
"11_15_est_GP_param.csv","rho",1.550846962,11,15,300
"11_15_est_GP_param.csv","sigma",2.870495063,11,15,300
"11_15_est_GP_param.csv","mu[1]",1.010890732,11,15,300
"11_15_est_GP_param.csv","mu[2]",-1.113805174,11,15,300
"11_15_est_GP_param.csv","mu[3]",-1.084582971,11,15,300
"11_15_est_GP_param.csv","mu[4]",6.718020451,11,15,300
"11_15_est_GP_param.csv","mu[5]",-1.015695393,11,15,300
"11_16_est_GP_param.csv","alpha",3.557594578,11,16,300
"11_16_est_GP_param.csv","rho",2.053127298,11,16,300
"11_16_est_GP_param.csv","sigma",2.858686075,11,16,300
"11_16_est_GP_param.csv","mu[1]",1.602148632,11,16,300
"11_16_est_GP_param.csv","mu[2]",0.562757563,11,16,300
"11_16_est_GP_param.csv","mu[3]",-0.842369675,11,16,300
"11_16_est_GP_param.csv","mu[4]",-3.157626506,11,16,300
"11_16_est_GP_param.csv","mu[5]",1.481677493,11,16,300
"11_17_est_GP_param.csv","alpha",2.983648533,11,17,300
"11_17_est_GP_param.csv","rho",2.185314289,11,17,300
"11_17_est_GP_param.csv","sigma",2.955556651,11,17,300
"11_17_est_GP_param.csv","mu[1]",-0.416241181,11,17,300
"11_17_est_GP_param.csv","mu[2]",-0.471775601,11,17,300
"11_17_est_GP_param.csv","mu[3]",-3.345668982,11,17,300
"11_17_est_GP_param.csv","mu[4]",3.741955794,11,17,300
"11_17_est_GP_param.csv","mu[5]",-1.24499527,11,17,300
"11_18_est_GP_param.csv","alpha",1.780559413,11,18,300
"11_18_est_GP_param.csv","rho",0.520765903,11,18,300
"11_18_est_GP_param.csv","sigma",2.859032884,11,18,300
"11_18_est_GP_param.csv","mu[1]",1.982647146,11,18,300
"11_18_est_GP_param.csv","mu[2]",-0.434347667,11,18,300
"11_18_est_GP_param.csv","mu[3]",0.336048568,11,18,300
"11_18_est_GP_param.csv","mu[4]",0.209013195,11,18,300
"11_18_est_GP_param.csv","mu[5]",0.881415808,11,18,300
"11_19_est_GP_param.csv","alpha",3.380350003,11,19,300
"11_19_est_GP_param.csv","rho",2.519806761,11,19,300
"11_19_est_GP_param.csv","sigma",3.124018292,11,19,300
"11_19_est_GP_param.csv","mu[1]",-2.282930001,11,19,300
"11_19_est_GP_param.csv","mu[2]",-2.578203571,11,19,300
"11_19_est_GP_param.csv","mu[3]",0.854975912,11,19,300
"11_19_est_GP_param.csv","mu[4]",-1.832079882,11,19,300
"11_19_est_GP_param.csv","mu[5]",5.181458964,11,19,300
"11_2_est_GP_param.csv","alpha",3.30318533,11,2,300
"11_2_est_GP_param.csv","rho",2.470975797,11,2,300
"11_2_est_GP_param.csv","sigma",3.006214961,11,2,300
"11_2_est_GP_param.csv","mu[1]",4.06735336,11,2,300
"11_2_est_GP_param.csv","mu[2]",2.119472822,11,2,300
"11_2_est_GP_param.csv","mu[3]",0.688822091,11,2,300
"11_2_est_GP_param.csv","mu[4]",-1.52570958,11,2,300
"11_2_est_GP_param.csv","mu[5]",-3.119273955,11,2,300
"11_20_est_GP_param.csv","alpha",3.288550642,11,20,300
"11_20_est_GP_param.csv","rho",2.205769196,11,20,300
"11_20_est_GP_param.csv","sigma",2.624097124,11,20,300
"11_20_est_GP_param.csv","mu[1]",-2.729829866,11,20,300
"11_20_est_GP_param.csv","mu[2]",-2.280050885,11,20,300
"11_20_est_GP_param.csv","mu[3]",-1.66467435,11,20,300
"11_20_est_GP_param.csv","mu[4]",-1.166613315,11,20,300
"11_20_est_GP_param.csv","mu[5]",-0.597421139,11,20,300
"11_3_est_GP_param.csv","alpha",1.849141117,11,3,300
"11_3_est_GP_param.csv","rho",-0.462430692,11,3,300
"11_3_est_GP_param.csv","sigma",2.82938346,11,3,300
"11_3_est_GP_param.csv","mu[1]",0.907520868,11,3,300
"11_3_est_GP_param.csv","mu[2]",2.532664749,11,3,300
"11_3_est_GP_param.csv","mu[3]",-3.805900312,11,3,300
"11_3_est_GP_param.csv","mu[4]",-0.227009368,11,3,300
"11_3_est_GP_param.csv","mu[5]",-4.16105175,11,3,300
"11_4_est_GP_param.csv","alpha",3.005314199,11,4,300
"11_4_est_GP_param.csv","rho",1.257405596,11,4,300
"11_4_est_GP_param.csv","sigma",2.65085538,11,4,300
"11_4_est_GP_param.csv","mu[1]",0.0752217,11,4,300
"11_4_est_GP_param.csv","mu[2]",-3.443815363,11,4,300
"11_4_est_GP_param.csv","mu[3]",-1.359194569,11,4,300
"11_4_est_GP_param.csv","mu[4]",2.570967794,11,4,300
"11_4_est_GP_param.csv","mu[5]",1.260647757,11,4,300
"11_5_est_GP_param.csv","alpha",2.544959425,11,5,300
"11_5_est_GP_param.csv","rho",1.324895233,11,5,300
"11_5_est_GP_param.csv","sigma",2.907982347,11,5,300
"11_5_est_GP_param.csv","mu[1]",-0.032221674,11,5,300
"11_5_est_GP_param.csv","mu[2]",2.163744922,11,5,300
"11_5_est_GP_param.csv","mu[3]",1.447640075,11,5,300
"11_5_est_GP_param.csv","mu[4]",-0.741296355,11,5,300
"11_5_est_GP_param.csv","mu[5]",-0.586186244,11,5,300
"11_6_est_GP_param.csv","alpha",3.948738449,11,6,300
"11_6_est_GP_param.csv","rho",2.92882148,11,6,300
"11_6_est_GP_param.csv","sigma",3.109387097,11,6,300
"11_6_est_GP_param.csv","mu[1]",3.254801255,11,6,300
"11_6_est_GP_param.csv","mu[2]",2.083365111,11,6,300
"11_6_est_GP_param.csv","mu[3]",-3.28307819,11,6,300
"11_6_est_GP_param.csv","mu[4]",1.326534086,11,6,300
"11_6_est_GP_param.csv","mu[5]",1.064817512,11,6,300
"11_7_est_GP_param.csv","alpha",2.72061723,11,7,300
"11_7_est_GP_param.csv","rho",1.622712648,11,7,300
"11_7_est_GP_param.csv","sigma",2.945431821,11,7,300
"11_7_est_GP_param.csv","mu[1]",-0.945444675,11,7,300
"11_7_est_GP_param.csv","mu[2]",-1.414008806,11,7,300
"11_7_est_GP_param.csv","mu[3]",-2.213624276,11,7,300
"11_7_est_GP_param.csv","mu[4]",5.53472984,11,7,300
"11_7_est_GP_param.csv","mu[5]",3.82113669,11,7,300
"11_8_est_GP_param.csv","alpha",1.798570296,11,8,300
"11_8_est_GP_param.csv","rho",-0.926982788,11,8,300
"11_8_est_GP_param.csv","sigma",2.596558932,11,8,300
"11_8_est_GP_param.csv","mu[1]",2.891987695,11,8,300
"11_8_est_GP_param.csv","mu[2]",-1.366884876,11,8,300
"11_8_est_GP_param.csv","mu[3]",-2.664753051,11,8,300
"11_8_est_GP_param.csv","mu[4]",-2.388237315,11,8,300
"11_8_est_GP_param.csv","mu[5]",-0.696144229,11,8,300
"11_9_est_GP_param.csv","alpha",2.120375382,11,9,300
"11_9_est_GP_param.csv","rho",-1.400458608,11,9,300
"11_9_est_GP_param.csv","sigma",2.189788591,11,9,300
"11_9_est_GP_param.csv","mu[1]",-2.458041736,11,9,300
"11_9_est_GP_param.csv","mu[2]",-0.261336278,11,9,300
"11_9_est_GP_param.csv","mu[3]",0.553186144,11,9,300
"11_9_est_GP_param.csv","mu[4]",-3.068844488,11,9,300
"11_9_est_GP_param.csv","mu[5]",-4.149255925,11,9,300
"12_10_est_GP_param.csv","alpha",2.914793327,12,10,300
"12_10_est_GP_param.csv","rho",1.964218636,12,10,300
"12_10_est_GP_param.csv","sigma",3.086868161,12,10,300
"12_10_est_GP_param.csv","mu[1]",2.797718814,12,10,300
"12_10_est_GP_param.csv","mu[2]",-2.809501827,12,10,300
"12_10_est_GP_param.csv","mu[3]",-0.025496132,12,10,300
"12_10_est_GP_param.csv","mu[4]",-1.767671841,12,10,300
"12_10_est_GP_param.csv","mu[5]",0.422264539,12,10,300
"12_11_est_GP_param.csv","alpha",2.971741777,12,11,300
"12_11_est_GP_param.csv","rho",2.354994298,12,11,300
"12_11_est_GP_param.csv","sigma",2.786454582,12,11,300
"12_11_est_GP_param.csv","mu[1]",-0.503214961,12,11,300
"12_11_est_GP_param.csv","mu[2]",0.772631824,12,11,300
"12_11_est_GP_param.csv","mu[3]",2.265788675,12,11,300
"12_11_est_GP_param.csv","mu[4]",3.114595559,12,11,300
"12_11_est_GP_param.csv","mu[5]",1.325450191,12,11,300
"12_12_est_GP_param.csv","alpha",3.001003254,12,12,300
"12_12_est_GP_param.csv","rho",2.042686839,12,12,300
"12_12_est_GP_param.csv","sigma",3.024478021,12,12,300
"12_12_est_GP_param.csv","mu[1]",2.033905408,12,12,300
"12_12_est_GP_param.csv","mu[2]",0.473524731,12,12,300
"12_12_est_GP_param.csv","mu[3]",-2.77687861,12,12,300
"12_12_est_GP_param.csv","mu[4]",-2.751534877,12,12,300
"12_12_est_GP_param.csv","mu[5]",-0.368123661,12,12,300
"12_13_est_GP_param.csv","alpha",2.539738945,12,13,300
"12_13_est_GP_param.csv","rho",1.376983097,12,13,300
"12_13_est_GP_param.csv","sigma",3.086688067,12,13,300
"12_13_est_GP_param.csv","mu[1]",-0.779200271,12,13,300
"12_13_est_GP_param.csv","mu[2]",2.890502027,12,13,300
"12_13_est_GP_param.csv","mu[3]",-1.660016485,12,13,300
"12_13_est_GP_param.csv","mu[4]",-3.384250476,12,13,300
"12_13_est_GP_param.csv","mu[5]",1.999434917,12,13,300
"12_14_est_GP_param.csv","alpha",3.143541022,12,14,300
"12_14_est_GP_param.csv","rho",0.827193141,12,14,300
"12_14_est_GP_param.csv","sigma",2.536107875,12,14,300
"12_14_est_GP_param.csv","mu[1]",5.997669319,12,14,300
"12_14_est_GP_param.csv","mu[2]",-0.70687094,12,14,300
"12_14_est_GP_param.csv","mu[3]",-1.9860596,12,14,300
"12_14_est_GP_param.csv","mu[4]",2.865739105,12,14,300
"12_14_est_GP_param.csv","mu[5]",-3.406251937,12,14,300
"12_15_est_GP_param.csv","alpha",3.388801852,12,15,300
"12_15_est_GP_param.csv","rho",2.894028723,12,15,300
"12_15_est_GP_param.csv","sigma",2.836938065,12,15,300
"12_15_est_GP_param.csv","mu[1]",1.272955107,12,15,300
"12_15_est_GP_param.csv","mu[2]",3.775519295,12,15,300
"12_15_est_GP_param.csv","mu[3]",-3.005054787,12,15,300
"12_15_est_GP_param.csv","mu[4]",1.30168334,12,15,300
"12_15_est_GP_param.csv","mu[5]",-1.998299207,12,15,300
"12_16_est_GP_param.csv","alpha",3.824954088,12,16,300
"12_16_est_GP_param.csv","rho",2.509350578,12,16,300
"12_16_est_GP_param.csv","sigma",3.03824644,12,16,300
"12_16_est_GP_param.csv","mu[1]",-2.676328557,12,16,300
"12_16_est_GP_param.csv","mu[2]",4.491125111,12,16,300
"12_16_est_GP_param.csv","mu[3]",0.914151438,12,16,300
"12_16_est_GP_param.csv","mu[4]",5.469203596,12,16,300
"12_16_est_GP_param.csv","mu[5]",-0.095681669,12,16,300
"12_17_est_GP_param.csv","alpha",2.415419656,12,17,300
"12_17_est_GP_param.csv","rho",-0.691784149,12,17,300
"12_17_est_GP_param.csv","sigma",2.428510792,12,17,300
"12_17_est_GP_param.csv","mu[1]",1.110360326,12,17,300
"12_17_est_GP_param.csv","mu[2]",-3.486135923,12,17,300
"12_17_est_GP_param.csv","mu[3]",-3.28734649,12,17,300
"12_17_est_GP_param.csv","mu[4]",0.942825063,12,17,300
"12_17_est_GP_param.csv","mu[5]",-1.330555814,12,17,300
"12_18_est_GP_param.csv","alpha",3.329952624,12,18,300
"12_18_est_GP_param.csv","rho",1.943862913,12,18,300
"12_18_est_GP_param.csv","sigma",2.960059482,12,18,300
"12_18_est_GP_param.csv","mu[1]",-1.690382034,12,18,300
"12_18_est_GP_param.csv","mu[2]",0.653504191,12,18,300
"12_18_est_GP_param.csv","mu[3]",-2.956888491,12,18,300
"12_18_est_GP_param.csv","mu[4]",4.241137331,12,18,300
"12_18_est_GP_param.csv","mu[5]",2.063792804,12,18,300
"12_19_est_GP_param.csv","alpha",2.997692429,12,19,300
"12_19_est_GP_param.csv","rho",2.490575177,12,19,300
"12_19_est_GP_param.csv","sigma",2.931989315,12,19,300
"12_19_est_GP_param.csv","mu[1]",0.202567814,12,19,300
"12_19_est_GP_param.csv","mu[2]",-2.497199319,12,19,300
"12_19_est_GP_param.csv","mu[3]",-0.533821499,12,19,300
"12_19_est_GP_param.csv","mu[4]",-2.664876996,12,19,300
"12_19_est_GP_param.csv","mu[5]",1.241201529,12,19,300
"12_2_est_GP_param.csv","alpha",2.340809629,12,2,300
"12_2_est_GP_param.csv","rho",1.505073351,12,2,300
"12_2_est_GP_param.csv","sigma",2.849176279,12,2,300
"12_2_est_GP_param.csv","mu[1]",-2.451890001,12,2,300
"12_2_est_GP_param.csv","mu[2]",-1.215063535,12,2,300
"12_2_est_GP_param.csv","mu[3]",-1.482371773,12,2,300
"12_2_est_GP_param.csv","mu[4]",2.417506757,12,2,300
"12_2_est_GP_param.csv","mu[5]",-1.647233729,12,2,300
"12_20_est_GP_param.csv","alpha",2.126410789,12,20,300
"12_20_est_GP_param.csv","rho",0.521893384,12,20,300
"12_20_est_GP_param.csv","sigma",2.743704226,12,20,300
"12_20_est_GP_param.csv","mu[1]",0.402315487,12,20,300
"12_20_est_GP_param.csv","mu[2]",2.12490635,12,20,300
"12_20_est_GP_param.csv","mu[3]",-0.760675583,12,20,300
"12_20_est_GP_param.csv","mu[4]",4.165767519,12,20,300
"12_20_est_GP_param.csv","mu[5]",1.997730813,12,20,300
"12_3_est_GP_param.csv","alpha",1.569033409,12,3,300
"12_3_est_GP_param.csv","rho",-0.489549489,12,3,300
"12_3_est_GP_param.csv","sigma",2.655388682,12,3,300
"12_3_est_GP_param.csv","mu[1]",-1.530303429,12,3,300
"12_3_est_GP_param.csv","mu[2]",0.585634669,12,3,300
"12_3_est_GP_param.csv","mu[3]",-1.485029833,12,3,300
"12_3_est_GP_param.csv","mu[4]",2.696962314,12,3,300
"12_3_est_GP_param.csv","mu[5]",0.354975305,12,3,300
"12_4_est_GP_param.csv","alpha",2.296528202,12,4,300
"12_4_est_GP_param.csv","rho",0.808905746,12,4,300
"12_4_est_GP_param.csv","sigma",2.660456396,12,4,300
"12_4_est_GP_param.csv","mu[1]",6.955672012,12,4,300
"12_4_est_GP_param.csv","mu[2]",-0.741780963,12,4,300
"12_4_est_GP_param.csv","mu[3]",1.002636315,12,4,300
"12_4_est_GP_param.csv","mu[4]",-1.694912828,12,4,300
"12_4_est_GP_param.csv","mu[5]",-2.636642022,12,4,300
"12_5_est_GP_param.csv","alpha",3.569028946,12,5,300
"12_5_est_GP_param.csv","rho",2.441919705,12,5,300
"12_5_est_GP_param.csv","sigma",2.911970692,12,5,300
"12_5_est_GP_param.csv","mu[1]",-1.224489489,12,5,300
"12_5_est_GP_param.csv","mu[2]",-1.177183736,12,5,300
"12_5_est_GP_param.csv","mu[3]",3.329548975,12,5,300
"12_5_est_GP_param.csv","mu[4]",-3.247121781,12,5,300
"12_5_est_GP_param.csv","mu[5]",1.561783869,12,5,300
"12_6_est_GP_param.csv","alpha",2.729814021,12,6,300
"12_6_est_GP_param.csv","rho",-2.00451158,12,6,300
"12_6_est_GP_param.csv","sigma",1.618652868,12,6,300
"12_6_est_GP_param.csv","mu[1]",2.235262627,12,6,300
"12_6_est_GP_param.csv","mu[2]",-1.888398761,12,6,300
"12_6_est_GP_param.csv","mu[3]",3.897229478,12,6,300
"12_6_est_GP_param.csv","mu[4]",-0.424435235,12,6,300
"12_6_est_GP_param.csv","mu[5]",-1.659600879,12,6,300
"12_7_est_GP_param.csv","alpha",2.475487994,12,7,300
"12_7_est_GP_param.csv","rho",0.647657453,12,7,300
"12_7_est_GP_param.csv","sigma",2.688875415,12,7,300
"12_7_est_GP_param.csv","mu[1]",3.510446085,12,7,300
"12_7_est_GP_param.csv","mu[2]",-3.290936314,12,7,300
"12_7_est_GP_param.csv","mu[3]",-0.304667892,12,7,300
"12_7_est_GP_param.csv","mu[4]",2.032350949,12,7,300
"12_7_est_GP_param.csv","mu[5]",-1.321074104,12,7,300
"12_8_est_GP_param.csv","alpha",2.785613805,12,8,300
"12_8_est_GP_param.csv","rho",-2.417826888,12,8,300
"12_8_est_GP_param.csv","sigma",1.753491747,12,8,300
"12_8_est_GP_param.csv","mu[1]",-0.323938046,12,8,300
"12_8_est_GP_param.csv","mu[2]",0.316611122,12,8,300
"12_8_est_GP_param.csv","mu[3]",0.618971015,12,8,300
"12_8_est_GP_param.csv","mu[4]",5.13700152,12,8,300
"12_8_est_GP_param.csv","mu[5]",0.842642188,12,8,300
"12_9_est_GP_param.csv","alpha",1.907156497,12,9,300
"12_9_est_GP_param.csv","rho",-0.002691426,12,9,300
"12_9_est_GP_param.csv","sigma",2.970998555,12,9,300
"12_9_est_GP_param.csv","mu[1]",0.004317972,12,9,300
"12_9_est_GP_param.csv","mu[2]",3.080154194,12,9,300
"12_9_est_GP_param.csv","mu[3]",1.599703705,12,9,300
"12_9_est_GP_param.csv","mu[4]",-2.626314331,12,9,300
"12_9_est_GP_param.csv","mu[5]",-3.851655768,12,9,300
"2_10_est_GP_param.csv","alpha",2.978421247,2,10,300
"2_10_est_GP_param.csv","rho",-2.163598248,2,10,300
"2_10_est_GP_param.csv","sigma",2.081209294,2,10,300
"2_10_est_GP_param.csv","mu[1]",3.340197074,2,10,300
"2_10_est_GP_param.csv","mu[2]",8.757014357,2,10,300
"2_10_est_GP_param.csv","mu[3]",4.21775407,2,10,300
"2_10_est_GP_param.csv","mu[4]",-4.071520058,2,10,300
"2_10_est_GP_param.csv","mu[5]",5.944602143,2,10,300
"2_11_est_GP_param.csv","alpha",3.45384215,2,11,300
"2_11_est_GP_param.csv","rho",-2.609814371,2,11,300
"2_11_est_GP_param.csv","sigma",1.133923127,2,11,300
"2_11_est_GP_param.csv","mu[1]",-1.670024455,2,11,300
"2_11_est_GP_param.csv","mu[2]",-0.537223674,2,11,300
"2_11_est_GP_param.csv","mu[3]",-1.62862587,2,11,300
"2_11_est_GP_param.csv","mu[4]",-0.177321826,2,11,300
"2_11_est_GP_param.csv","mu[5]",3.658412183,2,11,300
"2_12_est_GP_param.csv","alpha",2.964713922,2,12,300
"2_12_est_GP_param.csv","rho",0.656445126,2,12,300
"2_12_est_GP_param.csv","sigma",2.990407527,2,12,300
"2_12_est_GP_param.csv","mu[1]",3.420287129,2,12,300
"2_12_est_GP_param.csv","mu[2]",-1.236955546,2,12,300
"2_12_est_GP_param.csv","mu[3]",-3.645135246,2,12,300
"2_12_est_GP_param.csv","mu[4]",1.812904,2,12,300
"2_12_est_GP_param.csv","mu[5]",-0.786372358,2,12,300
"2_13_est_GP_param.csv","alpha",3.022664872,2,13,300
"2_13_est_GP_param.csv","rho",-1.565715598,2,13,300
"2_13_est_GP_param.csv","sigma",2.133364839,2,13,300
"2_13_est_GP_param.csv","mu[1]",4.209853157,2,13,300
"2_13_est_GP_param.csv","mu[2]",-4.021016592,2,13,300
"2_13_est_GP_param.csv","mu[3]",-1.929255226,2,13,300
"2_13_est_GP_param.csv","mu[4]",-0.918268943,2,13,300
"2_13_est_GP_param.csv","mu[5]",1.041065379,2,13,300
"2_14_est_GP_param.csv","alpha",3.36192858,2,14,300
"2_14_est_GP_param.csv","rho",-2.701729298,2,14,300
"2_14_est_GP_param.csv","sigma",1.401412298,2,14,300
"2_14_est_GP_param.csv","mu[1]",-2.911530555,2,14,300
"2_14_est_GP_param.csv","mu[2]",3.963404391,2,14,300
"2_14_est_GP_param.csv","mu[3]",0.347153534,2,14,300
"2_14_est_GP_param.csv","mu[4]",-0.958481389,2,14,300
"2_14_est_GP_param.csv","mu[5]",0.200256829,2,14,300
"2_15_est_GP_param.csv","alpha",3.445744998,2,15,300
"2_15_est_GP_param.csv","rho",-2.611800401,2,15,300
"2_15_est_GP_param.csv","sigma",0.953303532,2,15,300
"2_15_est_GP_param.csv","mu[1]",6.266873612,2,15,300
"2_15_est_GP_param.csv","mu[2]",-3.153119668,2,15,300
"2_15_est_GP_param.csv","mu[3]",3.139549744,2,15,300
"2_15_est_GP_param.csv","mu[4]",-2.847860675,2,15,300
"2_15_est_GP_param.csv","mu[5]",1.662172834,2,15,300
"2_16_est_GP_param.csv","alpha",2.465796415,2,16,300
"2_16_est_GP_param.csv","rho",-1.93579634,2,16,300
"2_16_est_GP_param.csv","sigma",2.406624356,2,16,300
"2_16_est_GP_param.csv","mu[1]",1.272474815,2,16,300
"2_16_est_GP_param.csv","mu[2]",0.953328253,2,16,300
"2_16_est_GP_param.csv","mu[3]",-1.016739794,2,16,300
"2_16_est_GP_param.csv","mu[4]",-3.718530877,2,16,300
"2_16_est_GP_param.csv","mu[5]",2.766441684,2,16,300
"2_17_est_GP_param.csv","alpha",3.234678793,2,17,300
"2_17_est_GP_param.csv","rho",-0.174815048,2,17,300
"2_17_est_GP_param.csv","sigma",2.298739681,2,17,300
"2_17_est_GP_param.csv","mu[1]",-3.901786306,2,17,300
"2_17_est_GP_param.csv","mu[2]",3.626503207,2,17,300
"2_17_est_GP_param.csv","mu[3]",-3.89381865,2,17,300
"2_17_est_GP_param.csv","mu[4]",0.24601479,2,17,300
"2_17_est_GP_param.csv","mu[5]",1.640764696,2,17,300
"2_18_est_GP_param.csv","alpha",3.078768001,2,18,300
"2_18_est_GP_param.csv","rho",-2.704185738,2,18,300
"2_18_est_GP_param.csv","sigma",1.351427667,2,18,300
"2_18_est_GP_param.csv","mu[1]",-2.397822038,2,18,300
"2_18_est_GP_param.csv","mu[2]",-0.396323519,2,18,300
"2_18_est_GP_param.csv","mu[3]",-0.39523898,2,18,300
"2_18_est_GP_param.csv","mu[4]",2.880509625,2,18,300
"2_18_est_GP_param.csv","mu[5]",-1.177211113,2,18,300
"2_19_est_GP_param.csv","alpha",2.06460625,2,19,300
"2_19_est_GP_param.csv","rho",-1.519061819,2,19,300
"2_19_est_GP_param.csv","sigma",3.1075714,2,19,300
"2_19_est_GP_param.csv","mu[1]",1.042489643,2,19,300
"2_19_est_GP_param.csv","mu[2]",-2.404016196,2,19,300
"2_19_est_GP_param.csv","mu[3]",2.306563696,2,19,300
"2_19_est_GP_param.csv","mu[4]",5.974028,2,19,300
"2_19_est_GP_param.csv","mu[5]",-4.506094281,2,19,300
"2_2_est_GP_param.csv","alpha",2.656173746,2,2,300
"2_2_est_GP_param.csv","rho",-2.101660016,2,2,300
"2_2_est_GP_param.csv","sigma",2.584576655,2,2,300
"2_2_est_GP_param.csv","mu[1]",-0.323253333,2,2,300
"2_2_est_GP_param.csv","mu[2]",1.84212933,2,2,300
"2_2_est_GP_param.csv","mu[3]",-4.689679973,2,2,300
"2_2_est_GP_param.csv","mu[4]",-3.283981609,2,2,300
"2_2_est_GP_param.csv","mu[5]",-0.872935127,2,2,300
"2_20_est_GP_param.csv","alpha",3.090965579,2,20,300
"2_20_est_GP_param.csv","rho",-2.631174626,2,20,300
"2_20_est_GP_param.csv","sigma",1.863013924,2,20,300
"2_20_est_GP_param.csv","mu[1]",3.94527147,2,20,300
"2_20_est_GP_param.csv","mu[2]",-0.263464706,2,20,300
"2_20_est_GP_param.csv","mu[3]",-4.123796768,2,20,300
"2_20_est_GP_param.csv","mu[4]",-1.29640111,2,20,300
"2_20_est_GP_param.csv","mu[5]",0.97270653,2,20,300
"2_3_est_GP_param.csv","alpha",3.577799349,2,3,300
"2_3_est_GP_param.csv","rho",-2.554880137,2,3,300
"2_3_est_GP_param.csv","sigma",0.958526909,2,3,300
"2_3_est_GP_param.csv","mu[1]",-0.629705717,2,3,300
"2_3_est_GP_param.csv","mu[2]",5.829473978,2,3,300
"2_3_est_GP_param.csv","mu[3]",4.523138476,2,3,300
"2_3_est_GP_param.csv","mu[4]",0.910601308,2,3,300
"2_3_est_GP_param.csv","mu[5]",0.755009444,2,3,300
"2_4_est_GP_param.csv","alpha",3.513658507,2,4,300
"2_4_est_GP_param.csv","rho",-2.845467425,2,4,300
"2_4_est_GP_param.csv","sigma",0.920081333,2,4,300
"2_4_est_GP_param.csv","mu[1]",-1.400548841,2,4,300
"2_4_est_GP_param.csv","mu[2]",3.053520039,2,4,300
"2_4_est_GP_param.csv","mu[3]",0.612405183,2,4,300
"2_4_est_GP_param.csv","mu[4]",-4.783114206,2,4,300
"2_4_est_GP_param.csv","mu[5]",-0.929343164,2,4,300
"2_5_est_GP_param.csv","alpha",2.300729747,2,5,300
"2_5_est_GP_param.csv","rho",-1.907999081,2,5,300
"2_5_est_GP_param.csv","sigma",2.572547249,2,5,300
"2_5_est_GP_param.csv","mu[1]",2.703261225,2,5,300
"2_5_est_GP_param.csv","mu[2]",-0.263351926,2,5,300
"2_5_est_GP_param.csv","mu[3]",-0.633878405,2,5,300
"2_5_est_GP_param.csv","mu[4]",4.602051725,2,5,300
"2_5_est_GP_param.csv","mu[5]",-0.27848522,2,5,300
"2_6_est_GP_param.csv","alpha",2.68867654,2,6,300
"2_6_est_GP_param.csv","rho",-1.816538073,2,6,300
"2_6_est_GP_param.csv","sigma",1.720832888,2,6,300
"2_6_est_GP_param.csv","mu[1]",-0.635204049,2,6,300
"2_6_est_GP_param.csv","mu[2]",-2.33719976,2,6,300
"2_6_est_GP_param.csv","mu[3]",2.014964087,2,6,300
"2_6_est_GP_param.csv","mu[4]",-1.768719673,2,6,300
"2_6_est_GP_param.csv","mu[5]",2.287135379,2,6,300
"2_7_est_GP_param.csv","alpha",2.796957261,2,7,300
"2_7_est_GP_param.csv","rho",-2.16130607,2,7,300
"2_7_est_GP_param.csv","sigma",2.064567166,2,7,300
"2_7_est_GP_param.csv","mu[1]",1.804078142,2,7,300
"2_7_est_GP_param.csv","mu[2]",8.138789638,2,7,300
"2_7_est_GP_param.csv","mu[3]",-0.764422112,2,7,300
"2_7_est_GP_param.csv","mu[4]",2.982503886,2,7,300
"2_7_est_GP_param.csv","mu[5]",5.414930113,2,7,300
"2_8_est_GP_param.csv","alpha",3.374025438,2,8,300
"2_8_est_GP_param.csv","rho",-2.739587995,2,8,300
"2_8_est_GP_param.csv","sigma",1.218819993,2,8,300
"2_8_est_GP_param.csv","mu[1]",-3.011964337,2,8,300
"2_8_est_GP_param.csv","mu[2]",3.538732735,2,8,300
"2_8_est_GP_param.csv","mu[3]",0.819382936,2,8,300
"2_8_est_GP_param.csv","mu[4]",0.814037961,2,8,300
"2_8_est_GP_param.csv","mu[5]",2.729699139,2,8,300
"2_9_est_GP_param.csv","alpha",2.960373661,2,9,300
"2_9_est_GP_param.csv","rho",-2.470515148,2,9,300
"2_9_est_GP_param.csv","sigma",2.165776712,2,9,300
"2_9_est_GP_param.csv","mu[1]",-2.153475804,2,9,300
"2_9_est_GP_param.csv","mu[2]",-0.535014068,2,9,300
"2_9_est_GP_param.csv","mu[3]",-0.630554186,2,9,300
"2_9_est_GP_param.csv","mu[4]",-3.692926115,2,9,300
"2_9_est_GP_param.csv","mu[5]",0.75129727,2,9,300
"3_10_est_GP_param.csv","alpha",2.548733583,3,10,300
"3_10_est_GP_param.csv","rho",-1.225806836,3,10,300
"3_10_est_GP_param.csv","sigma",2.785656961,3,10,300
"3_10_est_GP_param.csv","mu[1]",-1.872013814,3,10,300
"3_10_est_GP_param.csv","mu[2]",1.962096582,3,10,300
"3_10_est_GP_param.csv","mu[3]",2.830398115,3,10,300
"3_10_est_GP_param.csv","mu[4]",-0.532997671,3,10,300
"3_10_est_GP_param.csv","mu[5]",2.650108787,3,10,300
"3_11_est_GP_param.csv","alpha",2.240757518,3,11,300
"3_11_est_GP_param.csv","rho",-1.110545743,3,11,300
"3_11_est_GP_param.csv","sigma",2.712303212,3,11,300
"3_11_est_GP_param.csv","mu[1]",-0.252961152,3,11,300
"3_11_est_GP_param.csv","mu[2]",-2.380311004,3,11,300
"3_11_est_GP_param.csv","mu[3]",-4.574268078,3,11,300
"3_11_est_GP_param.csv","mu[4]",1.914410894,3,11,300
"3_11_est_GP_param.csv","mu[5]",-3.480959272,3,11,300
"3_12_est_GP_param.csv","alpha",2.240304399,3,12,300
"3_12_est_GP_param.csv","rho",-1.784836031,3,12,300
"3_12_est_GP_param.csv","sigma",2.47585877,3,12,300
"3_12_est_GP_param.csv","mu[1]",5.066783163,3,12,300
"3_12_est_GP_param.csv","mu[2]",1.444270958,3,12,300
"3_12_est_GP_param.csv","mu[3]",1.437986916,3,12,300
"3_12_est_GP_param.csv","mu[4]",3.861607437,3,12,300
"3_12_est_GP_param.csv","mu[5]",-1.18859166,3,12,300
"3_13_est_GP_param.csv","alpha",2.412866932,3,13,300
"3_13_est_GP_param.csv","rho",-1.861664448,3,13,300
"3_13_est_GP_param.csv","sigma",2.545902825,3,13,300
"3_13_est_GP_param.csv","mu[1]",-2.049310783,3,13,300
"3_13_est_GP_param.csv","mu[2]",-2.56213966,3,13,300
"3_13_est_GP_param.csv","mu[3]",-0.105250382,3,13,300
"3_13_est_GP_param.csv","mu[4]",1.588459516,3,13,300
"3_13_est_GP_param.csv","mu[5]",-0.514011063,3,13,300
"3_14_est_GP_param.csv","alpha",3.208060189,3,14,300
"3_14_est_GP_param.csv","rho",-2.70421901,3,14,300
"3_14_est_GP_param.csv","sigma",1.585980639,3,14,300
"3_14_est_GP_param.csv","mu[1]",-4.343815793,3,14,300
"3_14_est_GP_param.csv","mu[2]",-1.374298964,3,14,300
"3_14_est_GP_param.csv","mu[3]",0.6670735,3,14,300
"3_14_est_GP_param.csv","mu[4]",-3.321084514,3,14,300
"3_14_est_GP_param.csv","mu[5]",5.355754475,3,14,300
"3_15_est_GP_param.csv","alpha",3.323333922,3,15,300
"3_15_est_GP_param.csv","rho",-2.427800141,3,15,300
"3_15_est_GP_param.csv","sigma",1.241648446,3,15,300
"3_15_est_GP_param.csv","mu[1]",-0.206683876,3,15,300
"3_15_est_GP_param.csv","mu[2]",4.441434297,3,15,300
"3_15_est_GP_param.csv","mu[3]",-1.769216172,3,15,300
"3_15_est_GP_param.csv","mu[4]",0.67986173,3,15,300
"3_15_est_GP_param.csv","mu[5]",5.877841238,3,15,300
"3_16_est_GP_param.csv","alpha",2.44673383,3,16,300
"3_16_est_GP_param.csv","rho",-1.288163946,3,16,300
"3_16_est_GP_param.csv","sigma",3.071420156,3,16,300
"3_16_est_GP_param.csv","mu[1]",-0.105297335,3,16,300
"3_16_est_GP_param.csv","mu[2]",2.382947399,3,16,300
"3_16_est_GP_param.csv","mu[3]",1.178308618,3,16,300
"3_16_est_GP_param.csv","mu[4]",0.043264729,3,16,300
"3_16_est_GP_param.csv","mu[5]",-2.097014375,3,16,300
"3_17_est_GP_param.csv","alpha",3.066563699,3,17,300
"3_17_est_GP_param.csv","rho",-1.874546271,3,17,300
"3_17_est_GP_param.csv","sigma",2.063851294,3,17,300
"3_17_est_GP_param.csv","mu[1]",-1.067058395,3,17,300
"3_17_est_GP_param.csv","mu[2]",3.612077602,3,17,300
"3_17_est_GP_param.csv","mu[3]",-2.346999592,3,17,300
"3_17_est_GP_param.csv","mu[4]",1.947500581,3,17,300
"3_17_est_GP_param.csv","mu[5]",-1.003940102,3,17,300
"3_18_est_GP_param.csv","alpha",2.472078935,3,18,300
"3_18_est_GP_param.csv","rho",-1.153967474,3,18,300
"3_18_est_GP_param.csv","sigma",2.825882748,3,18,300
"3_18_est_GP_param.csv","mu[1]",2.188729779,3,18,300
"3_18_est_GP_param.csv","mu[2]",4.878787894,3,18,300
"3_18_est_GP_param.csv","mu[3]",1.980483858,3,18,300
"3_18_est_GP_param.csv","mu[4]",1.527139517,3,18,300
"3_18_est_GP_param.csv","mu[5]",0.620070145,3,18,300
"3_19_est_GP_param.csv","alpha",3.258895268,3,19,300
"3_19_est_GP_param.csv","rho",-2.753540591,3,19,300
"3_19_est_GP_param.csv","sigma",1.378288593,3,19,300
"3_19_est_GP_param.csv","mu[1]",-0.92261367,3,19,300
"3_19_est_GP_param.csv","mu[2]",5.115262757,3,19,300
"3_19_est_GP_param.csv","mu[3]",0.383456922,3,19,300
"3_19_est_GP_param.csv","mu[4]",-2.324994662,3,19,300
"3_19_est_GP_param.csv","mu[5]",-3.875045879,3,19,300
"3_2_est_GP_param.csv","alpha",2.182910418,3,2,300
"3_2_est_GP_param.csv","rho",0.111420222,3,2,300
"3_2_est_GP_param.csv","sigma",3.338758394,3,2,300
"3_2_est_GP_param.csv","mu[1]",-0.580086125,3,2,300
"3_2_est_GP_param.csv","mu[2]",4.739958262,3,2,300
"3_2_est_GP_param.csv","mu[3]",-2.525374824,3,2,300
"3_2_est_GP_param.csv","mu[4]",-0.521097638,3,2,300
"3_2_est_GP_param.csv","mu[5]",2.230193222,3,2,300
"3_20_est_GP_param.csv","alpha",2.842929818,3,20,300
"3_20_est_GP_param.csv","rho",-1.984178217,3,20,300
"3_20_est_GP_param.csv","sigma",2.011989361,3,20,300
"3_20_est_GP_param.csv","mu[1]",-0.261033815,3,20,300
"3_20_est_GP_param.csv","mu[2]",-1.708020624,3,20,300
"3_20_est_GP_param.csv","mu[3]",0.166662795,3,20,300
"3_20_est_GP_param.csv","mu[4]",7.312424178,3,20,300
"3_20_est_GP_param.csv","mu[5]",4.02064465,3,20,300
"3_3_est_GP_param.csv","alpha",2.604340149,3,3,300
"3_3_est_GP_param.csv","rho",-1.883609007,3,3,300
"3_3_est_GP_param.csv","sigma",2.400061791,3,3,300
"3_3_est_GP_param.csv","mu[1]",2.452662176,3,3,300
"3_3_est_GP_param.csv","mu[2]",-3.074851727,3,3,300
"3_3_est_GP_param.csv","mu[3]",-1.610105922,3,3,300
"3_3_est_GP_param.csv","mu[4]",-1.987971767,3,3,300
"3_3_est_GP_param.csv","mu[5]",-3.004968732,3,3,300
"3_4_est_GP_param.csv","alpha",2.521077841,3,4,300
"3_4_est_GP_param.csv","rho",-1.374603935,3,4,300
"3_4_est_GP_param.csv","sigma",2.404063531,3,4,300
"3_4_est_GP_param.csv","mu[1]",6.195361606,3,4,300
"3_4_est_GP_param.csv","mu[2]",-0.408211588,3,4,300
"3_4_est_GP_param.csv","mu[3]",4.874113362,3,4,300
"3_4_est_GP_param.csv","mu[4]",-0.632136897,3,4,300
"3_4_est_GP_param.csv","mu[5]",-2.42623118,3,4,300
"3_5_est_GP_param.csv","alpha",3.414511934,3,5,300
"3_5_est_GP_param.csv","rho",2.266826972,3,5,300
"3_5_est_GP_param.csv","sigma",3.461461885,3,5,300
"3_5_est_GP_param.csv","mu[1]",1.835041521,3,5,300
"3_5_est_GP_param.csv","mu[2]",-0.762324564,3,5,300
"3_5_est_GP_param.csv","mu[3]",-2.950101075,3,5,300
"3_5_est_GP_param.csv","mu[4]",3.850104743,3,5,300
"3_5_est_GP_param.csv","mu[5]",-2.531964719,3,5,300
"3_6_est_GP_param.csv","alpha",2.534272793,3,6,300
"3_6_est_GP_param.csv","rho",-1.804894326,3,6,300
"3_6_est_GP_param.csv","sigma",2.08933148,3,6,300
"3_6_est_GP_param.csv","mu[1]",1.540933281,3,6,300
"3_6_est_GP_param.csv","mu[2]",-3.713241208,3,6,300
"3_6_est_GP_param.csv","mu[3]",2.365093366,3,6,300
"3_6_est_GP_param.csv","mu[4]",3.264478373,3,6,300
"3_6_est_GP_param.csv","mu[5]",-2.509610795,3,6,300
"3_7_est_GP_param.csv","alpha",2.486445154,3,7,300
"3_7_est_GP_param.csv","rho",-2.179550598,3,7,300
"3_7_est_GP_param.csv","sigma",2.167971738,3,7,300
"3_7_est_GP_param.csv","mu[1]",4.044662174,3,7,300
"3_7_est_GP_param.csv","mu[2]",-4.43734102,3,7,300
"3_7_est_GP_param.csv","mu[3]",3.934477386,3,7,300
"3_7_est_GP_param.csv","mu[4]",2.789609938,3,7,300
"3_7_est_GP_param.csv","mu[5]",3.261488563,3,7,300
"3_8_est_GP_param.csv","alpha",2.356542768,3,8,300
"3_8_est_GP_param.csv","rho",0.089439619,3,8,300
"3_8_est_GP_param.csv","sigma",3.384580163,3,8,300
"3_8_est_GP_param.csv","mu[1]",1.015709974,3,8,300
"3_8_est_GP_param.csv","mu[2]",5.067883931,3,8,300
"3_8_est_GP_param.csv","mu[3]",2.255491771,3,8,300
"3_8_est_GP_param.csv","mu[4]",0.069894177,3,8,300
"3_8_est_GP_param.csv","mu[5]",7.119889167,3,8,300
"3_9_est_GP_param.csv","alpha",2.589400714,3,9,300
"3_9_est_GP_param.csv","rho",-1.940083862,3,9,300
"3_9_est_GP_param.csv","sigma",2.464348349,3,9,300
"3_9_est_GP_param.csv","mu[1]",-3.255690423,3,9,300
"3_9_est_GP_param.csv","mu[2]",-1.542117043,3,9,300
"3_9_est_GP_param.csv","mu[3]",-1.628815239,3,9,300
"3_9_est_GP_param.csv","mu[4]",-2.243691224,3,9,300
"3_9_est_GP_param.csv","mu[5]",-2.640038272,3,9,300
"4_10_est_GP_param.csv","alpha",2.909120396,4,10,300
"4_10_est_GP_param.csv","rho",-0.747860712,4,10,300
"4_10_est_GP_param.csv","sigma",2.804592871,4,10,300
"4_10_est_GP_param.csv","mu[1]",3.693507585,4,10,300
"4_10_est_GP_param.csv","mu[2]",-0.925329192,4,10,300
"4_10_est_GP_param.csv","mu[3]",0.925393445,4,10,300
"4_10_est_GP_param.csv","mu[4]",1.431235364,4,10,300
"4_10_est_GP_param.csv","mu[5]",1.700039056,4,10,300
"4_11_est_GP_param.csv","alpha",2.472325531,4,11,300
"4_11_est_GP_param.csv","rho",-1.10883795,4,11,300
"4_11_est_GP_param.csv","sigma",2.758560116,4,11,300
"4_11_est_GP_param.csv","mu[1]",2.242463465,4,11,300
"4_11_est_GP_param.csv","mu[2]",0.093276795,4,11,300
"4_11_est_GP_param.csv","mu[3]",-2.713199024,4,11,300
"4_11_est_GP_param.csv","mu[4]",1.467247002,4,11,300
"4_11_est_GP_param.csv","mu[5]",3.179621113,4,11,300
"4_12_est_GP_param.csv","alpha",2.406066323,4,12,300
"4_12_est_GP_param.csv","rho",-0.837373299,4,12,300
"4_12_est_GP_param.csv","sigma",2.904590655,4,12,300
"4_12_est_GP_param.csv","mu[1]",-0.644746639,4,12,300
"4_12_est_GP_param.csv","mu[2]",3.086952146,4,12,300
"4_12_est_GP_param.csv","mu[3]",0.915486869,4,12,300
"4_12_est_GP_param.csv","mu[4]",0.684065933,4,12,300
"4_12_est_GP_param.csv","mu[5]",-0.553627723,4,12,300
"4_13_est_GP_param.csv","alpha",2.190965378,4,13,300
"4_13_est_GP_param.csv","rho",-0.8192931,4,13,300
"4_13_est_GP_param.csv","sigma",2.968196422,4,13,300
"4_13_est_GP_param.csv","mu[1]",-1.173870267,4,13,300
"4_13_est_GP_param.csv","mu[2]",3.558187817,4,13,300
"4_13_est_GP_param.csv","mu[3]",0.224749704,4,13,300
"4_13_est_GP_param.csv","mu[4]",-2.815044281,4,13,300
"4_13_est_GP_param.csv","mu[5]",3.767648732,4,13,300
"4_14_est_GP_param.csv","alpha",2.770340856,4,14,300
"4_14_est_GP_param.csv","rho",-1.049865644,4,14,300
"4_14_est_GP_param.csv","sigma",2.909707743,4,14,300
"4_14_est_GP_param.csv","mu[1]",-2.231708348,4,14,300
"4_14_est_GP_param.csv","mu[2]",-1.090275214,4,14,300
"4_14_est_GP_param.csv","mu[3]",3.38695867,4,14,300
"4_14_est_GP_param.csv","mu[4]",-1.452151702,4,14,300
"4_14_est_GP_param.csv","mu[5]",4.178354313,4,14,300
"4_15_est_GP_param.csv","alpha",4.137222272,4,15,300
"4_15_est_GP_param.csv","rho",0.852819298,4,15,300
"4_15_est_GP_param.csv","sigma",3.070678339,4,15,300
"4_15_est_GP_param.csv","mu[1]",-3.912805163,4,15,300
"4_15_est_GP_param.csv","mu[2]",2.618832354,4,15,300
"4_15_est_GP_param.csv","mu[3]",-1.666718347,4,15,300
"4_15_est_GP_param.csv","mu[4]",1.596570658,4,15,300
"4_15_est_GP_param.csv","mu[5]",1.335480174,4,15,300
"4_16_est_GP_param.csv","alpha",1.753493233,4,16,300
"4_16_est_GP_param.csv","rho",-0.463934436,4,16,300
"4_16_est_GP_param.csv","sigma",3.167378073,4,16,300
"4_16_est_GP_param.csv","mu[1]",2.219957617,4,16,300
"4_16_est_GP_param.csv","mu[2]",0.34303857,4,16,300
"4_16_est_GP_param.csv","mu[3]",2.610418428,4,16,300
"4_16_est_GP_param.csv","mu[4]",0.230289399,4,16,300
"4_16_est_GP_param.csv","mu[5]",-0.521675703,4,16,300
"4_17_est_GP_param.csv","alpha",2.776910645,4,17,300
"4_17_est_GP_param.csv","rho",-1.787465341,4,17,300
"4_17_est_GP_param.csv","sigma",1.882894472,4,17,300
"4_17_est_GP_param.csv","mu[1]",-2.293341736,4,17,300
"4_17_est_GP_param.csv","mu[2]",-2.592995593,4,17,300
"4_17_est_GP_param.csv","mu[3]",-1.146243861,4,17,300
"4_17_est_GP_param.csv","mu[4]",0.665429318,4,17,300
"4_17_est_GP_param.csv","mu[5]",-1.864643358,4,17,300
"4_18_est_GP_param.csv","alpha",1.743438517,4,18,300
"4_18_est_GP_param.csv","rho",-0.480336225,4,18,300
"4_18_est_GP_param.csv","sigma",2.850780608,4,18,300
"4_18_est_GP_param.csv","mu[1]",-0.971741763,4,18,300
"4_18_est_GP_param.csv","mu[2]",0.230963666,4,18,300
"4_18_est_GP_param.csv","mu[3]",2.345920487,4,18,300
"4_18_est_GP_param.csv","mu[4]",-2.908767676,4,18,300
"4_18_est_GP_param.csv","mu[5]",0.869419343,4,18,300
"4_19_est_GP_param.csv","alpha",2.22871161,4,19,300
"4_19_est_GP_param.csv","rho",-0.75454718,4,19,300
"4_19_est_GP_param.csv","sigma",2.841407689,4,19,300
"4_19_est_GP_param.csv","mu[1]",-3.31102667,4,19,300
"4_19_est_GP_param.csv","mu[2]",0.898017218,4,19,300
"4_19_est_GP_param.csv","mu[3]",1.14259605,4,19,300
"4_19_est_GP_param.csv","mu[4]",-1.131721619,4,19,300
"4_19_est_GP_param.csv","mu[5]",-2.288975565,4,19,300
"4_2_est_GP_param.csv","alpha",2.193888091,4,2,300
"4_2_est_GP_param.csv","rho",-0.442671741,4,2,300
"4_2_est_GP_param.csv","sigma",2.953652542,4,2,300
"4_2_est_GP_param.csv","mu[1]",2.457473644,4,2,300
"4_2_est_GP_param.csv","mu[2]",-3.191944769,4,2,300
"4_2_est_GP_param.csv","mu[3]",-3.506082113,4,2,300
"4_2_est_GP_param.csv","mu[4]",-0.169988128,4,2,300
"4_2_est_GP_param.csv","mu[5]",-0.087895426,4,2,300
"4_20_est_GP_param.csv","alpha",2.460246258,4,20,300
"4_20_est_GP_param.csv","rho",-0.308474283,4,20,300
"4_20_est_GP_param.csv","sigma",3.019230394,4,20,300
"4_20_est_GP_param.csv","mu[1]",-0.068044036,4,20,300
"4_20_est_GP_param.csv","mu[2]",0.278680009,4,20,300
"4_20_est_GP_param.csv","mu[3]",-0.407724978,4,20,300
"4_20_est_GP_param.csv","mu[4]",1.324755697,4,20,300
"4_20_est_GP_param.csv","mu[5]",-2.083301839,4,20,300
"4_3_est_GP_param.csv","alpha",2.514892867,4,3,300
"4_3_est_GP_param.csv","rho",0.676066004,4,3,300
"4_3_est_GP_param.csv","sigma",3.287235086,4,3,300
"4_3_est_GP_param.csv","mu[1]",-3.566434762,4,3,300
"4_3_est_GP_param.csv","mu[2]",-1.102037272,4,3,300
"4_3_est_GP_param.csv","mu[3]",-3.235495378,4,3,300
"4_3_est_GP_param.csv","mu[4]",2.03194879,4,3,300
"4_3_est_GP_param.csv","mu[5]",-3.209166614,4,3,300
"4_4_est_GP_param.csv","alpha",3.006087087,4,4,300
"4_4_est_GP_param.csv","rho",-0.599882773,4,4,300
"4_4_est_GP_param.csv","sigma",2.832086083,4,4,300
"4_4_est_GP_param.csv","mu[1]",-1.117233608,4,4,300
"4_4_est_GP_param.csv","mu[2]",4.000174246,4,4,300
"4_4_est_GP_param.csv","mu[3]",-0.238569654,4,4,300
"4_4_est_GP_param.csv","mu[4]",-4.660727955,4,4,300
"4_4_est_GP_param.csv","mu[5]",-3.24169811,4,4,300
"4_5_est_GP_param.csv","alpha",2.298186347,4,5,300
"4_5_est_GP_param.csv","rho",-0.716841032,4,5,300
"4_5_est_GP_param.csv","sigma",2.909052549,4,5,300
"4_5_est_GP_param.csv","mu[1]",3.109144367,4,5,300
"4_5_est_GP_param.csv","mu[2]",1.865920527,4,5,300
"4_5_est_GP_param.csv","mu[3]",-3.601838356,4,5,300
"4_5_est_GP_param.csv","mu[4]",-1.103916644,4,5,300
"4_5_est_GP_param.csv","mu[5]",-0.341941791,4,5,300
"4_6_est_GP_param.csv","alpha",2.126190067,4,6,300
"4_6_est_GP_param.csv","rho",-1.151565947,4,6,300
"4_6_est_GP_param.csv","sigma",2.588165447,4,6,300
"4_6_est_GP_param.csv","mu[1]",1.128264397,4,6,300
"4_6_est_GP_param.csv","mu[2]",2.083797586,4,6,300
"4_6_est_GP_param.csv","mu[3]",-3.464868195,4,6,300
"4_6_est_GP_param.csv","mu[4]",-0.938803625,4,6,300
"4_6_est_GP_param.csv","mu[5]",-1.729480704,4,6,300
"4_7_est_GP_param.csv","alpha",1.933414889,4,7,300
"4_7_est_GP_param.csv","rho",-0.296286941,4,7,300
"4_7_est_GP_param.csv","sigma",3.026088748,4,7,300
"4_7_est_GP_param.csv","mu[1]",3.372970769,4,7,300
"4_7_est_GP_param.csv","mu[2]",-1.768370515,4,7,300
"4_7_est_GP_param.csv","mu[3]",-3.041039152,4,7,300
"4_7_est_GP_param.csv","mu[4]",-3.159667735,4,7,300
"4_7_est_GP_param.csv","mu[5]",-1.407532117,4,7,300
"4_8_est_GP_param.csv","alpha",2.535292616,4,8,300
"4_8_est_GP_param.csv","rho",-0.535632688,4,8,300
"4_8_est_GP_param.csv","sigma",2.737512956,4,8,300
"4_8_est_GP_param.csv","mu[1]",1.416073021,4,8,300
"4_8_est_GP_param.csv","mu[2]",2.708044206,4,8,300
"4_8_est_GP_param.csv","mu[3]",9.579321591,4,8,300
"4_8_est_GP_param.csv","mu[4]",2.357907451,4,8,300
"4_8_est_GP_param.csv","mu[5]",-2.040653198,4,8,300
"4_9_est_GP_param.csv","alpha",2.433974883,4,9,300
"4_9_est_GP_param.csv","rho",-0.420875949,4,9,300
"4_9_est_GP_param.csv","sigma",3.054071674,4,9,300
"4_9_est_GP_param.csv","mu[1]",3.439644491,4,9,300
"4_9_est_GP_param.csv","mu[2]",4.864264242,4,9,300
"4_9_est_GP_param.csv","mu[3]",-2.207222857,4,9,300
"4_9_est_GP_param.csv","mu[4]",-4.237822141,4,9,300
"4_9_est_GP_param.csv","mu[5]",-4.347085494,4,9,300
"5_10_est_GP_param.csv","alpha",2.287506235,5,10,300
"5_10_est_GP_param.csv","rho",-0.732650279,5,10,300
"5_10_est_GP_param.csv","sigma",2.743865268,5,10,300
"5_10_est_GP_param.csv","mu[1]",2.013376884,5,10,300
"5_10_est_GP_param.csv","mu[2]",0.856189998,5,10,300
"5_10_est_GP_param.csv","mu[3]",-4.137973143,5,10,300
"5_10_est_GP_param.csv","mu[4]",0.211882792,5,10,300
"5_10_est_GP_param.csv","mu[5]",2.84124007,5,10,300
"5_11_est_GP_param.csv","alpha",2.86808977,5,11,300
"5_11_est_GP_param.csv","rho",0.558458499,5,11,300
"5_11_est_GP_param.csv","sigma",3.029846532,5,11,300
"5_11_est_GP_param.csv","mu[1]",1.921162597,5,11,300
"5_11_est_GP_param.csv","mu[2]",-0.932739707,5,11,300
"5_11_est_GP_param.csv","mu[3]",-0.751541918,5,11,300
"5_11_est_GP_param.csv","mu[4]",5.962034961,5,11,300
"5_11_est_GP_param.csv","mu[5]",-0.717173025,5,11,300
"5_12_est_GP_param.csv","alpha",2.179614064,5,12,300
"5_12_est_GP_param.csv","rho",-0.880834906,5,12,300
"5_12_est_GP_param.csv","sigma",2.744737142,5,12,300
"5_12_est_GP_param.csv","mu[1]",-2.632907783,5,12,300
"5_12_est_GP_param.csv","mu[2]",0.732651626,5,12,300
"5_12_est_GP_param.csv","mu[3]",-1.015990131,5,12,300
"5_12_est_GP_param.csv","mu[4]",1.194007855,5,12,300
"5_12_est_GP_param.csv","mu[5]",2.721229262,5,12,300
"5_13_est_GP_param.csv","alpha",2.368099115,5,13,300
"5_13_est_GP_param.csv","rho",0.311447285,5,13,300
"5_13_est_GP_param.csv","sigma",3.105941765,5,13,300
"5_13_est_GP_param.csv","mu[1]",1.550577384,5,13,300
"5_13_est_GP_param.csv","mu[2]",-0.748110524,5,13,300
"5_13_est_GP_param.csv","mu[3]",1.105426447,5,13,300
"5_13_est_GP_param.csv","mu[4]",1.552213178,5,13,300
"5_13_est_GP_param.csv","mu[5]",0.199160788,5,13,300
"5_14_est_GP_param.csv","alpha",2.115224016,5,14,300
"5_14_est_GP_param.csv","rho",-0.531483845,5,14,300
"5_14_est_GP_param.csv","sigma",2.816106844,5,14,300
"5_14_est_GP_param.csv","mu[1]",3.82809075,5,14,300
"5_14_est_GP_param.csv","mu[2]",-2.760809813,5,14,300
"5_14_est_GP_param.csv","mu[3]",3.926984902,5,14,300
"5_14_est_GP_param.csv","mu[4]",1.720534137,5,14,300
"5_14_est_GP_param.csv","mu[5]",-0.351391184,5,14,300
"5_15_est_GP_param.csv","alpha",2.396357155,5,15,300
"5_15_est_GP_param.csv","rho",-0.316436384,5,15,300
"5_15_est_GP_param.csv","sigma",2.821664699,5,15,300
"5_15_est_GP_param.csv","mu[1]",-1.647498429,5,15,300
"5_15_est_GP_param.csv","mu[2]",-3.957730467,5,15,300
"5_15_est_GP_param.csv","mu[3]",-4.374737447,5,15,300
"5_15_est_GP_param.csv","mu[4]",-2.447116985,5,15,300
"5_15_est_GP_param.csv","mu[5]",-2.81818208,5,15,300
"5_16_est_GP_param.csv","alpha",2.404978931,5,16,300
"5_16_est_GP_param.csv","rho",-0.240042627,5,16,300
"5_16_est_GP_param.csv","sigma",2.698371541,5,16,300
"5_16_est_GP_param.csv","mu[1]",0.556600048,5,16,300
"5_16_est_GP_param.csv","mu[2]",1.635025534,5,16,300
"5_16_est_GP_param.csv","mu[3]",-4.293931696,5,16,300
"5_16_est_GP_param.csv","mu[4]",0.11205065,5,16,300
"5_16_est_GP_param.csv","mu[5]",3.128178225,5,16,300
"5_17_est_GP_param.csv","alpha",2.073537846,5,17,300
"5_17_est_GP_param.csv","rho",0.011989355,5,17,300
"5_17_est_GP_param.csv","sigma",3.035931253,5,17,300
"5_17_est_GP_param.csv","mu[1]",-1.391874256,5,17,300
"5_17_est_GP_param.csv","mu[2]",-0.488992969,5,17,300
"5_17_est_GP_param.csv","mu[3]",1.936315279,5,17,300
"5_17_est_GP_param.csv","mu[4]",-0.52722842,5,17,300
"5_17_est_GP_param.csv","mu[5]",-4.163828611,5,17,300
"5_18_est_GP_param.csv","alpha",2.317610864,5,18,300
"5_18_est_GP_param.csv","rho",-0.578697828,5,18,300
"5_18_est_GP_param.csv","sigma",2.844984714,5,18,300
"5_18_est_GP_param.csv","mu[1]",-1.407355337,5,18,300
"5_18_est_GP_param.csv","mu[2]",0.964869393,5,18,300
"5_18_est_GP_param.csv","mu[3]",-0.968329138,5,18,300
"5_18_est_GP_param.csv","mu[4]",3.508453412,5,18,300
"5_18_est_GP_param.csv","mu[5]",1.424922975,5,18,300
"5_19_est_GP_param.csv","alpha",1.768503564,5,19,300
"5_19_est_GP_param.csv","rho",-0.612752914,5,19,300
"5_19_est_GP_param.csv","sigma",2.812649869,5,19,300
"5_19_est_GP_param.csv","mu[1]",1.568590165,5,19,300
"5_19_est_GP_param.csv","mu[2]",-0.896121257,5,19,300
"5_19_est_GP_param.csv","mu[3]",-0.540487833,5,19,300
"5_19_est_GP_param.csv","mu[4]",-0.163756632,5,19,300
"5_19_est_GP_param.csv","mu[5]",3.346879425,5,19,300
"5_2_est_GP_param.csv","alpha",2.053911734,5,2,300
"5_2_est_GP_param.csv","rho",-0.405379368,5,2,300
"5_2_est_GP_param.csv","sigma",3.076453334,5,2,300
"5_2_est_GP_param.csv","mu[1]",-0.348894736,5,2,300
"5_2_est_GP_param.csv","mu[2]",4.650934977,5,2,300
"5_2_est_GP_param.csv","mu[3]",0.961488563,5,2,300
"5_2_est_GP_param.csv","mu[4]",4.77455339,5,2,300
"5_2_est_GP_param.csv","mu[5]",2.938357772,5,2,300
"5_20_est_GP_param.csv","alpha",2.282653071,5,20,300
"5_20_est_GP_param.csv","rho",-0.467681088,5,20,300
"5_20_est_GP_param.csv","sigma",3.006206575,5,20,300
"5_20_est_GP_param.csv","mu[1]",1.297046957,5,20,300
"5_20_est_GP_param.csv","mu[2]",0.63237907,5,20,300
"5_20_est_GP_param.csv","mu[3]",-0.425531625,5,20,300
"5_20_est_GP_param.csv","mu[4]",3.743392351,5,20,300
"5_20_est_GP_param.csv","mu[5]",-0.647357284,5,20,300
"5_3_est_GP_param.csv","alpha",2.341174983,5,3,300
"5_3_est_GP_param.csv","rho",-0.56198453,5,3,300
"5_3_est_GP_param.csv","sigma",2.85262333,5,3,300
"5_3_est_GP_param.csv","mu[1]",-0.195565697,5,3,300
"5_3_est_GP_param.csv","mu[2]",1.95374279,5,3,300
"5_3_est_GP_param.csv","mu[3]",1.021171411,5,3,300
"5_3_est_GP_param.csv","mu[4]",-3.24645278,5,3,300
"5_3_est_GP_param.csv","mu[5]",3.277996415,5,3,300
"5_4_est_GP_param.csv","alpha",2.611180746,5,4,300
"5_4_est_GP_param.csv","rho",-0.531992488,5,4,300
"5_4_est_GP_param.csv","sigma",2.66763128,5,4,300
"5_4_est_GP_param.csv","mu[1]",5.811536066,5,4,300
"5_4_est_GP_param.csv","mu[2]",0.792245847,5,4,300
"5_4_est_GP_param.csv","mu[3]",-4.28875074,5,4,300
"5_4_est_GP_param.csv","mu[4]",-3.734468349,5,4,300
"5_4_est_GP_param.csv","mu[5]",-2.168063914,5,4,300
"5_5_est_GP_param.csv","alpha",2.508598955,5,5,300
"5_5_est_GP_param.csv","rho",-0.51754755,5,5,300
"5_5_est_GP_param.csv","sigma",2.774370966,5,5,300
"5_5_est_GP_param.csv","mu[1]",-0.462100848,5,5,300
"5_5_est_GP_param.csv","mu[2]",0.668699215,5,5,300
"5_5_est_GP_param.csv","mu[3]",2.228221079,5,5,300
"5_5_est_GP_param.csv","mu[4]",3.343392464,5,5,300
"5_5_est_GP_param.csv","mu[5]",-0.583274795,5,5,300
"5_6_est_GP_param.csv","alpha",2.644731139,5,6,300
"5_6_est_GP_param.csv","rho",0.176351563,5,6,300
"5_6_est_GP_param.csv","sigma",3.214592845,5,6,300
"5_6_est_GP_param.csv","mu[1]",-3.258419748,5,6,300
"5_6_est_GP_param.csv","mu[2]",2.2544621,5,6,300
"5_6_est_GP_param.csv","mu[3]",2.108116279,5,6,300
"5_6_est_GP_param.csv","mu[4]",-0.069982413,5,6,300
"5_6_est_GP_param.csv","mu[5]",-2.165166395,5,6,300
"5_7_est_GP_param.csv","alpha",2.483032524,5,7,300
"5_7_est_GP_param.csv","rho",-0.239374987,5,7,300
"5_7_est_GP_param.csv","sigma",2.984448499,5,7,300
"5_7_est_GP_param.csv","mu[1]",-2.008524888,5,7,300
"5_7_est_GP_param.csv","mu[2]",-1.83995744,5,7,300
"5_7_est_GP_param.csv","mu[3]",5.109299909,5,7,300
"5_7_est_GP_param.csv","mu[4]",0.660609712,5,7,300
"5_7_est_GP_param.csv","mu[5]",2.275795031,5,7,300
"5_8_est_GP_param.csv","alpha",2.275403302,5,8,300
"5_8_est_GP_param.csv","rho",-0.622393817,5,8,300
"5_8_est_GP_param.csv","sigma",2.806285547,5,8,300
"5_8_est_GP_param.csv","mu[1]",0.496784267,5,8,300
"5_8_est_GP_param.csv","mu[2]",0.252036694,5,8,300
"5_8_est_GP_param.csv","mu[3]",-0.904041971,5,8,300
"5_8_est_GP_param.csv","mu[4]",-2.093375551,5,8,300
"5_8_est_GP_param.csv","mu[5]",3.304001081,5,8,300
"5_9_est_GP_param.csv","alpha",2.56464261,5,9,300
"5_9_est_GP_param.csv","rho",-0.194626833,5,9,300
"5_9_est_GP_param.csv","sigma",2.768252279,5,9,300
"5_9_est_GP_param.csv","mu[1]",-0.521056146,5,9,300
"5_9_est_GP_param.csv","mu[2]",-2.477356932,5,9,300
"5_9_est_GP_param.csv","mu[3]",3.334404341,5,9,300
"5_9_est_GP_param.csv","mu[4]",0.410871543,5,9,300
"5_9_est_GP_param.csv","mu[5]",-0.362950578,5,9,300
"6_10_est_GP_param.csv","alpha",2.414380022,6,10,300
"6_10_est_GP_param.csv","rho",-0.033267253,6,10,300
"6_10_est_GP_param.csv","sigma",2.848468858,6,10,300
"6_10_est_GP_param.csv","mu[1]",-4.197407794,6,10,300
"6_10_est_GP_param.csv","mu[2]",0.397834259,6,10,300
"6_10_est_GP_param.csv","mu[3]",-0.484326935,6,10,300
"6_10_est_GP_param.csv","mu[4]",-2.389487675,6,10,300
"6_10_est_GP_param.csv","mu[5]",-1.160828223,6,10,300
"6_11_est_GP_param.csv","alpha",1.894365704,6,11,300
"6_11_est_GP_param.csv","rho",0.159730946,6,11,300
"6_11_est_GP_param.csv","sigma",2.948637827,6,11,300
"6_11_est_GP_param.csv","mu[1]",-1.573114758,6,11,300
"6_11_est_GP_param.csv","mu[2]",0.149633474,6,11,300
"6_11_est_GP_param.csv","mu[3]",2.847512151,6,11,300
"6_11_est_GP_param.csv","mu[4]",1.373362023,6,11,300
"6_11_est_GP_param.csv","mu[5]",1.849376166,6,11,300
"6_12_est_GP_param.csv","alpha",2.358167993,6,12,300
"6_12_est_GP_param.csv","rho",0.314304805,6,12,300
"6_12_est_GP_param.csv","sigma",2.832083003,6,12,300
"6_12_est_GP_param.csv","mu[1]",6.460382659,6,12,300
"6_12_est_GP_param.csv","mu[2]",-0.347441263,6,12,300
"6_12_est_GP_param.csv","mu[3]",-4.117989107,6,12,300
"6_12_est_GP_param.csv","mu[4]",3.867893876,6,12,300
"6_12_est_GP_param.csv","mu[5]",-0.628296208,6,12,300
"6_13_est_GP_param.csv","alpha",2.571845722,6,13,300
"6_13_est_GP_param.csv","rho",0.211507505,6,13,300
"6_13_est_GP_param.csv","sigma",3.064559494,6,13,300
"6_13_est_GP_param.csv","mu[1]",-0.88309912,6,13,300
"6_13_est_GP_param.csv","mu[2]",3.187973072,6,13,300
"6_13_est_GP_param.csv","mu[3]",-1.497466369,6,13,300
"6_13_est_GP_param.csv","mu[4]",8.403691127,6,13,300
"6_13_est_GP_param.csv","mu[5]",-2.261267681,6,13,300
"6_14_est_GP_param.csv","alpha",2.149257774,6,14,300
"6_14_est_GP_param.csv","rho",-0.729153937,6,14,300
"6_14_est_GP_param.csv","sigma",2.861482812,6,14,300
"6_14_est_GP_param.csv","mu[1]",0.202981976,6,14,300
"6_14_est_GP_param.csv","mu[2]",0.756399743,6,14,300
"6_14_est_GP_param.csv","mu[3]",0.117322392,6,14,300
"6_14_est_GP_param.csv","mu[4]",-1.709016262,6,14,300
"6_14_est_GP_param.csv","mu[5]",2.835397218,6,14,300
"6_15_est_GP_param.csv","alpha",2.096944469,6,15,300
"6_15_est_GP_param.csv","rho",-0.394307274,6,15,300
"6_15_est_GP_param.csv","sigma",2.706173535,6,15,300
"6_15_est_GP_param.csv","mu[1]",0.759123766,6,15,300
"6_15_est_GP_param.csv","mu[2]",1.416689645,6,15,300
"6_15_est_GP_param.csv","mu[3]",1.850972903,6,15,300
"6_15_est_GP_param.csv","mu[4]",2.956239934,6,15,300
"6_15_est_GP_param.csv","mu[5]",-1.963810164,6,15,300
"6_16_est_GP_param.csv","alpha",2.563764167,6,16,300
"6_16_est_GP_param.csv","rho",0.160836927,6,16,300
"6_16_est_GP_param.csv","sigma",2.953857925,6,16,300
"6_16_est_GP_param.csv","mu[1]",0.401620475,6,16,300
"6_16_est_GP_param.csv","mu[2]",-0.77976052,6,16,300
"6_16_est_GP_param.csv","mu[3]",-2.943881937,6,16,300
"6_16_est_GP_param.csv","mu[4]",0.279481717,6,16,300
"6_16_est_GP_param.csv","mu[5]",3.937834334,6,16,300
"6_17_est_GP_param.csv","alpha",2.09610641,6,17,300
"6_17_est_GP_param.csv","rho",-0.294181539,6,17,300
"6_17_est_GP_param.csv","sigma",2.708887815,6,17,300
"6_17_est_GP_param.csv","mu[1]",3.383157367,6,17,300
"6_17_est_GP_param.csv","mu[2]",1.949194698,6,17,300
"6_17_est_GP_param.csv","mu[3]",-1.088559248,6,17,300
"6_17_est_GP_param.csv","mu[4]",2.180563699,6,17,300
"6_17_est_GP_param.csv","mu[5]",7.467301498,6,17,300
"6_18_est_GP_param.csv","alpha",2.241569549,6,18,300
"6_18_est_GP_param.csv","rho",-0.592755911,6,18,300
"6_18_est_GP_param.csv","sigma",2.841992159,6,18,300
"6_18_est_GP_param.csv","mu[1]",-0.14402465,6,18,300
"6_18_est_GP_param.csv","mu[2]",-1.08915469,6,18,300
"6_18_est_GP_param.csv","mu[3]",-0.829461522,6,18,300
"6_18_est_GP_param.csv","mu[4]",-0.277343939,6,18,300
"6_18_est_GP_param.csv","mu[5]",-3.498300394,6,18,300
"6_19_est_GP_param.csv","alpha",2.220189622,6,19,300
"6_19_est_GP_param.csv","rho",0.008130234,6,19,300
"6_19_est_GP_param.csv","sigma",2.759557455,6,19,300
"6_19_est_GP_param.csv","mu[1]",-4.081349655,6,19,300
"6_19_est_GP_param.csv","mu[2]",0.813221271,6,19,300
"6_19_est_GP_param.csv","mu[3]",-1.449001281,6,19,300
"6_19_est_GP_param.csv","mu[4]",2.791968197,6,19,300
"6_19_est_GP_param.csv","mu[5]",-2.254233108,6,19,300
"6_2_est_GP_param.csv","alpha",2.024083606,6,2,300
"6_2_est_GP_param.csv","rho",-0.127420635,6,2,300
"6_2_est_GP_param.csv","sigma",3.037778194,6,2,300
"6_2_est_GP_param.csv","mu[1]",-1.179938829,6,2,300
"6_2_est_GP_param.csv","mu[2]",2.370708776,6,2,300
"6_2_est_GP_param.csv","mu[3]",-3.849948023,6,2,300
"6_2_est_GP_param.csv","mu[4]",-2.891294398,6,2,300
"6_2_est_GP_param.csv","mu[5]",0.878300833,6,2,300
"6_20_est_GP_param.csv","alpha",2.92187124,6,20,300
"6_20_est_GP_param.csv","rho",0.483344426,6,20,300
"6_20_est_GP_param.csv","sigma",2.847485553,6,20,300
"6_20_est_GP_param.csv","mu[1]",-0.176826518,6,20,300
"6_20_est_GP_param.csv","mu[2]",-1.797096134,6,20,300
"6_20_est_GP_param.csv","mu[3]",2.645904306,6,20,300
"6_20_est_GP_param.csv","mu[4]",-2.448738107,6,20,300
"6_20_est_GP_param.csv","mu[5]",-0.419876936,6,20,300
"6_3_est_GP_param.csv","alpha",2.33777324,6,3,300
"6_3_est_GP_param.csv","rho",-0.265738893,6,3,300
"6_3_est_GP_param.csv","sigma",2.762506203,6,3,300
"6_3_est_GP_param.csv","mu[1]",-3.714953599,6,3,300
"6_3_est_GP_param.csv","mu[2]",5.017379045,6,3,300
"6_3_est_GP_param.csv","mu[3]",2.029354362,6,3,300
"6_3_est_GP_param.csv","mu[4]",4.280728599,6,3,300
"6_3_est_GP_param.csv","mu[5]",4.382019261,6,3,300
"6_4_est_GP_param.csv","alpha",2.649517251,6,4,300
"6_4_est_GP_param.csv","rho",0.163487096,6,4,300
"6_4_est_GP_param.csv","sigma",2.721926962,6,4,300
"6_4_est_GP_param.csv","mu[1]",-2.536402034,6,4,300
"6_4_est_GP_param.csv","mu[2]",-1.422871202,6,4,300
"6_4_est_GP_param.csv","mu[3]",-1.884724051,6,4,300
"6_4_est_GP_param.csv","mu[4]",-1.966073806,6,4,300
"6_4_est_GP_param.csv","mu[5]",-0.518997225,6,4,300
"6_5_est_GP_param.csv","alpha",2.766350933,6,5,300
"6_5_est_GP_param.csv","rho",0.098116144,6,5,300
"6_5_est_GP_param.csv","sigma",2.843815086,6,5,300
"6_5_est_GP_param.csv","mu[1]",2.091709085,6,5,300
"6_5_est_GP_param.csv","mu[2]",0.993503787,6,5,300
"6_5_est_GP_param.csv","mu[3]",1.013111648,6,5,300
"6_5_est_GP_param.csv","mu[4]",0.102958423,6,5,300
"6_5_est_GP_param.csv","mu[5]",-3.963573795,6,5,300
"6_6_est_GP_param.csv","alpha",2.616508809,6,6,300
"6_6_est_GP_param.csv","rho",0.183364262,6,6,300
"6_6_est_GP_param.csv","sigma",2.893107798,6,6,300
"6_6_est_GP_param.csv","mu[1]",5.215108344,6,6,300
"6_6_est_GP_param.csv","mu[2]",-3.040344961,6,6,300
"6_6_est_GP_param.csv","mu[3]",-3.740915508,6,6,300
"6_6_est_GP_param.csv","mu[4]",4.014343214,6,6,300
"6_6_est_GP_param.csv","mu[5]",5.635638149,6,6,300
"6_7_est_GP_param.csv","alpha",2.112178841,6,7,300
"6_7_est_GP_param.csv","rho",-0.202561128,6,7,300
"6_7_est_GP_param.csv","sigma",3.13978593,6,7,300
"6_7_est_GP_param.csv","mu[1]",-3.698128748,6,7,300
"6_7_est_GP_param.csv","mu[2]",5.849949088,6,7,300
"6_7_est_GP_param.csv","mu[3]",-1.480105854,6,7,300
"6_7_est_GP_param.csv","mu[4]",-2.115980319,6,7,300
"6_7_est_GP_param.csv","mu[5]",2.591692549,6,7,300
"6_8_est_GP_param.csv","alpha",2.071837514,6,8,300
"6_8_est_GP_param.csv","rho",0.201865093,6,8,300
"6_8_est_GP_param.csv","sigma",3.057360922,6,8,300
"6_8_est_GP_param.csv","mu[1]",2.731709897,6,8,300
"6_8_est_GP_param.csv","mu[2]",1.6374346,6,8,300
"6_8_est_GP_param.csv","mu[3]",-4.09246519,6,8,300
"6_8_est_GP_param.csv","mu[4]",-1.92143746,6,8,300
"6_8_est_GP_param.csv","mu[5]",2.604510855,6,8,300
"6_9_est_GP_param.csv","alpha",2.530813261,6,9,300
"6_9_est_GP_param.csv","rho",0.61002889,6,9,300
"6_9_est_GP_param.csv","sigma",3.256452626,6,9,300
"6_9_est_GP_param.csv","mu[1]",3.559066552,6,9,300
"6_9_est_GP_param.csv","mu[2]",-0.035090582,6,9,300
"6_9_est_GP_param.csv","mu[3]",-1.433068445,6,9,300
"6_9_est_GP_param.csv","mu[4]",-3.608491188,6,9,300
"6_9_est_GP_param.csv","mu[5]",1.771619384,6,9,300
"7_10_est_GP_param.csv","alpha",2.808092901,7,10,300
"7_10_est_GP_param.csv","rho",1.245669842,7,10,300
"7_10_est_GP_param.csv","sigma",2.96436209,7,10,300
"7_10_est_GP_param.csv","mu[1]",0.0173752,7,10,300
"7_10_est_GP_param.csv","mu[2]",2.150457853,7,10,300
"7_10_est_GP_param.csv","mu[3]",0.741081139,7,10,300
"7_10_est_GP_param.csv","mu[4]",0.849690968,7,10,300
"7_10_est_GP_param.csv","mu[5]",3.327904533,7,10,300
"7_11_est_GP_param.csv","alpha",2.687469486,7,11,300
"7_11_est_GP_param.csv","rho",0.460246003,7,11,300
"7_11_est_GP_param.csv","sigma",2.887730772,7,11,300
"7_11_est_GP_param.csv","mu[1]",0.097429551,7,11,300
"7_11_est_GP_param.csv","mu[2]",-0.677259578,7,11,300
"7_11_est_GP_param.csv","mu[3]",2.541350816,7,11,300
"7_11_est_GP_param.csv","mu[4]",-3.850955378,7,11,300
"7_11_est_GP_param.csv","mu[5]",2.94624728,7,11,300
"7_12_est_GP_param.csv","alpha",2.760658716,7,12,300
"7_12_est_GP_param.csv","rho",0.932188684,7,12,300
"7_12_est_GP_param.csv","sigma",3.03245645,7,12,300
"7_12_est_GP_param.csv","mu[1]",-2.125260634,7,12,300
"7_12_est_GP_param.csv","mu[2]",-3.179308152,7,12,300
"7_12_est_GP_param.csv","mu[3]",5.321377207,7,12,300
"7_12_est_GP_param.csv","mu[4]",-2.298738422,7,12,300
"7_12_est_GP_param.csv","mu[5]",-0.545295107,7,12,300
"7_13_est_GP_param.csv","alpha",3.182569377,7,13,300
"7_13_est_GP_param.csv","rho",0.595849526,7,13,300
"7_13_est_GP_param.csv","sigma",2.872161459,7,13,300
"7_13_est_GP_param.csv","mu[1]",1.178467713,7,13,300
"7_13_est_GP_param.csv","mu[2]",4.056743612,7,13,300
"7_13_est_GP_param.csv","mu[3]",-3.830524548,7,13,300
"7_13_est_GP_param.csv","mu[4]",-0.605705873,7,13,300
"7_13_est_GP_param.csv","mu[5]",0.59129313,7,13,300
"7_14_est_GP_param.csv","alpha",3.833922179,7,14,300
"7_14_est_GP_param.csv","rho",0.982960832,7,14,300
"7_14_est_GP_param.csv","sigma",3.030449056,7,14,300
"7_14_est_GP_param.csv","mu[1]",2.662074315,7,14,300
"7_14_est_GP_param.csv","mu[2]",-1.616938236,7,14,300
"7_14_est_GP_param.csv","mu[3]",-1.374531113,7,14,300
"7_14_est_GP_param.csv","mu[4]",0.787388483,7,14,300
"7_14_est_GP_param.csv","mu[5]",-3.959518578,7,14,300
"7_15_est_GP_param.csv","alpha",2.666539615,7,15,300
"7_15_est_GP_param.csv","rho",1.289641451,7,15,300
"7_15_est_GP_param.csv","sigma",3.000181293,7,15,300
"7_15_est_GP_param.csv","mu[1]",2.020254778,7,15,300
"7_15_est_GP_param.csv","mu[2]",-3.244901974,7,15,300
"7_15_est_GP_param.csv","mu[3]",-1.710178619,7,15,300
"7_15_est_GP_param.csv","mu[4]",-1.067072476,7,15,300
"7_15_est_GP_param.csv","mu[5]",-1.347747596,7,15,300
"7_16_est_GP_param.csv","alpha",2.803360289,7,16,300
"7_16_est_GP_param.csv","rho",0.952450787,7,16,300
"7_16_est_GP_param.csv","sigma",2.761653176,7,16,300
"7_16_est_GP_param.csv","mu[1]",-2.638597563,7,16,300
"7_16_est_GP_param.csv","mu[2]",-0.427507582,7,16,300
"7_16_est_GP_param.csv","mu[3]",-0.482280584,7,16,300
"7_16_est_GP_param.csv","mu[4]",0.826429198,7,16,300
"7_16_est_GP_param.csv","mu[5]",5.369940114,7,16,300
"7_17_est_GP_param.csv","alpha",3.017929447,7,17,300
"7_17_est_GP_param.csv","rho",0.846868881,7,17,300
"7_17_est_GP_param.csv","sigma",2.910643182,7,17,300
"7_17_est_GP_param.csv","mu[1]",1.732990166,7,17,300
"7_17_est_GP_param.csv","mu[2]",0.172750856,7,17,300
"7_17_est_GP_param.csv","mu[3]",0.658759958,7,17,300
"7_17_est_GP_param.csv","mu[4]",-1.006078229,7,17,300
"7_17_est_GP_param.csv","mu[5]",0.101561467,7,17,300
"7_18_est_GP_param.csv","alpha",3.905052779,7,18,300
"7_18_est_GP_param.csv","rho",1.342638624,7,18,300
"7_18_est_GP_param.csv","sigma",2.837860504,7,18,300
"7_18_est_GP_param.csv","mu[1]",0.822032713,7,18,300
"7_18_est_GP_param.csv","mu[2]",-3.209265613,7,18,300
"7_18_est_GP_param.csv","mu[3]",3.253138294,7,18,300
"7_18_est_GP_param.csv","mu[4]",2.209910217,7,18,300
"7_18_est_GP_param.csv","mu[5]",-3.569355656,7,18,300
"7_19_est_GP_param.csv","alpha",3.065725917,7,19,300
"7_19_est_GP_param.csv","rho",0.781983487,7,19,300
"7_19_est_GP_param.csv","sigma",3.018045673,7,19,300
"7_19_est_GP_param.csv","mu[1]",-2.782065366,7,19,300
"7_19_est_GP_param.csv","mu[2]",-0.508988275,7,19,300
"7_19_est_GP_param.csv","mu[3]",-3.366425858,7,19,300
"7_19_est_GP_param.csv","mu[4]",-2.102451613,7,19,300
"7_19_est_GP_param.csv","mu[5]",-1.665278514,7,19,300
"7_2_est_GP_param.csv","alpha",2.793635977,7,2,300
"7_2_est_GP_param.csv","rho",0.935867286,7,2,300
"7_2_est_GP_param.csv","sigma",3.036969182,7,2,300
"7_2_est_GP_param.csv","mu[1]",-0.656748428,7,2,300
"7_2_est_GP_param.csv","mu[2]",2.060850713,7,2,300
"7_2_est_GP_param.csv","mu[3]",-0.407413642,7,2,300
"7_2_est_GP_param.csv","mu[4]",4.045482382,7,2,300
"7_2_est_GP_param.csv","mu[5]",0.843283402,7,2,300
"7_20_est_GP_param.csv","alpha",2.998837176,7,20,300
"7_20_est_GP_param.csv","rho",0.783309139,7,20,300
"7_20_est_GP_param.csv","sigma",2.982817531,7,20,300
"7_20_est_GP_param.csv","mu[1]",0.248499658,7,20,300
"7_20_est_GP_param.csv","mu[2]",-2.757044007,7,20,300
"7_20_est_GP_param.csv","mu[3]",3.833662458,7,20,300
"7_20_est_GP_param.csv","mu[4]",-3.513611926,7,20,300
"7_20_est_GP_param.csv","mu[5]",0.473351335,7,20,300
"7_3_est_GP_param.csv","alpha",2.163532974,7,3,300
"7_3_est_GP_param.csv","rho",0.744081399,7,3,300
"7_3_est_GP_param.csv","sigma",2.976152261,7,3,300
"7_3_est_GP_param.csv","mu[1]",0.604704799,7,3,300
"7_3_est_GP_param.csv","mu[2]",3.5423397,7,3,300
"7_3_est_GP_param.csv","mu[3]",1.661459473,7,3,300
"7_3_est_GP_param.csv","mu[4]",-0.231130774,7,3,300
"7_3_est_GP_param.csv","mu[5]",3.779514437,7,3,300
"7_4_est_GP_param.csv","alpha",3.036746683,7,4,300
"7_4_est_GP_param.csv","rho",1.026929214,7,4,300
"7_4_est_GP_param.csv","sigma",2.994026765,7,4,300
"7_4_est_GP_param.csv","mu[1]",1.958484416,7,4,300
"7_4_est_GP_param.csv","mu[2]",2.128829572,7,4,300
"7_4_est_GP_param.csv","mu[3]",2.572491297,7,4,300
"7_4_est_GP_param.csv","mu[4]",-2.970999951,7,4,300
"7_4_est_GP_param.csv","mu[5]",-1.717919918,7,4,300
"7_5_est_GP_param.csv","alpha",2.944253266,7,5,300
"7_5_est_GP_param.csv","rho",0.901772724,7,5,300
"7_5_est_GP_param.csv","sigma",2.811182718,7,5,300
"7_5_est_GP_param.csv","mu[1]",-2.348006836,7,5,300
"7_5_est_GP_param.csv","mu[2]",4.062986315,7,5,300
"7_5_est_GP_param.csv","mu[3]",4.472582328,7,5,300
"7_5_est_GP_param.csv","mu[4]",0.151684721,7,5,300
"7_5_est_GP_param.csv","mu[5]",-2.735593531,7,5,300
"7_6_est_GP_param.csv","alpha",2.497937072,7,6,300
"7_6_est_GP_param.csv","rho",1.241986619,7,6,300
"7_6_est_GP_param.csv","sigma",3.214109125,7,6,300
"7_6_est_GP_param.csv","mu[1]",-2.883800994,7,6,300
"7_6_est_GP_param.csv","mu[2]",-1.444558126,7,6,300
"7_6_est_GP_param.csv","mu[3]",5.043862908,7,6,300
"7_6_est_GP_param.csv","mu[4]",2.141310207,7,6,300
"7_6_est_GP_param.csv","mu[5]",2.408224542,7,6,300
"7_7_est_GP_param.csv","alpha",2.362782933,7,7,300
"7_7_est_GP_param.csv","rho",1.131413164,7,7,300
"7_7_est_GP_param.csv","sigma",2.854675772,7,7,300
"7_7_est_GP_param.csv","mu[1]",-0.516452199,7,7,300
"7_7_est_GP_param.csv","mu[2]",6.315584696,7,7,300
"7_7_est_GP_param.csv","mu[3]",-1.741118821,7,7,300
"7_7_est_GP_param.csv","mu[4]",1.015737325,7,7,300
"7_7_est_GP_param.csv","mu[5]",0.408388616,7,7,300
"7_8_est_GP_param.csv","alpha",2.973364861,7,8,300
"7_8_est_GP_param.csv","rho",0.745186101,7,8,300
"7_8_est_GP_param.csv","sigma",2.828531154,7,8,300
"7_8_est_GP_param.csv","mu[1]",2.347419882,7,8,300
"7_8_est_GP_param.csv","mu[2]",-2.716178041,7,8,300
"7_8_est_GP_param.csv","mu[3]",3.590080177,7,8,300
"7_8_est_GP_param.csv","mu[4]",-2.996775274,7,8,300
"7_8_est_GP_param.csv","mu[5]",-3.947377264,7,8,300
"7_9_est_GP_param.csv","alpha",2.918610304,7,9,300
"7_9_est_GP_param.csv","rho",-0.012334131,7,9,300
"7_9_est_GP_param.csv","sigma",2.568520995,7,9,300
"7_9_est_GP_param.csv","mu[1]",2.238228874,7,9,300
"7_9_est_GP_param.csv","mu[2]",5.249946198,7,9,300
"7_9_est_GP_param.csv","mu[3]",-2.793009591,7,9,300
"7_9_est_GP_param.csv","mu[4]",2.676002378,7,9,300
"7_9_est_GP_param.csv","mu[5]",3.62664771,7,9,300
"8_10_est_GP_param.csv","alpha",2.709053384,8,10,300
"8_10_est_GP_param.csv","rho",0.903078611,8,10,300
"8_10_est_GP_param.csv","sigma",2.952648158,8,10,300
"8_10_est_GP_param.csv","mu[1]",-0.757671504,8,10,300
"8_10_est_GP_param.csv","mu[2]",-3.056911778,8,10,300
"8_10_est_GP_param.csv","mu[3]",-1.04788817,8,10,300
"8_10_est_GP_param.csv","mu[4]",4.978259585,8,10,300
"8_10_est_GP_param.csv","mu[5]",3.309064097,8,10,300
"8_11_est_GP_param.csv","alpha",3.083307603,8,11,300
"8_11_est_GP_param.csv","rho",1.233765862,8,11,300
"8_11_est_GP_param.csv","sigma",3.063916496,8,11,300
"8_11_est_GP_param.csv","mu[1]",-1.009885911,8,11,300
"8_11_est_GP_param.csv","mu[2]",0.16795079,8,11,300
"8_11_est_GP_param.csv","mu[3]",-2.617391144,8,11,300
"8_11_est_GP_param.csv","mu[4]",-2.962597721,8,11,300
"8_11_est_GP_param.csv","mu[5]",-2.711568115,8,11,300
"8_12_est_GP_param.csv","alpha",2.694001511,8,12,300
"8_12_est_GP_param.csv","rho",0.869192708,8,12,300
"8_12_est_GP_param.csv","sigma",2.916746069,8,12,300
"8_12_est_GP_param.csv","mu[1]",0.408546667,8,12,300
"8_12_est_GP_param.csv","mu[2]",3.534338097,8,12,300
"8_12_est_GP_param.csv","mu[3]",1.496205055,8,12,300
"8_12_est_GP_param.csv","mu[4]",-3.512086331,8,12,300
"8_12_est_GP_param.csv","mu[5]",2.558974144,8,12,300
"8_13_est_GP_param.csv","alpha",2.135853583,8,13,300
"8_13_est_GP_param.csv","rho",-0.042347242,8,13,300
"8_13_est_GP_param.csv","sigma",2.833349477,8,13,300
"8_13_est_GP_param.csv","mu[1]",1.739741278,8,13,300
"8_13_est_GP_param.csv","mu[2]",-2.679310279,8,13,300
"8_13_est_GP_param.csv","mu[3]",2.806202666,8,13,300
"8_13_est_GP_param.csv","mu[4]",6.40636834,8,13,300
"8_13_est_GP_param.csv","mu[5]",-2.190639974,8,13,300
"8_14_est_GP_param.csv","alpha",3.842385192,8,14,300
"8_14_est_GP_param.csv","rho",1.549396417,8,14,300
"8_14_est_GP_param.csv","sigma",3.111938946,8,14,300
"8_14_est_GP_param.csv","mu[1]",-2.996341536,8,14,300
"8_14_est_GP_param.csv","mu[2]",2.848711618,8,14,300
"8_14_est_GP_param.csv","mu[3]",-0.898741868,8,14,300
"8_14_est_GP_param.csv","mu[4]",-0.710915648,8,14,300
"8_14_est_GP_param.csv","mu[5]",-0.582339556,8,14,300
"8_15_est_GP_param.csv","alpha",3.014814619,8,15,300
"8_15_est_GP_param.csv","rho",1.226934149,8,15,300
"8_15_est_GP_param.csv","sigma",3.008206482,8,15,300
"8_15_est_GP_param.csv","mu[1]",0.401725327,8,15,300
"8_15_est_GP_param.csv","mu[2]",2.495094319,8,15,300
"8_15_est_GP_param.csv","mu[3]",4.394474965,8,15,300
"8_15_est_GP_param.csv","mu[4]",-2.475687175,8,15,300
"8_15_est_GP_param.csv","mu[5]",-1.041617979,8,15,300
"8_16_est_GP_param.csv","alpha",3.21817689,8,16,300
"8_16_est_GP_param.csv","rho",1.751872045,8,16,300
"8_16_est_GP_param.csv","sigma",2.981520003,8,16,300
"8_16_est_GP_param.csv","mu[1]",-2.003514415,8,16,300
"8_16_est_GP_param.csv","mu[2]",-1.347298414,8,16,300
"8_16_est_GP_param.csv","mu[3]",0.04682757,8,16,300
"8_16_est_GP_param.csv","mu[4]",-3.029036955,8,16,300
"8_16_est_GP_param.csv","mu[5]",-0.489837313,8,16,300
"8_17_est_GP_param.csv","alpha",2.678430133,8,17,300
"8_17_est_GP_param.csv","rho",1.441764083,8,17,300
"8_17_est_GP_param.csv","sigma",2.956748019,8,17,300
"8_17_est_GP_param.csv","mu[1]",1.097351396,8,17,300
"8_17_est_GP_param.csv","mu[2]",-1.178534356,8,17,300
"8_17_est_GP_param.csv","mu[3]",-1.671995527,8,17,300
"8_17_est_GP_param.csv","mu[4]",3.83499788,8,17,300
"8_17_est_GP_param.csv","mu[5]",-0.77137856,8,17,300
"8_18_est_GP_param.csv","alpha",2.524785887,8,18,300
"8_18_est_GP_param.csv","rho",1.154109327,8,18,300
"8_18_est_GP_param.csv","sigma",3.037310925,8,18,300
"8_18_est_GP_param.csv","mu[1]",-2.462732836,8,18,300
"8_18_est_GP_param.csv","mu[2]",3.160470609,8,18,300
"8_18_est_GP_param.csv","mu[3]",2.420507299,8,18,300
"8_18_est_GP_param.csv","mu[4]",-3.370504814,8,18,300
"8_18_est_GP_param.csv","mu[5]",1.075032607,8,18,300
"8_19_est_GP_param.csv","alpha",3.603386611,8,19,300
"8_19_est_GP_param.csv","rho",0.897316798,8,19,300
"8_19_est_GP_param.csv","sigma",2.897575919,8,19,300
"8_19_est_GP_param.csv","mu[1]",1.13990279,8,19,300
"8_19_est_GP_param.csv","mu[2]",3.221060136,8,19,300
"8_19_est_GP_param.csv","mu[3]",-0.335624246,8,19,300
"8_19_est_GP_param.csv","mu[4]",-0.299432316,8,19,300
"8_19_est_GP_param.csv","mu[5]",0.443287067,8,19,300
"8_2_est_GP_param.csv","alpha",2.203579719,8,2,300
"8_2_est_GP_param.csv","rho",0.150618556,8,2,300
"8_2_est_GP_param.csv","sigma",2.768790124,8,2,300
"8_2_est_GP_param.csv","mu[1]",0.541174316,8,2,300
"8_2_est_GP_param.csv","mu[2]",1.895575434,8,2,300
"8_2_est_GP_param.csv","mu[3]",5.408784649,8,2,300
"8_2_est_GP_param.csv","mu[4]",0.592362871,8,2,300
"8_2_est_GP_param.csv","mu[5]",-3.822390305,8,2,300
"8_20_est_GP_param.csv","alpha",3.301331811,8,20,300
"8_20_est_GP_param.csv","rho",0.99989747,8,20,300
"8_20_est_GP_param.csv","sigma",2.928467087,8,20,300
"8_20_est_GP_param.csv","mu[1]",3.995365929,8,20,300
"8_20_est_GP_param.csv","mu[2]",-2.434810426,8,20,300
"8_20_est_GP_param.csv","mu[3]",2.665378201,8,20,300
"8_20_est_GP_param.csv","mu[4]",2.569597555,8,20,300
"8_20_est_GP_param.csv","mu[5]",-0.534277268,8,20,300
"8_3_est_GP_param.csv","alpha",2.115825558,8,3,300
"8_3_est_GP_param.csv","rho",-0.475529356,8,3,300
"8_3_est_GP_param.csv","sigma",2.58274708,8,3,300
"8_3_est_GP_param.csv","mu[1]",1.547476648,8,3,300
"8_3_est_GP_param.csv","mu[2]",-0.937319509,8,3,300
"8_3_est_GP_param.csv","mu[3]",-0.552409466,8,3,300
"8_3_est_GP_param.csv","mu[4]",1.591222057,8,3,300
"8_3_est_GP_param.csv","mu[5]",1.607213454,8,3,300
"8_4_est_GP_param.csv","alpha",3.683569322,8,4,300
"8_4_est_GP_param.csv","rho",1.825999983,8,4,300
"8_4_est_GP_param.csv","sigma",2.898703679,8,4,300
"8_4_est_GP_param.csv","mu[1]",-2.818649696,8,4,300
"8_4_est_GP_param.csv","mu[2]",3.733142866,8,4,300
"8_4_est_GP_param.csv","mu[3]",0.056489754,8,4,300
"8_4_est_GP_param.csv","mu[4]",0.918196464,8,4,300
"8_4_est_GP_param.csv","mu[5]",7.64287381,8,4,300
"8_5_est_GP_param.csv","alpha",2.516782556,8,5,300
"8_5_est_GP_param.csv","rho",0.745252084,8,5,300
"8_5_est_GP_param.csv","sigma",3.095403219,8,5,300
"8_5_est_GP_param.csv","mu[1]",-1.257363958,8,5,300
"8_5_est_GP_param.csv","mu[2]",1.190114184,8,5,300
"8_5_est_GP_param.csv","mu[3]",-1.655966071,8,5,300
"8_5_est_GP_param.csv","mu[4]",-2.209857621,8,5,300
"8_5_est_GP_param.csv","mu[5]",-2.911056486,8,5,300
"8_6_est_GP_param.csv","alpha",2.289683934,8,6,300
"8_6_est_GP_param.csv","rho",1.000370996,8,6,300
"8_6_est_GP_param.csv","sigma",2.915892058,8,6,300
"8_6_est_GP_param.csv","mu[1]",-2.173478044,8,6,300
"8_6_est_GP_param.csv","mu[2]",0.732686932,8,6,300
"8_6_est_GP_param.csv","mu[3]",1.723164032,8,6,300
"8_6_est_GP_param.csv","mu[4]",-0.810603202,8,6,300
"8_6_est_GP_param.csv","mu[5]",0.137374782,8,6,300
"8_7_est_GP_param.csv","alpha",3.880558024,8,7,300
"8_7_est_GP_param.csv","rho",1.400593772,8,7,300
"8_7_est_GP_param.csv","sigma",3.154107531,8,7,300
"8_7_est_GP_param.csv","mu[1]",2.268528368,8,7,300
"8_7_est_GP_param.csv","mu[2]",-3.702246845,8,7,300
"8_7_est_GP_param.csv","mu[3]",-1.374669167,8,7,300
"8_7_est_GP_param.csv","mu[4]",-2.222837141,8,7,300
"8_7_est_GP_param.csv","mu[5]",0.439326684,8,7,300
"8_8_est_GP_param.csv","alpha",2.79819892,8,8,300
"8_8_est_GP_param.csv","rho",1.115382866,8,8,300
"8_8_est_GP_param.csv","sigma",3.034952171,8,8,300
"8_8_est_GP_param.csv","mu[1]",-2.368161279,8,8,300
"8_8_est_GP_param.csv","mu[2]",1.327176422,8,8,300
"8_8_est_GP_param.csv","mu[3]",4.215593795,8,8,300
"8_8_est_GP_param.csv","mu[4]",-0.106742008,8,8,300
"8_8_est_GP_param.csv","mu[5]",1.132191764,8,8,300
"8_9_est_GP_param.csv","alpha",3.215742331,8,9,300
"8_9_est_GP_param.csv","rho",1.323779928,8,9,300
"8_9_est_GP_param.csv","sigma",3.06062408,8,9,300
"8_9_est_GP_param.csv","mu[1]",-1.739025247,8,9,300
"8_9_est_GP_param.csv","mu[2]",4.764887907,8,9,300
"8_9_est_GP_param.csv","mu[3]",-2.860114436,8,9,300
"8_9_est_GP_param.csv","mu[4]",-0.721529108,8,9,300
"8_9_est_GP_param.csv","mu[5]",0.310364146,8,9,300
"9_10_est_GP_param.csv","alpha",3.366231664,9,10,300
"9_10_est_GP_param.csv","rho",1.926044898,9,10,300
"9_10_est_GP_param.csv","sigma",3.04938768,9,10,300
"9_10_est_GP_param.csv","mu[1]",0.627560966,9,10,300
"9_10_est_GP_param.csv","mu[2]",-1.612650827,9,10,300
"9_10_est_GP_param.csv","mu[3]",-1.632467348,9,10,300
"9_10_est_GP_param.csv","mu[4]",0.222825864,9,10,300
"9_10_est_GP_param.csv","mu[5]",-0.751871493,9,10,300
"9_11_est_GP_param.csv","alpha",4.465977275,9,11,300
"9_11_est_GP_param.csv","rho",1.658838911,9,11,300
"9_11_est_GP_param.csv","sigma",2.98271392,9,11,300
"9_11_est_GP_param.csv","mu[1]",1.265259843,9,11,300
"9_11_est_GP_param.csv","mu[2]",0.269259709,9,11,300
"9_11_est_GP_param.csv","mu[3]",1.390699741,9,11,300
"9_11_est_GP_param.csv","mu[4]",-3.573374259,9,11,300
"9_11_est_GP_param.csv","mu[5]",0.712034656,9,11,300
"9_12_est_GP_param.csv","alpha",2.699429426,9,12,300
"9_12_est_GP_param.csv","rho",1.330206433,9,12,300
"9_12_est_GP_param.csv","sigma",2.873571086,9,12,300
"9_12_est_GP_param.csv","mu[1]",3.447441414,9,12,300
"9_12_est_GP_param.csv","mu[2]",3.632234971,9,12,300
"9_12_est_GP_param.csv","mu[3]",1.036207027,9,12,300
"9_12_est_GP_param.csv","mu[4]",1.138403689,9,12,300
"9_12_est_GP_param.csv","mu[5]",-1.283555103,9,12,300
"9_13_est_GP_param.csv","alpha",2.669712413,9,13,300
"9_13_est_GP_param.csv","rho",1.420736268,9,13,300
"9_13_est_GP_param.csv","sigma",3.016931745,9,13,300
"9_13_est_GP_param.csv","mu[1]",5.513556884,9,13,300
"9_13_est_GP_param.csv","mu[2]",1.676865296,9,13,300
"9_13_est_GP_param.csv","mu[3]",1.767445369,9,13,300
"9_13_est_GP_param.csv","mu[4]",0.283198589,9,13,300
"9_13_est_GP_param.csv","mu[5]",1.134661812,9,13,300
"9_14_est_GP_param.csv","alpha",3.57161926,9,14,300
"9_14_est_GP_param.csv","rho",1.636454444,9,14,300
"9_14_est_GP_param.csv","sigma",2.935462463,9,14,300
"9_14_est_GP_param.csv","mu[1]",0.094798343,9,14,300
"9_14_est_GP_param.csv","mu[2]",0.133985433,9,14,300
"9_14_est_GP_param.csv","mu[3]",4.624463223,9,14,300
"9_14_est_GP_param.csv","mu[4]",1.400268638,9,14,300
"9_14_est_GP_param.csv","mu[5]",5.058452375,9,14,300
"9_15_est_GP_param.csv","alpha",3.472913498,9,15,300
"9_15_est_GP_param.csv","rho",1.64592585,9,15,300
"9_15_est_GP_param.csv","sigma",2.811424099,9,15,300
"9_15_est_GP_param.csv","mu[1]",0.289581333,9,15,300
"9_15_est_GP_param.csv","mu[2]",-2.142280531,9,15,300
"9_15_est_GP_param.csv","mu[3]",-3.080566179,9,15,300
"9_15_est_GP_param.csv","mu[4]",-2.552217323,9,15,300
"9_15_est_GP_param.csv","mu[5]",-2.028401306,9,15,300
"9_16_est_GP_param.csv","alpha",2.766606165,9,16,300
"9_16_est_GP_param.csv","rho",1.528873081,9,16,300
"9_16_est_GP_param.csv","sigma",2.758876282,9,16,300
"9_16_est_GP_param.csv","mu[1]",-0.89077432,9,16,300
"9_16_est_GP_param.csv","mu[2]",-1.438922187,9,16,300
"9_16_est_GP_param.csv","mu[3]",4.755161046,9,16,300
"9_16_est_GP_param.csv","mu[4]",5.719668938,9,16,300
"9_16_est_GP_param.csv","mu[5]",-0.270023707,9,16,300
"9_17_est_GP_param.csv","alpha",3.500947421,9,17,300
"9_17_est_GP_param.csv","rho",1.712424882,9,17,300
"9_17_est_GP_param.csv","sigma",2.836911683,9,17,300
"9_17_est_GP_param.csv","mu[1]",-0.844388156,9,17,300
"9_17_est_GP_param.csv","mu[2]",2.817033593,9,17,300
"9_17_est_GP_param.csv","mu[3]",6.440737478,9,17,300
"9_17_est_GP_param.csv","mu[4]",1.445831404,9,17,300
"9_17_est_GP_param.csv","mu[5]",2.987311936,9,17,300
"9_18_est_GP_param.csv","alpha",3.359770237,9,18,300
"9_18_est_GP_param.csv","rho",1.776643467,9,18,300
"9_18_est_GP_param.csv","sigma",2.852293347,9,18,300
"9_18_est_GP_param.csv","mu[1]",-0.003217339,9,18,300
"9_18_est_GP_param.csv","mu[2]",2.033977829,9,18,300
"9_18_est_GP_param.csv","mu[3]",1.24874249,9,18,300
"9_18_est_GP_param.csv","mu[4]",-1.595308946,9,18,300
"9_18_est_GP_param.csv","mu[5]",-0.804929615,9,18,300
"9_19_est_GP_param.csv","alpha",3.12829637,9,19,300
"9_19_est_GP_param.csv","rho",1.391747345,9,19,300
"9_19_est_GP_param.csv","sigma",2.780068545,9,19,300
"9_19_est_GP_param.csv","mu[1]",-0.08077739,9,19,300
"9_19_est_GP_param.csv","mu[2]",1.961915036,9,19,300
"9_19_est_GP_param.csv","mu[3]",3.304295035,9,19,300
"9_19_est_GP_param.csv","mu[4]",-0.40358038,9,19,300
"9_19_est_GP_param.csv","mu[5]",1.351971268,9,19,300
"9_2_est_GP_param.csv","alpha",2.352224647,9,2,300
"9_2_est_GP_param.csv","rho",1.498812088,9,2,300
"9_2_est_GP_param.csv","sigma",3.020851541,9,2,300
"9_2_est_GP_param.csv","mu[1]",-1.552943069,9,2,300
"9_2_est_GP_param.csv","mu[2]",-2.68387223,9,2,300
"9_2_est_GP_param.csv","mu[3]",4.550665902,9,2,300
"9_2_est_GP_param.csv","mu[4]",0.146853554,9,2,300
"9_2_est_GP_param.csv","mu[5]",-2.02989593,9,2,300
"9_20_est_GP_param.csv","alpha",2.898919884,9,20,300
"9_20_est_GP_param.csv","rho",1.477057213,9,20,300
"9_20_est_GP_param.csv","sigma",2.887053167,9,20,300
"9_20_est_GP_param.csv","mu[1]",3.70528334,9,20,300
"9_20_est_GP_param.csv","mu[2]",-3.018658861,9,20,300
"9_20_est_GP_param.csv","mu[3]",-1.108299801,9,20,300
"9_20_est_GP_param.csv","mu[4]",-0.453691167,9,20,300
"9_20_est_GP_param.csv","mu[5]",-1.835297025,9,20,300
"9_3_est_GP_param.csv","alpha",2.931058266,9,3,300
"9_3_est_GP_param.csv","rho",1.926389153,9,3,300
"9_3_est_GP_param.csv","sigma",3.028673064,9,3,300
"9_3_est_GP_param.csv","mu[1]",0.774962887,9,3,300
"9_3_est_GP_param.csv","mu[2]",-0.615465558,9,3,300
"9_3_est_GP_param.csv","mu[3]",0.666225479,9,3,300
"9_3_est_GP_param.csv","mu[4]",0.57601705,9,3,300
"9_3_est_GP_param.csv","mu[5]",3.117390673,9,3,300
"9_4_est_GP_param.csv","alpha",2.46105555,9,4,300
"9_4_est_GP_param.csv","rho",-2.085279607,9,4,300
"9_4_est_GP_param.csv","sigma",1.911497588,9,4,300
"9_4_est_GP_param.csv","mu[1]",4.859207849,9,4,300
"9_4_est_GP_param.csv","mu[2]",3.600553085,9,4,300
"9_4_est_GP_param.csv","mu[3]",-3.025794172,9,4,300
"9_4_est_GP_param.csv","mu[4]",-3.437927876,9,4,300
"9_4_est_GP_param.csv","mu[5]",-1.847131337,9,4,300
"9_5_est_GP_param.csv","alpha",2.235055785,9,5,300
"9_5_est_GP_param.csv","rho",-1.762177963,9,5,300
"9_5_est_GP_param.csv","sigma",2.326697695,9,5,300
"9_5_est_GP_param.csv","mu[1]",-4.361679692,9,5,300
"9_5_est_GP_param.csv","mu[2]",1.832117854,9,5,300
"9_5_est_GP_param.csv","mu[3]",2.359448216,9,5,300
"9_5_est_GP_param.csv","mu[4]",-1.141758642,9,5,300
"9_5_est_GP_param.csv","mu[5]",-0.737321397,9,5,300
"9_6_est_GP_param.csv","alpha",2.982838527,9,6,300
"9_6_est_GP_param.csv","rho",1.624515017,9,6,300
"9_6_est_GP_param.csv","sigma",2.841705947,9,6,300
"9_6_est_GP_param.csv","mu[1]",-1.445661648,9,6,300
"9_6_est_GP_param.csv","mu[2]",-0.650404002,9,6,300
"9_6_est_GP_param.csv","mu[3]",2.969426326,9,6,300
"9_6_est_GP_param.csv","mu[4]",-0.135630525,9,6,300
"9_6_est_GP_param.csv","mu[5]",-2.76480483,9,6,300
"9_7_est_GP_param.csv","alpha",2.60182345,9,7,300
"9_7_est_GP_param.csv","rho",1.568007699,9,7,300
"9_7_est_GP_param.csv","sigma",3.11619852,9,7,300
"9_7_est_GP_param.csv","mu[1]",4.172646229,9,7,300
"9_7_est_GP_param.csv","mu[2]",-0.758078188,9,7,300
"9_7_est_GP_param.csv","mu[3]",3.140426463,9,7,300
"9_7_est_GP_param.csv","mu[4]",-0.134942158,9,7,300
"9_7_est_GP_param.csv","mu[5]",2.197796182,9,7,300
"9_8_est_GP_param.csv","alpha",2.537776116,9,8,300
"9_8_est_GP_param.csv","rho",0.983343202,9,8,300
"9_8_est_GP_param.csv","sigma",2.960809506,9,8,300
"9_8_est_GP_param.csv","mu[1]",0.417175887,9,8,300
"9_8_est_GP_param.csv","mu[2]",2.478442475,9,8,300
"9_8_est_GP_param.csv","mu[3]",-0.580617283,9,8,300
"9_8_est_GP_param.csv","mu[4]",-2.42809426,9,8,300
"9_8_est_GP_param.csv","mu[5]",0.653167655,9,8,300
"9_9_est_GP_param.csv","alpha",2.83663102,9,9,300
"9_9_est_GP_param.csv","rho",1.313955303,9,9,300
"9_9_est_GP_param.csv","sigma",3.117921814,9,9,300
"9_9_est_GP_param.csv","mu[1]",5.29104176,9,9,300
"9_9_est_GP_param.csv","mu[2]",-0.649336656,9,9,300
"9_9_est_GP_param.csv","mu[3]",2.342145052,9,9,300
"9_9_est_GP_param.csv","mu[4]",1.754757192,9,9,300
"9_9_est_GP_param.csv","mu[5]",-2.225352925,9,9,300
"10_10_est_GP_param.csv","alpha",3.444467608,10,10,260
"10_10_est_GP_param.csv","rho",2.095112677,10,10,260
"10_10_est_GP_param.csv","sigma",2.936205969,10,10,260
"10_10_est_GP_param.csv","mu[1]",-1.660908935,10,10,260
"10_10_est_GP_param.csv","mu[2]",0.400082184,10,10,260
"10_10_est_GP_param.csv","mu[3]",-1.907852916,10,10,260
"10_10_est_GP_param.csv","mu[4]",-0.463101279,10,10,260
"10_10_est_GP_param.csv","mu[5]",3.059143819,10,10,260
"10_11_est_GP_param.csv","alpha",2.773049301,10,11,260
"10_11_est_GP_param.csv","rho",-0.420786568,10,11,260
"10_11_est_GP_param.csv","sigma",2.078907831,10,11,260
"10_11_est_GP_param.csv","mu[1]",-1.972645886,10,11,260
"10_11_est_GP_param.csv","mu[2]",-3.384418082,10,11,260
"10_11_est_GP_param.csv","mu[3]",-3.735692394,10,11,260
"10_11_est_GP_param.csv","mu[4]",-1.409949458,10,11,260
"10_11_est_GP_param.csv","mu[5]",-3.100657491,10,11,260
"10_12_est_GP_param.csv","alpha",2.859579026,10,12,260
"10_12_est_GP_param.csv","rho",1.784950354,10,12,260
"10_12_est_GP_param.csv","sigma",3.018366864,10,12,260
"10_12_est_GP_param.csv","mu[1]",0.856964859,10,12,260
"10_12_est_GP_param.csv","mu[2]",-2.789582773,10,12,260
"10_12_est_GP_param.csv","mu[3]",2.546820581,10,12,260
"10_12_est_GP_param.csv","mu[4]",-1.380686151,10,12,260
"10_12_est_GP_param.csv","mu[5]",-1.079147839,10,12,260
"10_13_est_GP_param.csv","alpha",3.875182175,10,13,260
"10_13_est_GP_param.csv","rho",2.2043407,10,13,260
"10_13_est_GP_param.csv","sigma",2.975154774,10,13,260
"10_13_est_GP_param.csv","mu[1]",-2.85623253,10,13,260
"10_13_est_GP_param.csv","mu[2]",1.690282021,10,13,260
"10_13_est_GP_param.csv","mu[3]",0.720795953,10,13,260
"10_13_est_GP_param.csv","mu[4]",3.271096997,10,13,260
"10_13_est_GP_param.csv","mu[5]",4.117185307,10,13,260
"10_14_est_GP_param.csv","alpha",3.115553916,10,14,260
"10_14_est_GP_param.csv","rho",-2.822618517,10,14,260
"10_14_est_GP_param.csv","sigma",0.743133992,10,14,260
"10_14_est_GP_param.csv","mu[1]",1.499221114,10,14,260
"10_14_est_GP_param.csv","mu[2]",-0.147136336,10,14,260
"10_14_est_GP_param.csv","mu[3]",3.51459653,10,14,260
"10_14_est_GP_param.csv","mu[4]",0.059337806,10,14,260
"10_14_est_GP_param.csv","mu[5]",-0.990953576,10,14,260
"10_15_est_GP_param.csv","alpha",2.840149704,10,15,260
"10_15_est_GP_param.csv","rho",1.121169248,10,15,260
"10_15_est_GP_param.csv","sigma",3.029654942,10,15,260
"10_15_est_GP_param.csv","mu[1]",-0.821905995,10,15,260
"10_15_est_GP_param.csv","mu[2]",-1.600032252,10,15,260
"10_15_est_GP_param.csv","mu[3]",-3.032525107,10,15,260
"10_15_est_GP_param.csv","mu[4]",2.676650783,10,15,260
"10_15_est_GP_param.csv","mu[5]",-0.829613203,10,15,260
"10_16_est_GP_param.csv","alpha",3.238543391,10,16,260
"10_16_est_GP_param.csv","rho",2.000033847,10,16,260
"10_16_est_GP_param.csv","sigma",2.951400472,10,16,260
"10_16_est_GP_param.csv","mu[1]",-1.381794106,10,16,260
"10_16_est_GP_param.csv","mu[2]",-0.694620133,10,16,260
"10_16_est_GP_param.csv","mu[3]",0.607837356,10,16,260
"10_16_est_GP_param.csv","mu[4]",0.141080944,10,16,260
"10_16_est_GP_param.csv","mu[5]",-1.062863393,10,16,260
"10_17_est_GP_param.csv","alpha",3.294171695,10,17,260
"10_17_est_GP_param.csv","rho",1.799533311,10,17,260
"10_17_est_GP_param.csv","sigma",2.952130955,10,17,260
"10_17_est_GP_param.csv","mu[1]",0.972121645,10,17,260
"10_17_est_GP_param.csv","mu[2]",1.743611509,10,17,260
"10_17_est_GP_param.csv","mu[3]",-2.675429382,10,17,260
"10_17_est_GP_param.csv","mu[4]",0.61572344,10,17,260
"10_17_est_GP_param.csv","mu[5]",-3.136653413,10,17,260
"10_18_est_GP_param.csv","alpha",2.939512175,10,18,260
"10_18_est_GP_param.csv","rho",1.723566833,10,18,260
"10_18_est_GP_param.csv","sigma",2.897020597,10,18,260
"10_18_est_GP_param.csv","mu[1]",-0.614363922,10,18,260
"10_18_est_GP_param.csv","mu[2]",1.259714994,10,18,260
"10_18_est_GP_param.csv","mu[3]",-0.704160107,10,18,260
"10_18_est_GP_param.csv","mu[4]",0.104044256,10,18,260
"10_18_est_GP_param.csv","mu[5]",-0.972808231,10,18,260
"10_19_est_GP_param.csv","alpha",3.187252529,10,19,260
"10_19_est_GP_param.csv","rho",1.928592508,10,19,260
"10_19_est_GP_param.csv","sigma",3.028740104,10,19,260
"10_19_est_GP_param.csv","mu[1]",-0.670249037,10,19,260
"10_19_est_GP_param.csv","mu[2]",0.792587147,10,19,260
"10_19_est_GP_param.csv","mu[3]",1.627091825,10,19,260
"10_19_est_GP_param.csv","mu[4]",1.755733081,10,19,260
"10_19_est_GP_param.csv","mu[5]",4.978791107,10,19,260
"10_2_est_GP_param.csv","alpha",3.342845308,10,2,260
"10_2_est_GP_param.csv","rho",1.682610387,10,2,260
"10_2_est_GP_param.csv","sigma",3.10813657,10,2,260
"10_2_est_GP_param.csv","mu[1]",-0.316325723,10,2,260
"10_2_est_GP_param.csv","mu[2]",4.851845758,10,2,260
"10_2_est_GP_param.csv","mu[3]",0.126841594,10,2,260
"10_2_est_GP_param.csv","mu[4]",0.554613532,10,2,260
"10_2_est_GP_param.csv","mu[5]",-1.441111308,10,2,260
"10_20_est_GP_param.csv","alpha",2.93711245,10,20,260
"10_20_est_GP_param.csv","rho",1.681818089,10,20,260
"10_20_est_GP_param.csv","sigma",2.863320751,10,20,260
"10_20_est_GP_param.csv","mu[1]",-0.653356808,10,20,260
"10_20_est_GP_param.csv","mu[2]",3.1052923,10,20,260
"10_20_est_GP_param.csv","mu[3]",0.046462037,10,20,260
"10_20_est_GP_param.csv","mu[4]",2.665565726,10,20,260
"10_20_est_GP_param.csv","mu[5]",1.245029155,10,20,260
"10_3_est_GP_param.csv","alpha",4.154625216,10,3,260
"10_3_est_GP_param.csv","rho",2.073260681,10,3,260
"10_3_est_GP_param.csv","sigma",2.943551919,10,3,260
"10_3_est_GP_param.csv","mu[1]",-2.158301595,10,3,260
"10_3_est_GP_param.csv","mu[2]",3.393008219,10,3,260
"10_3_est_GP_param.csv","mu[3]",6.849917933,10,3,260
"10_3_est_GP_param.csv","mu[4]",-2.832949834,10,3,260
"10_3_est_GP_param.csv","mu[5]",0.818912452,10,3,260
"10_4_est_GP_param.csv","alpha",3.412285713,10,4,260
"10_4_est_GP_param.csv","rho",2.398090451,10,4,260
"10_4_est_GP_param.csv","sigma",2.781198132,10,4,260
"10_4_est_GP_param.csv","mu[1]",5.53471144,10,4,260
"10_4_est_GP_param.csv","mu[2]",0.252943834,10,4,260
"10_4_est_GP_param.csv","mu[3]",1.2177967,10,4,260
"10_4_est_GP_param.csv","mu[4]",-2.783474909,10,4,260
"10_4_est_GP_param.csv","mu[5]",-0.943781351,10,4,260
"10_5_est_GP_param.csv","alpha",2.832492702,10,5,260
"10_5_est_GP_param.csv","rho",1.685471961,10,5,260
"10_5_est_GP_param.csv","sigma",3.169167219,10,5,260
"10_5_est_GP_param.csv","mu[1]",-3.004802005,10,5,260
"10_5_est_GP_param.csv","mu[2]",-1.717458063,10,5,260
"10_5_est_GP_param.csv","mu[3]",0.918482522,10,5,260
"10_5_est_GP_param.csv","mu[4]",2.26630869,10,5,260
"10_5_est_GP_param.csv","mu[5]",2.475017445,10,5,260
"10_6_est_GP_param.csv","alpha",3.378147647,10,6,260
"10_6_est_GP_param.csv","rho",1.688400486,10,6,260
"10_6_est_GP_param.csv","sigma",2.877679185,10,6,260
"10_6_est_GP_param.csv","mu[1]",-2.946763184,10,6,260
"10_6_est_GP_param.csv","mu[2]",0.051257214,10,6,260
"10_6_est_GP_param.csv","mu[3]",-2.072559997,10,6,260
"10_6_est_GP_param.csv","mu[4]",-2.388146873,10,6,260
"10_6_est_GP_param.csv","mu[5]",6.04345598,10,6,260
"10_7_est_GP_param.csv","alpha",3.448067278,10,7,260
"10_7_est_GP_param.csv","rho",1.381551725,10,7,260
"10_7_est_GP_param.csv","sigma",3.136547274,10,7,260
"10_7_est_GP_param.csv","mu[1]",4.477611337,10,7,260
"10_7_est_GP_param.csv","mu[2]",0.421673084,10,7,260
"10_7_est_GP_param.csv","mu[3]",-1.096138308,10,7,260
"10_7_est_GP_param.csv","mu[4]",-0.592792302,10,7,260
"10_7_est_GP_param.csv","mu[5]",-0.90306755,10,7,260
"10_8_est_GP_param.csv","alpha",3.175725513,10,8,260
"10_8_est_GP_param.csv","rho",1.876573142,10,8,260
"10_8_est_GP_param.csv","sigma",2.979239417,10,8,260
"10_8_est_GP_param.csv","mu[1]",1.577163837,10,8,260
"10_8_est_GP_param.csv","mu[2]",-0.110916263,10,8,260
"10_8_est_GP_param.csv","mu[3]",7.511252382,10,8,260
"10_8_est_GP_param.csv","mu[4]",2.967145141,10,8,260
"10_8_est_GP_param.csv","mu[5]",-0.222991228,10,8,260
"10_9_est_GP_param.csv","alpha",3.255008092,10,9,260
"10_9_est_GP_param.csv","rho",1.804786003,10,9,260
"10_9_est_GP_param.csv","sigma",2.832557497,10,9,260
"10_9_est_GP_param.csv","mu[1]",0.046088623,10,9,260
"10_9_est_GP_param.csv","mu[2]",-1.534815969,10,9,260
"10_9_est_GP_param.csv","mu[3]",-1.662963611,10,9,260
"10_9_est_GP_param.csv","mu[4]",-1.116717428,10,9,260
"10_9_est_GP_param.csv","mu[5]",-0.203867684,10,9,260
"11_10_est_GP_param.csv","alpha",2.890901988,11,10,260
"11_10_est_GP_param.csv","rho",-2.776909076,11,10,260
"11_10_est_GP_param.csv","sigma",1.137295072,11,10,260
"11_10_est_GP_param.csv","mu[1]",0.232448358,11,10,260
"11_10_est_GP_param.csv","mu[2]",-2.752550828,11,10,260
"11_10_est_GP_param.csv","mu[3]",-3.409755672,11,10,260
"11_10_est_GP_param.csv","mu[4]",5.559988885,11,10,260
"11_10_est_GP_param.csv","mu[5]",6.451338862,11,10,260
"11_11_est_GP_param.csv","alpha",2.492116004,11,11,260
"11_11_est_GP_param.csv","rho",1.521699597,11,11,260
"11_11_est_GP_param.csv","sigma",2.72687613,11,11,260
"11_11_est_GP_param.csv","mu[1]",1.840703727,11,11,260
"11_11_est_GP_param.csv","mu[2]",2.191830522,11,11,260
"11_11_est_GP_param.csv","mu[3]",0.648772721,11,11,260
"11_11_est_GP_param.csv","mu[4]",2.233687232,11,11,260
"11_11_est_GP_param.csv","mu[5]",-0.823761806,11,11,260
"11_12_est_GP_param.csv","alpha",3.039104588,11,12,260
"11_12_est_GP_param.csv","rho",1.808002852,11,12,260
"11_12_est_GP_param.csv","sigma",3.015176749,11,12,260
"11_12_est_GP_param.csv","mu[1]",-1.054925967,11,12,260
"11_12_est_GP_param.csv","mu[2]",1.458833661,11,12,260
"11_12_est_GP_param.csv","mu[3]",-1.600648934,11,12,260
"11_12_est_GP_param.csv","mu[4]",-0.875220603,11,12,260
"11_12_est_GP_param.csv","mu[5]",2.687604009,11,12,260
"11_13_est_GP_param.csv","alpha",3.079401293,11,13,260
"11_13_est_GP_param.csv","rho",1.159091311,11,13,260
"11_13_est_GP_param.csv","sigma",2.560539552,11,13,260
"11_13_est_GP_param.csv","mu[1]",2.326077442,11,13,260
"11_13_est_GP_param.csv","mu[2]",-2.529737676,11,13,260
"11_13_est_GP_param.csv","mu[3]",-0.733846603,11,13,260
"11_13_est_GP_param.csv","mu[4]",3.042086439,11,13,260
"11_13_est_GP_param.csv","mu[5]",-3.542003967,11,13,260
"11_14_est_GP_param.csv","alpha",3.373255814,11,14,260
"11_14_est_GP_param.csv","rho",1.856063852,11,14,260
"11_14_est_GP_param.csv","sigma",2.871787462,11,14,260
"11_14_est_GP_param.csv","mu[1]",-0.193045459,11,14,260
"11_14_est_GP_param.csv","mu[2]",-1.91847853,11,14,260
"11_14_est_GP_param.csv","mu[3]",0.026474585,11,14,260
"11_14_est_GP_param.csv","mu[4]",-3.417236434,11,14,260
"11_14_est_GP_param.csv","mu[5]",1.476433112,11,14,260
"11_15_est_GP_param.csv","alpha",2.918373171,11,15,260
"11_15_est_GP_param.csv","rho",0.442751166,11,15,260
"11_15_est_GP_param.csv","sigma",2.37496027,11,15,260
"11_15_est_GP_param.csv","mu[1]",0.824957917,11,15,260
"11_15_est_GP_param.csv","mu[2]",-1.437995165,11,15,260
"11_15_est_GP_param.csv","mu[3]",-1.317606054,11,15,260
"11_15_est_GP_param.csv","mu[4]",7.010375675,11,15,260
"11_15_est_GP_param.csv","mu[5]",-1.351576274,11,15,260
"11_16_est_GP_param.csv","alpha",3.608340493,11,16,260
"11_16_est_GP_param.csv","rho",2.068221336,11,16,260
"11_16_est_GP_param.csv","sigma",2.877983053,11,16,260
"11_16_est_GP_param.csv","mu[1]",1.708575586,11,16,260
"11_16_est_GP_param.csv","mu[2]",0.494767307,11,16,260
"11_16_est_GP_param.csv","mu[3]",-0.887315492,11,16,260
"11_16_est_GP_param.csv","mu[4]",-3.007558994,11,16,260
"11_16_est_GP_param.csv","mu[5]",1.146233836,11,16,260
"11_17_est_GP_param.csv","alpha",3.101739881,11,17,260
"11_17_est_GP_param.csv","rho",2.327463678,11,17,260
"11_17_est_GP_param.csv","sigma",2.93216211,11,17,260
"11_17_est_GP_param.csv","mu[1]",-0.353495559,11,17,260
"11_17_est_GP_param.csv","mu[2]",-0.32678999,11,17,260
"11_17_est_GP_param.csv","mu[3]",-3.179973538,11,17,260
"11_17_est_GP_param.csv","mu[4]",3.606149598,11,17,260
"11_17_est_GP_param.csv","mu[5]",-1.373359355,11,17,260
"11_18_est_GP_param.csv","alpha",2.223770891,11,18,260
"11_18_est_GP_param.csv","rho",-1.294871589,11,18,260
"11_18_est_GP_param.csv","sigma",2.181144395,11,18,260
"11_18_est_GP_param.csv","mu[1]",2.03973502,11,18,260
"11_18_est_GP_param.csv","mu[2]",-0.411532823,11,18,260
"11_18_est_GP_param.csv","mu[3]",0.198538731,11,18,260
"11_18_est_GP_param.csv","mu[4]",0.46055625,11,18,260
"11_18_est_GP_param.csv","mu[5]",1.475043608,11,18,260
"11_19_est_GP_param.csv","alpha",3.329674373,11,19,260
"11_19_est_GP_param.csv","rho",2.482173671,11,19,260
"11_19_est_GP_param.csv","sigma",3.152983024,11,19,260
"11_19_est_GP_param.csv","mu[1]",-2.216307956,11,19,260
"11_19_est_GP_param.csv","mu[2]",-2.592304945,11,19,260
"11_19_est_GP_param.csv","mu[3]",0.979947628,11,19,260
"11_19_est_GP_param.csv","mu[4]",-1.85804809,11,19,260
"11_19_est_GP_param.csv","mu[5]",5.312119534,11,19,260
"11_2_est_GP_param.csv","alpha",3.251608945,11,2,260
"11_2_est_GP_param.csv","rho",2.555075283,11,2,260
"11_2_est_GP_param.csv","sigma",3.048530833,11,2,260
"11_2_est_GP_param.csv","mu[1]",3.897380332,11,2,260
"11_2_est_GP_param.csv","mu[2]",1.821608457,11,2,260
"11_2_est_GP_param.csv","mu[3]",0.689702914,11,2,260
"11_2_est_GP_param.csv","mu[4]",-1.527249934,11,2,260
"11_2_est_GP_param.csv","mu[5]",-3.007755126,11,2,260
"11_20_est_GP_param.csv","alpha",3.159781007,11,20,260
"11_20_est_GP_param.csv","rho",2.155841697,11,20,260
"11_20_est_GP_param.csv","sigma",2.640282848,11,20,260
"11_20_est_GP_param.csv","mu[1]",-2.83654332,11,20,260
"11_20_est_GP_param.csv","mu[2]",-2.269009464,11,20,260
"11_20_est_GP_param.csv","mu[3]",-1.855228949,11,20,260
"11_20_est_GP_param.csv","mu[4]",-1.277046829,11,20,260
"11_20_est_GP_param.csv","mu[5]",-0.359679564,11,20,260
"11_3_est_GP_param.csv","alpha",1.728158787,11,3,260
"11_3_est_GP_param.csv","rho",-0.629339972,11,3,260
"11_3_est_GP_param.csv","sigma",2.759968843,11,3,260
"11_3_est_GP_param.csv","mu[1]",0.951144528,11,3,260
"11_3_est_GP_param.csv","mu[2]",2.310714214,11,3,260
"11_3_est_GP_param.csv","mu[3]",-3.933277606,11,3,260
"11_3_est_GP_param.csv","mu[4]",-0.034836218,11,3,260
"11_3_est_GP_param.csv","mu[5]",-4.279842633,11,3,260
"11_4_est_GP_param.csv","alpha",3.120712792,11,4,260
"11_4_est_GP_param.csv","rho",1.109435568,11,4,260
"11_4_est_GP_param.csv","sigma",2.406054839,11,4,260
"11_4_est_GP_param.csv","mu[1]",0.072588784,11,4,260
"11_4_est_GP_param.csv","mu[2]",-3.583038235,11,4,260
"11_4_est_GP_param.csv","mu[3]",-1.388518673,11,4,260
"11_4_est_GP_param.csv","mu[4]",2.777194699,11,4,260
"11_4_est_GP_param.csv","mu[5]",1.49686987,11,4,260
"11_5_est_GP_param.csv","alpha",2.556844821,11,5,260
"11_5_est_GP_param.csv","rho",1.410740022,11,5,260
"11_5_est_GP_param.csv","sigma",2.936434379,11,5,260
"11_5_est_GP_param.csv","mu[1]",-0.15931568,11,5,260
"11_5_est_GP_param.csv","mu[2]",1.924239737,11,5,260
"11_5_est_GP_param.csv","mu[3]",1.56181558,11,5,260
"11_5_est_GP_param.csv","mu[4]",-0.56140545,11,5,260
"11_5_est_GP_param.csv","mu[5]",-0.203878898,11,5,260
"11_6_est_GP_param.csv","alpha",3.994177009,11,6,260
"11_6_est_GP_param.csv","rho",2.905097903,11,6,260
"11_6_est_GP_param.csv","sigma",3.071230382,11,6,260
"11_6_est_GP_param.csv","mu[1]",3.34150505,11,6,260
"11_6_est_GP_param.csv","mu[2]",2.206319895,11,6,260
"11_6_est_GP_param.csv","mu[3]",-3.328496839,11,6,260
"11_6_est_GP_param.csv","mu[4]",1.252459788,11,6,260
"11_6_est_GP_param.csv","mu[5]",0.886519497,11,6,260
"11_7_est_GP_param.csv","alpha",2.880972405,11,7,260
"11_7_est_GP_param.csv","rho",1.628171334,11,7,260
"11_7_est_GP_param.csv","sigma",2.825673247,11,7,260
"11_7_est_GP_param.csv","mu[1]",-1.011702332,11,7,260
"11_7_est_GP_param.csv","mu[2]",-1.641724234,11,7,260
"11_7_est_GP_param.csv","mu[3]",-2.186104557,11,7,260
"11_7_est_GP_param.csv","mu[4]",5.772742009,11,7,260
"11_7_est_GP_param.csv","mu[5]",3.750539584,11,7,260
"11_8_est_GP_param.csv","alpha",2.191172265,11,8,260
"11_8_est_GP_param.csv","rho",-1.827107231,11,8,260
"11_8_est_GP_param.csv","sigma",2.269987465,11,8,260
"11_8_est_GP_param.csv","mu[1]",3.078679211,11,8,260
"11_8_est_GP_param.csv","mu[2]",-1.364914212,11,8,260
"11_8_est_GP_param.csv","mu[3]",-2.678583782,11,8,260
"11_8_est_GP_param.csv","mu[4]",-2.36403957,11,8,260
"11_8_est_GP_param.csv","mu[5]",-0.605391984,11,8,260
"11_9_est_GP_param.csv","alpha",2.248369322,11,9,260
"11_9_est_GP_param.csv","rho",-0.073849625,11,9,260
"11_9_est_GP_param.csv","sigma",2.468088161,11,9,260
"11_9_est_GP_param.csv","mu[1]",-2.577676267,11,9,260
"11_9_est_GP_param.csv","mu[2]",0.100994045,11,9,260
"11_9_est_GP_param.csv","mu[3]",0.517348311,11,9,260
"11_9_est_GP_param.csv","mu[4]",-2.50308377,11,9,260
"11_9_est_GP_param.csv","mu[5]",-3.590373115,11,9,260
"12_10_est_GP_param.csv","alpha",2.879390107,12,10,260
"12_10_est_GP_param.csv","rho",2.043317179,12,10,260
"12_10_est_GP_param.csv","sigma",3.071163484,12,10,260
"12_10_est_GP_param.csv","mu[1]",2.763498398,12,10,260
"12_10_est_GP_param.csv","mu[2]",-2.768963796,12,10,260
"12_10_est_GP_param.csv","mu[3]",0.560306622,12,10,260
"12_10_est_GP_param.csv","mu[4]",-1.724051573,12,10,260
"12_10_est_GP_param.csv","mu[5]",0.372558774,12,10,260
"12_11_est_GP_param.csv","alpha",2.892114224,12,11,260
"12_11_est_GP_param.csv","rho",2.247265045,12,11,260
"12_11_est_GP_param.csv","sigma",2.880541465,12,11,260
"12_11_est_GP_param.csv","mu[1]",-0.614948251,12,11,260
"12_11_est_GP_param.csv","mu[2]",0.599202405,12,11,260
"12_11_est_GP_param.csv","mu[3]",2.207584456,12,11,260
"12_11_est_GP_param.csv","mu[4]",2.955697386,12,11,260
"12_11_est_GP_param.csv","mu[5]",1.415536518,12,11,260
"12_12_est_GP_param.csv","alpha",2.904129541,12,12,260
"12_12_est_GP_param.csv","rho",-0.008989955,12,12,260
"12_12_est_GP_param.csv","sigma",2.292665898,12,12,260
"12_12_est_GP_param.csv","mu[1]",2.336763,12,12,260
"12_12_est_GP_param.csv","mu[2]",0.436797184,12,12,260
"12_12_est_GP_param.csv","mu[3]",-3.64828462,12,12,260
"12_12_est_GP_param.csv","mu[4]",-3.59659247,12,12,260
"12_12_est_GP_param.csv","mu[5]",-0.441525875,12,12,260
"12_13_est_GP_param.csv","alpha",2.481360334,12,13,260
"12_13_est_GP_param.csv","rho",0.258789044,12,13,260
"12_13_est_GP_param.csv","sigma",2.692687878,12,13,260
"12_13_est_GP_param.csv","mu[1]",-0.982449492,12,13,260
"12_13_est_GP_param.csv","mu[2]",2.292730213,12,13,260
"12_13_est_GP_param.csv","mu[3]",-1.98516893,12,13,260
"12_13_est_GP_param.csv","mu[4]",-3.784950562,12,13,260
"12_13_est_GP_param.csv","mu[5]",1.787778222,12,13,260
"12_14_est_GP_param.csv","alpha",2.971491509,12,14,260
"12_14_est_GP_param.csv","rho",1.974918597,12,14,260
"12_14_est_GP_param.csv","sigma",3.063500057,12,14,260
"12_14_est_GP_param.csv","mu[1]",5.0777534,12,14,260
"12_14_est_GP_param.csv","mu[2]",-1.216544232,12,14,260
"12_14_est_GP_param.csv","mu[3]",-1.715481463,12,14,260
"12_14_est_GP_param.csv","mu[4]",2.456862166,12,14,260
"12_14_est_GP_param.csv","mu[5]",-3.077413017,12,14,260
"12_15_est_GP_param.csv","alpha",3.378304631,12,15,260
"12_15_est_GP_param.csv","rho",2.910181708,12,15,260
"12_15_est_GP_param.csv","sigma",2.880993293,12,15,260
"12_15_est_GP_param.csv","mu[1]",0.974905785,12,15,260
"12_15_est_GP_param.csv","mu[2]",3.55443914,12,15,260
"12_15_est_GP_param.csv","mu[3]",-2.977820084,12,15,260
"12_15_est_GP_param.csv","mu[4]",1.404056586,12,15,260
"12_15_est_GP_param.csv","mu[5]",-2.103069934,12,15,260
"12_16_est_GP_param.csv","alpha",3.818008358,12,16,260
"12_16_est_GP_param.csv","rho",2.431939277,12,16,260
"12_16_est_GP_param.csv","sigma",3.05609931,12,16,260
"12_16_est_GP_param.csv","mu[1]",-2.679406379,12,16,260
"12_16_est_GP_param.csv","mu[2]",4.587223414,12,16,260
"12_16_est_GP_param.csv","mu[3]",1.007008386,12,16,260
"12_16_est_GP_param.csv","mu[4]",5.243715233,12,16,260
"12_16_est_GP_param.csv","mu[5]",-0.054966162,12,16,260
"12_17_est_GP_param.csv","alpha",2.603532206,12,17,260
"12_17_est_GP_param.csv","rho",0.684323649,12,17,260
"12_17_est_GP_param.csv","sigma",2.638573235,12,17,260
"12_17_est_GP_param.csv","mu[1]",0.880195109,12,17,260
"12_17_est_GP_param.csv","mu[2]",-2.73673416,12,17,260
"12_17_est_GP_param.csv","mu[3]",-2.601479402,12,17,260
"12_17_est_GP_param.csv","mu[4]",0.877569808,12,17,260
"12_17_est_GP_param.csv","mu[5]",-1.273086459,12,17,260
"12_18_est_GP_param.csv","alpha",3.438726031,12,18,260
"12_18_est_GP_param.csv","rho",2.067357205,12,18,260
"12_18_est_GP_param.csv","sigma",2.933662806,12,18,260
"12_18_est_GP_param.csv","mu[1]",-1.302629227,12,18,260
"12_18_est_GP_param.csv","mu[2]",0.702443234,12,18,260
"12_18_est_GP_param.csv","mu[3]",-2.903164344,12,18,260
"12_18_est_GP_param.csv","mu[4]",4.334026633,12,18,260
"12_18_est_GP_param.csv","mu[5]",2.115132654,12,18,260
"12_19_est_GP_param.csv","alpha",2.621625213,12,19,260
"12_19_est_GP_param.csv","rho",2.067184872,12,19,260
"12_19_est_GP_param.csv","sigma",2.860512946,12,19,260
"12_19_est_GP_param.csv","mu[1]",-0.271835286,12,19,260
"12_19_est_GP_param.csv","mu[2]",-2.948837232,12,19,260
"12_19_est_GP_param.csv","mu[3]",-0.675836875,12,19,260
"12_19_est_GP_param.csv","mu[4]",-3.327794288,12,19,260
"12_19_est_GP_param.csv","mu[5]",1.261683578,12,19,260
"12_2_est_GP_param.csv","alpha",2.353491123,12,2,260
"12_2_est_GP_param.csv","rho",-0.584778744,12,2,260
"12_2_est_GP_param.csv","sigma",2.250105308,12,2,260
"12_2_est_GP_param.csv","mu[1]",-2.675320485,12,2,260
"12_2_est_GP_param.csv","mu[2]",-1.309145889,12,2,260
"12_2_est_GP_param.csv","mu[3]",-1.533149877,12,2,260
"12_2_est_GP_param.csv","mu[4]",2.397553538,12,2,260
"12_2_est_GP_param.csv","mu[5]",-2.241058634,12,2,260
"12_20_est_GP_param.csv","alpha",2.267478404,12,20,260
"12_20_est_GP_param.csv","rho",-0.503958216,12,20,260
"12_20_est_GP_param.csv","sigma",2.329017315,12,20,260
"12_20_est_GP_param.csv","mu[1]",0.467051333,12,20,260
"12_20_est_GP_param.csv","mu[2]",2.258544981,12,20,260
"12_20_est_GP_param.csv","mu[3]",-0.786938251,12,20,260
"12_20_est_GP_param.csv","mu[4]",3.796692106,12,20,260
"12_20_est_GP_param.csv","mu[5]",1.824110182,12,20,260
"12_3_est_GP_param.csv","alpha",2.245979992,12,3,260
"12_3_est_GP_param.csv","rho",-1.781259732,12,3,260
"12_3_est_GP_param.csv","sigma",1.847162744,12,3,260
"12_3_est_GP_param.csv","mu[1]",-1.343061851,12,3,260
"12_3_est_GP_param.csv","mu[2]",0.269403613,12,3,260
"12_3_est_GP_param.csv","mu[3]",-1.375460497,12,3,260
"12_3_est_GP_param.csv","mu[4]",2.97749484,12,3,260
"12_3_est_GP_param.csv","mu[5]",0.33514014,12,3,260
"12_4_est_GP_param.csv","alpha",1.787707183,12,4,260
"12_4_est_GP_param.csv","rho",0.332911837,12,4,260
"12_4_est_GP_param.csv","sigma",2.708771445,12,4,260
"12_4_est_GP_param.csv","mu[1]",7.6686646,12,4,260
"12_4_est_GP_param.csv","mu[2]",-0.396581677,12,4,260
"12_4_est_GP_param.csv","mu[3]",1.148980564,12,4,260
"12_4_est_GP_param.csv","mu[4]",-1.73210455,12,4,260
"12_4_est_GP_param.csv","mu[5]",-2.770216456,12,4,260
"12_5_est_GP_param.csv","alpha",3.598548555,12,5,260
"12_5_est_GP_param.csv","rho",2.378308892,12,5,260
"12_5_est_GP_param.csv","sigma",2.897688805,12,5,260
"12_5_est_GP_param.csv","mu[1]",-1.245174116,12,5,260
"12_5_est_GP_param.csv","mu[2]",-1.033126724,12,5,260
"12_5_est_GP_param.csv","mu[3]",3.226568291,12,5,260
"12_5_est_GP_param.csv","mu[4]",-3.216168057,12,5,260
"12_5_est_GP_param.csv","mu[5]",1.588097596,12,5,260
"12_6_est_GP_param.csv","alpha",2.936104765,12,6,260
"12_6_est_GP_param.csv","rho",-2.172398113,12,6,260
"12_6_est_GP_param.csv","sigma",1.355828835,12,6,260
"12_6_est_GP_param.csv","mu[1]",2.264987591,12,6,260
"12_6_est_GP_param.csv","mu[2]",-1.800238367,12,6,260
"12_6_est_GP_param.csv","mu[3]",4.035137491,12,6,260
"12_6_est_GP_param.csv","mu[4]",-0.421546113,12,6,260
"12_6_est_GP_param.csv","mu[5]",-1.500536613,12,6,260
"12_7_est_GP_param.csv","alpha",2.435092815,12,7,260
"12_7_est_GP_param.csv","rho",0.501017216,12,7,260
"12_7_est_GP_param.csv","sigma",2.66695693,12,7,260
"12_7_est_GP_param.csv","mu[1]",3.54470697,12,7,260
"12_7_est_GP_param.csv","mu[2]",-3.265945834,12,7,260
"12_7_est_GP_param.csv","mu[3]",-0.566922435,12,7,260
"12_7_est_GP_param.csv","mu[4]",2.20001318,12,7,260
"12_7_est_GP_param.csv","mu[5]",-1.23322614,12,7,260
"12_8_est_GP_param.csv","alpha",2.655343972,12,8,260
"12_8_est_GP_param.csv","rho",-1.298443407,12,8,260
"12_8_est_GP_param.csv","sigma",2.211479332,12,8,260
"12_8_est_GP_param.csv","mu[1]",-0.305065882,12,8,260
"12_8_est_GP_param.csv","mu[2]",0.296789237,12,8,260
"12_8_est_GP_param.csv","mu[3]",0.4193432,12,8,260
"12_8_est_GP_param.csv","mu[4]",5.006996319,12,8,260
"12_8_est_GP_param.csv","mu[5]",0.800203843,12,8,260
"12_9_est_GP_param.csv","alpha",2.288018875,12,9,260
"12_9_est_GP_param.csv","rho",-1.244592422,12,9,260
"12_9_est_GP_param.csv","sigma",2.537419707,12,9,260
"12_9_est_GP_param.csv","mu[1]",0.0035328,12,9,260
"12_9_est_GP_param.csv","mu[2]",3.390842901,12,9,260
"12_9_est_GP_param.csv","mu[3]",1.66569985,12,9,260
"12_9_est_GP_param.csv","mu[4]",-2.970974058,12,9,260
"12_9_est_GP_param.csv","mu[5]",-4.252595841,12,9,260
"2_10_est_GP_param.csv","alpha",3.636173628,2,10,260
"2_10_est_GP_param.csv","rho",-2.520958958,2,10,260
"2_10_est_GP_param.csv","sigma",0.891808019,2,10,260
"2_10_est_GP_param.csv","mu[1]",3.314889922,2,10,260
"2_10_est_GP_param.csv","mu[2]",8.472395602,2,10,260
"2_10_est_GP_param.csv","mu[3]",4.123798552,2,10,260
"2_10_est_GP_param.csv","mu[4]",-3.757206376,2,10,260
"2_10_est_GP_param.csv","mu[5]",5.846985599,2,10,260
"2_11_est_GP_param.csv","alpha",3.458732793,2,11,260
"2_11_est_GP_param.csv","rho",-2.665850347,2,11,260
"2_11_est_GP_param.csv","sigma",1.152563282,2,11,260
"2_11_est_GP_param.csv","mu[1]",-1.781456517,2,11,260
"2_11_est_GP_param.csv","mu[2]",-0.345142033,2,11,260
"2_11_est_GP_param.csv","mu[3]",-1.651543622,2,11,260
"2_11_est_GP_param.csv","mu[4]",-0.000333445,2,11,260
"2_11_est_GP_param.csv","mu[5]",3.904379091,2,11,260
"2_12_est_GP_param.csv","alpha",2.983912584,2,12,260
"2_12_est_GP_param.csv","rho",-0.607755938,2,12,260
"2_12_est_GP_param.csv","sigma",2.40872077,2,12,260
"2_12_est_GP_param.csv","mu[1]",4.04132861,2,12,260
"2_12_est_GP_param.csv","mu[2]",-1.192224114,2,12,260
"2_12_est_GP_param.csv","mu[3]",-4.11901716,2,12,260
"2_12_est_GP_param.csv","mu[4]",1.818175557,2,12,260
"2_12_est_GP_param.csv","mu[5]",-0.847114252,2,12,260
"2_13_est_GP_param.csv","alpha",2.725144817,2,13,260
"2_13_est_GP_param.csv","rho",-2.422623306,2,13,260
"2_13_est_GP_param.csv","sigma",1.902198301,2,13,260
"2_13_est_GP_param.csv","mu[1]",4.55547047,2,13,260
"2_13_est_GP_param.csv","mu[2]",-4.40058955,2,13,260
"2_13_est_GP_param.csv","mu[3]",-1.999320421,2,13,260
"2_13_est_GP_param.csv","mu[4]",-1.155412938,2,13,260
"2_13_est_GP_param.csv","mu[5]",0.683679945,2,13,260
"2_14_est_GP_param.csv","alpha",3.371441131,2,14,260
"2_14_est_GP_param.csv","rho",-2.62958939,2,14,260
"2_14_est_GP_param.csv","sigma",1.246759283,2,14,260
"2_14_est_GP_param.csv","mu[1]",-2.97900937,2,14,260
"2_14_est_GP_param.csv","mu[2]",3.948051031,2,14,260
"2_14_est_GP_param.csv","mu[3]",0.509540927,2,14,260
"2_14_est_GP_param.csv","mu[4]",-1.0153628,2,14,260
"2_14_est_GP_param.csv","mu[5]",0.290408105,2,14,260
"2_15_est_GP_param.csv","alpha",3.448904648,2,15,260
"2_15_est_GP_param.csv","rho",-2.534779653,2,15,260
"2_15_est_GP_param.csv","sigma",0.943221483,2,15,260
"2_15_est_GP_param.csv","mu[1]",6.323304115,2,15,260
"2_15_est_GP_param.csv","mu[2]",-3.394762678,2,15,260
"2_15_est_GP_param.csv","mu[3]",3.062394826,2,15,260
"2_15_est_GP_param.csv","mu[4]",-2.917468218,2,15,260
"2_15_est_GP_param.csv","mu[5]",1.104277089,2,15,260
"2_16_est_GP_param.csv","alpha",2.33216017,2,16,260
"2_16_est_GP_param.csv","rho",-1.941306823,2,16,260
"2_16_est_GP_param.csv","sigma",2.427377208,2,16,260
"2_16_est_GP_param.csv","mu[1]",1.212200564,2,16,260
"2_16_est_GP_param.csv","mu[2]",0.662217035,2,16,260
"2_16_est_GP_param.csv","mu[3]",-0.869842029,2,16,260
"2_16_est_GP_param.csv","mu[4]",-3.614619517,2,16,260
"2_16_est_GP_param.csv","mu[5]",2.876363491,2,16,260
"2_17_est_GP_param.csv","alpha",3.245054154,2,17,260
"2_17_est_GP_param.csv","rho",2.300799974,2,17,260
"2_17_est_GP_param.csv","sigma",3.340895366,2,17,260
"2_17_est_GP_param.csv","mu[1]",-2.990110826,2,17,260
"2_17_est_GP_param.csv","mu[2]",3.07085426,2,17,260
"2_17_est_GP_param.csv","mu[3]",-3.035884391,2,17,260
"2_17_est_GP_param.csv","mu[4]",-0.010166493,2,17,260
"2_17_est_GP_param.csv","mu[5]",1.1174673,2,17,260
"2_18_est_GP_param.csv","alpha",3.211422244,2,18,260
"2_18_est_GP_param.csv","rho",-2.802232917,2,18,260
"2_18_est_GP_param.csv","sigma",1.0383267,2,18,260
"2_18_est_GP_param.csv","mu[1]",-2.427028203,2,18,260
"2_18_est_GP_param.csv","mu[2]",-0.280251948,2,18,260
"2_18_est_GP_param.csv","mu[3]",-0.17200403,2,18,260
"2_18_est_GP_param.csv","mu[4]",3.28414166,2,18,260
"2_18_est_GP_param.csv","mu[5]",-1.31881307,2,18,260
"2_19_est_GP_param.csv","alpha",2.144684123,2,19,260
"2_19_est_GP_param.csv","rho",-1.238225011,2,19,260
"2_19_est_GP_param.csv","sigma",3.087836466,2,19,260
"2_19_est_GP_param.csv","mu[1]",0.866049944,2,19,260
"2_19_est_GP_param.csv","mu[2]",-2.357509787,2,19,260
"2_19_est_GP_param.csv","mu[3]",2.158886017,2,19,260
"2_19_est_GP_param.csv","mu[4]",6.177519581,2,19,260
"2_19_est_GP_param.csv","mu[5]",-4.333528377,2,19,260
"2_2_est_GP_param.csv","alpha",2.573655691,2,2,260
"2_2_est_GP_param.csv","rho",-2.002360174,2,2,260
"2_2_est_GP_param.csv","sigma",2.695559938,2,2,260
"2_2_est_GP_param.csv","mu[1]",0.118227855,2,2,260
"2_2_est_GP_param.csv","mu[2]",1.619132323,2,2,260
"2_2_est_GP_param.csv","mu[3]",-4.539414825,2,2,260
"2_2_est_GP_param.csv","mu[4]",-3.296462995,2,2,260
"2_2_est_GP_param.csv","mu[5]",-0.717908102,2,2,260
"2_20_est_GP_param.csv","alpha",3.102731859,2,20,260
"2_20_est_GP_param.csv","rho",-2.615353271,2,20,260
"2_20_est_GP_param.csv","sigma",1.806427898,2,20,260
"2_20_est_GP_param.csv","mu[1]",4.354639689,2,20,260
"2_20_est_GP_param.csv","mu[2]",-0.499098058,2,20,260
"2_20_est_GP_param.csv","mu[3]",-4.130320511,2,20,260
"2_20_est_GP_param.csv","mu[4]",-1.146601591,2,20,260
"2_20_est_GP_param.csv","mu[5]",1.179165475,2,20,260
"2_3_est_GP_param.csv","alpha",3.57364171,2,3,260
"2_3_est_GP_param.csv","rho",-2.565031517,2,3,260
"2_3_est_GP_param.csv","sigma",0.83119348,2,3,260
"2_3_est_GP_param.csv","mu[1]",-0.568803335,2,3,260
"2_3_est_GP_param.csv","mu[2]",5.586134208,2,3,260
"2_3_est_GP_param.csv","mu[3]",4.701595786,2,3,260
"2_3_est_GP_param.csv","mu[4]",1.067689573,2,3,260
"2_3_est_GP_param.csv","mu[5]",0.747790956,2,3,260
"2_4_est_GP_param.csv","alpha",3.621122902,2,4,260
"2_4_est_GP_param.csv","rho",-2.829661204,2,4,260
"2_4_est_GP_param.csv","sigma",0.81888938,2,4,260
"2_4_est_GP_param.csv","mu[1]",-1.388064329,2,4,260
"2_4_est_GP_param.csv","mu[2]",2.985323977,2,4,260
"2_4_est_GP_param.csv","mu[3]",0.63871701,2,4,260
"2_4_est_GP_param.csv","mu[4]",-4.716868091,2,4,260
"2_4_est_GP_param.csv","mu[5]",-0.870754805,2,4,260
"2_5_est_GP_param.csv","alpha",2.648538968,2,5,260
"2_5_est_GP_param.csv","rho",-2.204192966,2,5,260
"2_5_est_GP_param.csv","sigma",2.207628871,2,5,260
"2_5_est_GP_param.csv","mu[1]",2.678450418,2,5,260
"2_5_est_GP_param.csv","mu[2]",-0.303728958,2,5,260
"2_5_est_GP_param.csv","mu[3]",-0.932714128,2,5,260
"2_5_est_GP_param.csv","mu[4]",4.62771614,2,5,260
"2_5_est_GP_param.csv","mu[5]",-0.346707785,2,5,260
"2_6_est_GP_param.csv","alpha",2.750491775,2,6,260
"2_6_est_GP_param.csv","rho",-2.029739716,2,6,260
"2_6_est_GP_param.csv","sigma",1.725484165,2,6,260
"2_6_est_GP_param.csv","mu[1]",-0.659934008,2,6,260
"2_6_est_GP_param.csv","mu[2]",-2.258591702,2,6,260
"2_6_est_GP_param.csv","mu[3]",1.932234223,2,6,260
"2_6_est_GP_param.csv","mu[4]",-1.767161301,2,6,260
"2_6_est_GP_param.csv","mu[5]",2.173459727,2,6,260
"2_7_est_GP_param.csv","alpha",3.021009947,2,7,260
"2_7_est_GP_param.csv","rho",-2.352371439,2,7,260
"2_7_est_GP_param.csv","sigma",1.555083914,2,7,260
"2_7_est_GP_param.csv","mu[1]",1.536203046,2,7,260
"2_7_est_GP_param.csv","mu[2]",7.839350858,2,7,260
"2_7_est_GP_param.csv","mu[3]",-1.003354061,2,7,260
"2_7_est_GP_param.csv","mu[4]",3.01253888,2,7,260
"2_7_est_GP_param.csv","mu[5]",5.198032722,2,7,260
"2_8_est_GP_param.csv","alpha",3.10662474,2,8,260
"2_8_est_GP_param.csv","rho",-2.450453545,2,8,260
"2_8_est_GP_param.csv","sigma",1.630814252,2,8,260
"2_8_est_GP_param.csv","mu[1]",-3.100458588,2,8,260
"2_8_est_GP_param.csv","mu[2]",3.694752991,2,8,260
"2_8_est_GP_param.csv","mu[3]",0.334122147,2,8,260
"2_8_est_GP_param.csv","mu[4]",0.872114282,2,8,260
"2_8_est_GP_param.csv","mu[5]",3.082004694,2,8,260
"2_9_est_GP_param.csv","alpha",3.132579316,2,9,260
"2_9_est_GP_param.csv","rho",-2.612594978,2,9,260
"2_9_est_GP_param.csv","sigma",2.069068701,2,9,260
"2_9_est_GP_param.csv","mu[1]",-2.376115567,2,9,260
"2_9_est_GP_param.csv","mu[2]",-0.536519558,2,9,260
"2_9_est_GP_param.csv","mu[3]",-0.445764757,2,9,260
"2_9_est_GP_param.csv","mu[4]",-3.597103982,2,9,260
"2_9_est_GP_param.csv","mu[5]",0.848196982,2,9,260
"3_10_est_GP_param.csv","alpha",2.560872478,3,10,260
"3_10_est_GP_param.csv","rho",-1.19592446,3,10,260
"3_10_est_GP_param.csv","sigma",2.792620819,3,10,260
"3_10_est_GP_param.csv","mu[1]",-1.89841479,3,10,260
"3_10_est_GP_param.csv","mu[2]",1.913289717,3,10,260
"3_10_est_GP_param.csv","mu[3]",2.646210697,3,10,260
"3_10_est_GP_param.csv","mu[4]",-0.521855517,3,10,260
"3_10_est_GP_param.csv","mu[5]",2.917617657,3,10,260
"3_11_est_GP_param.csv","alpha",2.266673272,3,11,260
"3_11_est_GP_param.csv","rho",-0.767934873,3,11,260
"3_11_est_GP_param.csv","sigma",2.768063379,3,11,260
"3_11_est_GP_param.csv","mu[1]",-0.71814539,3,11,260
"3_11_est_GP_param.csv","mu[2]",-2.323706669,3,11,260
"3_11_est_GP_param.csv","mu[3]",-4.496646993,3,11,260
"3_11_est_GP_param.csv","mu[4]",1.930091297,3,11,260
"3_11_est_GP_param.csv","mu[5]",-3.439571818,3,11,260
"3_12_est_GP_param.csv","alpha",2.564263398,3,12,260
"3_12_est_GP_param.csv","rho",-2.251443629,3,12,260
"3_12_est_GP_param.csv","sigma",2.083971333,3,12,260
"3_12_est_GP_param.csv","mu[1]",5.042858317,3,12,260
"3_12_est_GP_param.csv","mu[2]",1.660705377,3,12,260
"3_12_est_GP_param.csv","mu[3]",1.336250512,3,12,260
"3_12_est_GP_param.csv","mu[4]",3.863968952,3,12,260
"3_12_est_GP_param.csv","mu[5]",-1.074124045,3,12,260
"3_13_est_GP_param.csv","alpha",3.373356678,3,13,260
"3_13_est_GP_param.csv","rho",-2.773624165,3,13,260
"3_13_est_GP_param.csv","sigma",1.150230023,3,13,260
"3_13_est_GP_param.csv","mu[1]",-2.044303749,3,13,260
"3_13_est_GP_param.csv","mu[2]",-2.342419556,3,13,260
"3_13_est_GP_param.csv","mu[3]",-0.237360141,3,13,260
"3_13_est_GP_param.csv","mu[4]",1.446852766,3,13,260
"3_13_est_GP_param.csv","mu[5]",-0.645533943,3,13,260
"3_14_est_GP_param.csv","alpha",3.487566321,3,14,260
"3_14_est_GP_param.csv","rho",-2.709504402,3,14,260
"3_14_est_GP_param.csv","sigma",1.138804895,3,14,260
"3_14_est_GP_param.csv","mu[1]",-4.452840644,3,14,260
"3_14_est_GP_param.csv","mu[2]",-1.637829849,3,14,260
"3_14_est_GP_param.csv","mu[3]",0.288924809,3,14,260
"3_14_est_GP_param.csv","mu[4]",-3.389587394,3,14,260
"3_14_est_GP_param.csv","mu[5]",5.519245897,3,14,260
"3_15_est_GP_param.csv","alpha",3.435499729,3,15,260
"3_15_est_GP_param.csv","rho",-2.49608512,3,15,260
"3_15_est_GP_param.csv","sigma",0.84682638,3,15,260
"3_15_est_GP_param.csv","mu[1]",-0.333289505,3,15,260
"3_15_est_GP_param.csv","mu[2]",4.488540472,3,15,260
"3_15_est_GP_param.csv","mu[3]",-1.890229742,3,15,260
"3_15_est_GP_param.csv","mu[4]",0.534793891,3,15,260
"3_15_est_GP_param.csv","mu[5]",5.966842573,3,15,260
"3_16_est_GP_param.csv","alpha",2.809635884,3,16,260
"3_16_est_GP_param.csv","rho",-1.524657278,3,16,260
"3_16_est_GP_param.csv","sigma",2.801586418,3,16,260
"3_16_est_GP_param.csv","mu[1]",-0.041344206,3,16,260
"3_16_est_GP_param.csv","mu[2]",2.440867716,3,16,260
"3_16_est_GP_param.csv","mu[3]",1.283686915,3,16,260
"3_16_est_GP_param.csv","mu[4]",-0.0172256,3,16,260
"3_16_est_GP_param.csv","mu[5]",-2.27349885,3,16,260
"3_17_est_GP_param.csv","alpha",2.954542348,3,17,260
"3_17_est_GP_param.csv","rho",-1.832948481,3,17,260
"3_17_est_GP_param.csv","sigma",2.09051226,3,17,260
"3_17_est_GP_param.csv","mu[1]",-1.02086882,3,17,260
"3_17_est_GP_param.csv","mu[2]",3.641660288,3,17,260
"3_17_est_GP_param.csv","mu[3]",-2.158056029,3,17,260
"3_17_est_GP_param.csv","mu[4]",1.559587783,3,17,260
"3_17_est_GP_param.csv","mu[5]",-1.136889619,3,17,260
"3_18_est_GP_param.csv","alpha",2.46124333,3,18,260
"3_18_est_GP_param.csv","rho",-0.977475264,3,18,260
"3_18_est_GP_param.csv","sigma",2.932262991,3,18,260
"3_18_est_GP_param.csv","mu[1]",2.053737148,3,18,260
"3_18_est_GP_param.csv","mu[2]",4.54843126,3,18,260
"3_18_est_GP_param.csv","mu[3]",2.07381919,3,18,260
"3_18_est_GP_param.csv","mu[4]",1.51316988,3,18,260
"3_18_est_GP_param.csv","mu[5]",0.775120248,3,18,260
"3_19_est_GP_param.csv","alpha",3.265599969,3,19,260
"3_19_est_GP_param.csv","rho",-2.783924765,3,19,260
"3_19_est_GP_param.csv","sigma",1.353706622,3,19,260
"3_19_est_GP_param.csv","mu[1]",-0.884752158,3,19,260
"3_19_est_GP_param.csv","mu[2]",5.137492161,3,19,260
"3_19_est_GP_param.csv","mu[3]",0.358417724,3,19,260
"3_19_est_GP_param.csv","mu[4]",-2.858660128,3,19,260
"3_19_est_GP_param.csv","mu[5]",-3.776484906,3,19,260
"3_2_est_GP_param.csv","alpha",2.175950977,3,2,260
"3_2_est_GP_param.csv","rho",-0.340481993,3,2,260
"3_2_est_GP_param.csv","sigma",3.369611409,3,2,260
"3_2_est_GP_param.csv","mu[1]",-0.360488576,3,2,260
"3_2_est_GP_param.csv","mu[2]",4.99571509,3,2,260
"3_2_est_GP_param.csv","mu[3]",-2.479107296,3,2,260
"3_2_est_GP_param.csv","mu[4]",-0.473731051,3,2,260
"3_2_est_GP_param.csv","mu[5]",2.461309974,3,2,260
"3_20_est_GP_param.csv","alpha",2.824067229,3,20,260
"3_20_est_GP_param.csv","rho",-1.863339045,3,20,260
"3_20_est_GP_param.csv","sigma",2.073156253,3,20,260
"3_20_est_GP_param.csv","mu[1]",0.019973803,3,20,260
"3_20_est_GP_param.csv","mu[2]",-1.620228204,3,20,260
"3_20_est_GP_param.csv","mu[3]",0.185066723,3,20,260
"3_20_est_GP_param.csv","mu[4]",7.409447378,3,20,260
"3_20_est_GP_param.csv","mu[5]",4.016179192,3,20,260
"3_3_est_GP_param.csv","alpha",2.399141935,3,3,260
"3_3_est_GP_param.csv","rho",-1.914325561,3,3,260
"3_3_est_GP_param.csv","sigma",2.472413711,3,3,260
"3_3_est_GP_param.csv","mu[1]",2.69793776,3,3,260
"3_3_est_GP_param.csv","mu[2]",-3.342566227,3,3,260
"3_3_est_GP_param.csv","mu[3]",-1.571944996,3,3,260
"3_3_est_GP_param.csv","mu[4]",-1.358442041,3,3,260
"3_3_est_GP_param.csv","mu[5]",-3.310484146,3,3,260
"3_4_est_GP_param.csv","alpha",2.403459138,3,4,260
"3_4_est_GP_param.csv","rho",-1.373506203,3,4,260
"3_4_est_GP_param.csv","sigma",2.419819968,3,4,260
"3_4_est_GP_param.csv","mu[1]",5.784226131,3,4,260
"3_4_est_GP_param.csv","mu[2]",-0.269715744,3,4,260
"3_4_est_GP_param.csv","mu[3]",4.992935007,3,4,260
"3_4_est_GP_param.csv","mu[4]",-0.566082412,3,4,260
"3_4_est_GP_param.csv","mu[5]",-2.490243819,3,4,260
"3_5_est_GP_param.csv","alpha",3.276177489,3,5,260
"3_5_est_GP_param.csv","rho",1.6257186,3,5,260
"3_5_est_GP_param.csv","sigma",3.396803269,3,5,260
"3_5_est_GP_param.csv","mu[1]",1.831425817,3,5,260
"3_5_est_GP_param.csv","mu[2]",-0.850894808,3,5,260
"3_5_est_GP_param.csv","mu[3]",-3.275604315,3,5,260
"3_5_est_GP_param.csv","mu[4]",4.043869146,3,5,260
"3_5_est_GP_param.csv","mu[5]",-2.920614705,3,5,260
"3_6_est_GP_param.csv","alpha",2.788519282,3,6,260
"3_6_est_GP_param.csv","rho",-1.996101398,3,6,260
"3_6_est_GP_param.csv","sigma",1.660920904,3,6,260
"3_6_est_GP_param.csv","mu[1]",1.509976355,3,6,260
"3_6_est_GP_param.csv","mu[2]",-3.39541649,3,6,260
"3_6_est_GP_param.csv","mu[3]",2.155833311,3,6,260
"3_6_est_GP_param.csv","mu[4]",3.107122245,3,6,260
"3_6_est_GP_param.csv","mu[5]",-2.426870887,3,6,260
"3_7_est_GP_param.csv","alpha",2.55186027,3,7,260
"3_7_est_GP_param.csv","rho",-2.119393236,3,7,260
"3_7_est_GP_param.csv","sigma",2.154630243,3,7,260
"3_7_est_GP_param.csv","mu[1]",3.919896812,3,7,260
"3_7_est_GP_param.csv","mu[2]",-4.465152185,3,7,260
"3_7_est_GP_param.csv","mu[3]",4.034166744,3,7,260
"3_7_est_GP_param.csv","mu[4]",2.671148759,3,7,260
"3_7_est_GP_param.csv","mu[5]",2.986774954,3,7,260
"3_8_est_GP_param.csv","alpha",2.816337952,3,8,260
"3_8_est_GP_param.csv","rho",-0.929904039,3,8,260
"3_8_est_GP_param.csv","sigma",2.663912896,3,8,260
"3_8_est_GP_param.csv","mu[1]",0.836587,3,8,260
"3_8_est_GP_param.csv","mu[2]",5.51217256,3,8,260
"3_8_est_GP_param.csv","mu[3]",2.266376661,3,8,260
"3_8_est_GP_param.csv","mu[4]",0.273946177,3,8,260
"3_8_est_GP_param.csv","mu[5]",7.30493017,3,8,260
"3_9_est_GP_param.csv","alpha",3.029687859,3,9,260
"3_9_est_GP_param.csv","rho",-2.359735397,3,9,260
"3_9_est_GP_param.csv","sigma",1.601556837,3,9,260
"3_9_est_GP_param.csv","mu[1]",-3.426411869,3,9,260
"3_9_est_GP_param.csv","mu[2]",-1.706887137,3,9,260
"3_9_est_GP_param.csv","mu[3]",-1.370433164,3,9,260
"3_9_est_GP_param.csv","mu[4]",-2.14073447,3,9,260
"3_9_est_GP_param.csv","mu[5]",-2.5743635,3,9,260
"4_10_est_GP_param.csv","alpha",3.036585933,4,10,260
"4_10_est_GP_param.csv","rho",-0.712349925,4,10,260
"4_10_est_GP_param.csv","sigma",2.809385836,4,10,260
"4_10_est_GP_param.csv","mu[1]",3.801627381,4,10,260
"4_10_est_GP_param.csv","mu[2]",-1.074430347,4,10,260
"4_10_est_GP_param.csv","mu[3]",0.899328128,4,10,260
"4_10_est_GP_param.csv","mu[4]",1.610002943,4,10,260
"4_10_est_GP_param.csv","mu[5]",1.678622865,4,10,260
"4_11_est_GP_param.csv","alpha",3.002416189,4,11,260
"4_11_est_GP_param.csv","rho",-1.849536873,4,11,260
"4_11_est_GP_param.csv","sigma",2.025386733,4,11,260
"4_11_est_GP_param.csv","mu[1]",2.217258747,4,11,260
"4_11_est_GP_param.csv","mu[2]",0.157053178,4,11,260
"4_11_est_GP_param.csv","mu[3]",-2.848396566,4,11,260
"4_11_est_GP_param.csv","mu[4]",1.493488037,4,11,260
"4_11_est_GP_param.csv","mu[5]",2.814843051,4,11,260
"4_12_est_GP_param.csv","alpha",2.546306753,4,12,260
"4_12_est_GP_param.csv","rho",-0.925180386,4,12,260
"4_12_est_GP_param.csv","sigma",2.81045141,4,12,260
"4_12_est_GP_param.csv","mu[1]",-0.733149268,4,12,260
"4_12_est_GP_param.csv","mu[2]",3.014934413,4,12,260
"4_12_est_GP_param.csv","mu[3]",0.495663179,4,12,260
"4_12_est_GP_param.csv","mu[4]",0.741636694,4,12,260
"4_12_est_GP_param.csv","mu[5]",-0.775873161,4,12,260
"4_13_est_GP_param.csv","alpha",2.283593532,4,13,260
"4_13_est_GP_param.csv","rho",-1.038981306,4,13,260
"4_13_est_GP_param.csv","sigma",2.838143424,4,13,260
"4_13_est_GP_param.csv","mu[1]",-0.968113611,4,13,260
"4_13_est_GP_param.csv","mu[2]",3.584425392,4,13,260
"4_13_est_GP_param.csv","mu[3]",-0.036889928,4,13,260
"4_13_est_GP_param.csv","mu[4]",-2.52367142,4,13,260
"4_13_est_GP_param.csv","mu[5]",3.592890017,4,13,260
"4_14_est_GP_param.csv","alpha",3.205811689,4,14,260
"4_14_est_GP_param.csv","rho",-1.251715616,4,14,260
"4_14_est_GP_param.csv","sigma",2.496596529,4,14,260
"4_14_est_GP_param.csv","mu[1]",-2.159167339,4,14,260
"4_14_est_GP_param.csv","mu[2]",-1.10479847,4,14,260
"4_14_est_GP_param.csv","mu[3]",3.131497532,4,14,260
"4_14_est_GP_param.csv","mu[4]",-1.336703847,4,14,260
"4_14_est_GP_param.csv","mu[5]",4.049229696,4,14,260
"4_15_est_GP_param.csv","alpha",4.050059075,4,15,260
"4_15_est_GP_param.csv","rho",0.7637315,4,15,260
"4_15_est_GP_param.csv","sigma",3.081156514,4,15,260
"4_15_est_GP_param.csv","mu[1]",-3.957151107,4,15,260
"4_15_est_GP_param.csv","mu[2]",2.637047366,4,15,260
"4_15_est_GP_param.csv","mu[3]",-1.656883807,4,15,260
"4_15_est_GP_param.csv","mu[4]",1.408176073,4,15,260
"4_15_est_GP_param.csv","mu[5]",1.083977715,4,15,260
"4_16_est_GP_param.csv","alpha",1.981243512,4,16,260
"4_16_est_GP_param.csv","rho",-0.594741447,4,16,260
"4_16_est_GP_param.csv","sigma",2.987195212,4,16,260
"4_16_est_GP_param.csv","mu[1]",2.007254575,4,16,260
"4_16_est_GP_param.csv","mu[2]",0.385672355,4,16,260
"4_16_est_GP_param.csv","mu[3]",2.47645576,4,16,260
"4_16_est_GP_param.csv","mu[4]",0.051079965,4,16,260
"4_16_est_GP_param.csv","mu[5]",-0.600202715,4,16,260
"4_17_est_GP_param.csv","alpha",3.33167233,4,17,260
"4_17_est_GP_param.csv","rho",-2.267805775,4,17,260
"4_17_est_GP_param.csv","sigma",0.973526668,4,17,260
"4_17_est_GP_param.csv","mu[1]",-2.457644292,4,17,260
"4_17_est_GP_param.csv","mu[2]",-2.560990775,4,17,260
"4_17_est_GP_param.csv","mu[3]",-1.047989715,4,17,260
"4_17_est_GP_param.csv","mu[4]",0.961150891,4,17,260
"4_17_est_GP_param.csv","mu[5]",-1.752335284,4,17,260
"4_18_est_GP_param.csv","alpha",1.915461977,4,18,260
"4_18_est_GP_param.csv","rho",-0.395580995,4,18,260
"4_18_est_GP_param.csv","sigma",2.803201561,4,18,260
"4_18_est_GP_param.csv","mu[1]",-1.123717257,4,18,260
"4_18_est_GP_param.csv","mu[2]",0.327159633,4,18,260
"4_18_est_GP_param.csv","mu[3]",2.209825205,4,18,260
"4_18_est_GP_param.csv","mu[4]",-2.61403186,4,18,260
"4_18_est_GP_param.csv","mu[5]",0.892150443,4,18,260
"4_19_est_GP_param.csv","alpha",2.334377573,4,19,260
"4_19_est_GP_param.csv","rho",-0.854072268,4,19,260
"4_19_est_GP_param.csv","sigma",2.816813219,4,19,260
"4_19_est_GP_param.csv","mu[1]",-3.417852428,4,19,260
"4_19_est_GP_param.csv","mu[2]",1.105953268,4,19,260
"4_19_est_GP_param.csv","mu[3]",1.100078929,4,19,260
"4_19_est_GP_param.csv","mu[4]",-0.902678691,4,19,260
"4_19_est_GP_param.csv","mu[5]",-2.301057301,4,19,260
"4_2_est_GP_param.csv","alpha",2.764315744,4,2,260
"4_2_est_GP_param.csv","rho",-1.494403724,4,2,260
"4_2_est_GP_param.csv","sigma",2.312945348,4,2,260
"4_2_est_GP_param.csv","mu[1]",2.608968622,4,2,260
"4_2_est_GP_param.csv","mu[2]",-3.130894786,4,2,260
"4_2_est_GP_param.csv","mu[3]",-4.040246309,4,2,260
"4_2_est_GP_param.csv","mu[4]",-0.013234859,4,2,260
"4_2_est_GP_param.csv","mu[5]",-0.052600204,4,2,260
"4_20_est_GP_param.csv","alpha",2.553571732,4,20,260
"4_20_est_GP_param.csv","rho",-0.294516857,4,20,260
"4_20_est_GP_param.csv","sigma",3.047594503,4,20,260
"4_20_est_GP_param.csv","mu[1]",0.146536184,4,20,260
"4_20_est_GP_param.csv","mu[2]",0.097567504,4,20,260
"4_20_est_GP_param.csv","mu[3]",-0.465725792,4,20,260
"4_20_est_GP_param.csv","mu[4]",1.404065129,4,20,260
"4_20_est_GP_param.csv","mu[5]",-2.286882057,4,20,260
"4_3_est_GP_param.csv","alpha",2.666541887,4,3,260
"4_3_est_GP_param.csv","rho",-0.428418148,4,3,260
"4_3_est_GP_param.csv","sigma",2.846338197,4,3,260
"4_3_est_GP_param.csv","mu[1]",-3.984156871,4,3,260
"4_3_est_GP_param.csv","mu[2]",-0.885926801,4,3,260
"4_3_est_GP_param.csv","mu[3]",-3.548042976,4,3,260
"4_3_est_GP_param.csv","mu[4]",2.518819686,4,3,260
"4_3_est_GP_param.csv","mu[5]",-3.718269166,4,3,260
"4_4_est_GP_param.csv","alpha",2.773926055,4,4,260
"4_4_est_GP_param.csv","rho",-0.524010642,4,4,260
"4_4_est_GP_param.csv","sigma",2.948502416,4,4,260
"4_4_est_GP_param.csv","mu[1]",-1.077956063,4,4,260
"4_4_est_GP_param.csv","mu[2]",3.68509032,4,4,260
"4_4_est_GP_param.csv","mu[3]",-0.275004964,4,4,260
"4_4_est_GP_param.csv","mu[4]",-4.660457385,4,4,260
"4_4_est_GP_param.csv","mu[5]",-3.118210837,4,4,260
"4_5_est_GP_param.csv","alpha",2.384787122,4,5,260
"4_5_est_GP_param.csv","rho",-0.751883532,4,5,260
"4_5_est_GP_param.csv","sigma",2.889364709,4,5,260
"4_5_est_GP_param.csv","mu[1]",2.977539511,4,5,260
"4_5_est_GP_param.csv","mu[2]",1.880004464,4,5,260
"4_5_est_GP_param.csv","mu[3]",-3.445029339,4,5,260
"4_5_est_GP_param.csv","mu[4]",-1.464959892,4,5,260
"4_5_est_GP_param.csv","mu[5]",-0.239896933,4,5,260
"4_6_est_GP_param.csv","alpha",2.155457999,4,6,260
"4_6_est_GP_param.csv","rho",-1.126568488,4,6,260
"4_6_est_GP_param.csv","sigma",2.601235162,4,6,260
"4_6_est_GP_param.csv","mu[1]",0.953277067,4,6,260
"4_6_est_GP_param.csv","mu[2]",1.989423603,4,6,260
"4_6_est_GP_param.csv","mu[3]",-3.300167445,4,6,260
"4_6_est_GP_param.csv","mu[4]",-0.897699686,4,6,260
"4_6_est_GP_param.csv","mu[5]",-1.935166874,4,6,260
"4_7_est_GP_param.csv","alpha",1.904743255,4,7,260
"4_7_est_GP_param.csv","rho",-0.845042975,4,7,260
"4_7_est_GP_param.csv","sigma",2.866433919,4,7,260
"4_7_est_GP_param.csv","mu[1]",2.85781141,4,7,260
"4_7_est_GP_param.csv","mu[2]",-1.808415637,4,7,260
"4_7_est_GP_param.csv","mu[3]",-2.687160825,4,7,260
"4_7_est_GP_param.csv","mu[4]",-3.025166667,4,7,260
"4_7_est_GP_param.csv","mu[5]",-1.357477229,4,7,260
"4_8_est_GP_param.csv","alpha",2.98271959,4,8,260
"4_8_est_GP_param.csv","rho",-1.177005291,4,8,260
"4_8_est_GP_param.csv","sigma",2.165493887,4,8,260
"4_8_est_GP_param.csv","mu[1]",1.398351436,4,8,260
"4_8_est_GP_param.csv","mu[2]",2.672083608,4,8,260
"4_8_est_GP_param.csv","mu[3]",9.617138612,4,8,260
"4_8_est_GP_param.csv","mu[4]",1.929084974,4,8,260
"4_8_est_GP_param.csv","mu[5]",-2.2596439,4,8,260
"4_9_est_GP_param.csv","alpha",2.418098926,4,9,260
"4_9_est_GP_param.csv","rho",-0.523397752,4,9,260
"4_9_est_GP_param.csv","sigma",3.083096867,4,9,260
"4_9_est_GP_param.csv","mu[1]",3.5191248,4,9,260
"4_9_est_GP_param.csv","mu[2]",4.713362197,4,9,260
"4_9_est_GP_param.csv","mu[3]",-2.220690608,4,9,260
"4_9_est_GP_param.csv","mu[4]",-4.260193216,4,9,260
"4_9_est_GP_param.csv","mu[5]",-4.364289709,4,9,260
"5_10_est_GP_param.csv","alpha",2.35048347,5,10,260
"5_10_est_GP_param.csv","rho",-0.823052238,5,10,260
"5_10_est_GP_param.csv","sigma",2.713164759,5,10,260
"5_10_est_GP_param.csv","mu[1]",2.319666405,5,10,260
"5_10_est_GP_param.csv","mu[2]",0.959119487,5,10,260
"5_10_est_GP_param.csv","mu[3]",-4.087072727,5,10,260
"5_10_est_GP_param.csv","mu[4]",0.468833436,5,10,260
"5_10_est_GP_param.csv","mu[5]",2.934843,5,10,260
"5_11_est_GP_param.csv","alpha",2.747966281,5,11,260
"5_11_est_GP_param.csv","rho",0.340168969,5,11,260
"5_11_est_GP_param.csv","sigma",2.932677539,5,11,260
"5_11_est_GP_param.csv","mu[1]",2.144534793,5,11,260
"5_11_est_GP_param.csv","mu[2]",-1.13497546,5,11,260
"5_11_est_GP_param.csv","mu[3]",-0.956466312,5,11,260
"5_11_est_GP_param.csv","mu[4]",5.709074673,5,11,260
"5_11_est_GP_param.csv","mu[5]",-0.706100519,5,11,260
"5_12_est_GP_param.csv","alpha",2.118706524,5,12,260
"5_12_est_GP_param.csv","rho",-0.881976363,5,12,260
"5_12_est_GP_param.csv","sigma",2.721376278,5,12,260
"5_12_est_GP_param.csv","mu[1]",-2.512459925,5,12,260
"5_12_est_GP_param.csv","mu[2]",0.895644122,5,12,260
"5_12_est_GP_param.csv","mu[3]",-1.061766658,5,12,260
"5_12_est_GP_param.csv","mu[4]",0.713432928,5,12,260
"5_12_est_GP_param.csv","mu[5]",2.896023868,5,12,260
"5_13_est_GP_param.csv","alpha",2.44218877,5,13,260
"5_13_est_GP_param.csv","rho",0.067615424,5,13,260
"5_13_est_GP_param.csv","sigma",3.082259554,5,13,260
"5_13_est_GP_param.csv","mu[1]",1.734272232,5,13,260
"5_13_est_GP_param.csv","mu[2]",-0.546729809,5,13,260
"5_13_est_GP_param.csv","mu[3]",1.072658557,5,13,260
"5_13_est_GP_param.csv","mu[4]",1.69577927,5,13,260
"5_13_est_GP_param.csv","mu[5]",0.461176142,5,13,260
"5_14_est_GP_param.csv","alpha",2.268237983,5,14,260
"5_14_est_GP_param.csv","rho",-0.705664448,5,14,260
"5_14_est_GP_param.csv","sigma",2.707834526,5,14,260
"5_14_est_GP_param.csv","mu[1]",3.88113408,5,14,260
"5_14_est_GP_param.csv","mu[2]",-2.480790464,5,14,260
"5_14_est_GP_param.csv","mu[3]",3.847745461,5,14,260
"5_14_est_GP_param.csv","mu[4]",1.742611104,5,14,260
"5_14_est_GP_param.csv","mu[5]",-0.208119149,5,14,260
"5_15_est_GP_param.csv","alpha",2.513583775,5,15,260
"5_15_est_GP_param.csv","rho",-0.326256672,5,15,260
"5_15_est_GP_param.csv","sigma",2.832841461,5,15,260
"5_15_est_GP_param.csv","mu[1]",-1.787496395,5,15,260
"5_15_est_GP_param.csv","mu[2]",-4.003552981,5,15,260
"5_15_est_GP_param.csv","mu[3]",-4.331704472,5,15,260
"5_15_est_GP_param.csv","mu[4]",-2.18513127,5,15,260
"5_15_est_GP_param.csv","mu[5]",-2.911150008,5,15,260
"5_16_est_GP_param.csv","alpha",2.419609264,5,16,260
"5_16_est_GP_param.csv","rho",-0.088943872,5,16,260
"5_16_est_GP_param.csv","sigma",2.743744652,5,16,260
"5_16_est_GP_param.csv","mu[1]",0.791730181,5,16,260
"5_16_est_GP_param.csv","mu[2]",2.044068859,5,16,260
"5_16_est_GP_param.csv","mu[3]",-4.24074825,5,16,260
"5_16_est_GP_param.csv","mu[4]",0.371276385,5,16,260
"5_16_est_GP_param.csv","mu[5]",3.328434139,5,16,260
"5_17_est_GP_param.csv","alpha",2.12852951,5,17,260
"5_17_est_GP_param.csv","rho",-0.005777412,5,17,260
"5_17_est_GP_param.csv","sigma",3.025012192,5,17,260
"5_17_est_GP_param.csv","mu[1]",-0.94204653,5,17,260
"5_17_est_GP_param.csv","mu[2]",-0.691481286,5,17,260
"5_17_est_GP_param.csv","mu[3]",1.949292983,5,17,260
"5_17_est_GP_param.csv","mu[4]",-0.633360038,5,17,260
"5_17_est_GP_param.csv","mu[5]",-4.092406204,5,17,260
"5_18_est_GP_param.csv","alpha",2.491893663,5,18,260
"5_18_est_GP_param.csv","rho",-0.931286353,5,18,260
"5_18_est_GP_param.csv","sigma",2.61027186,5,18,260
"5_18_est_GP_param.csv","mu[1]",-1.805965392,5,18,260
"5_18_est_GP_param.csv","mu[2]",0.771978047,5,18,260
"5_18_est_GP_param.csv","mu[3]",-0.857737124,5,18,260
"5_18_est_GP_param.csv","mu[4]",3.535498684,5,18,260
"5_18_est_GP_param.csv","mu[5]",1.259696269,5,18,260
"5_19_est_GP_param.csv","alpha",1.637928432,5,19,260
"5_19_est_GP_param.csv","rho",-0.602205463,5,19,260
"5_19_est_GP_param.csv","sigma",2.789227346,5,19,260
"5_19_est_GP_param.csv","mu[1]",1.362152597,5,19,260
"5_19_est_GP_param.csv","mu[2]",-0.725495681,5,19,260
"5_19_est_GP_param.csv","mu[3]",-0.611054805,5,19,260
"5_19_est_GP_param.csv","mu[4]",-0.532164526,5,19,260
"5_19_est_GP_param.csv","mu[5]",3.463934803,5,19,260
"5_2_est_GP_param.csv","alpha",2.245024818,5,2,260
"5_2_est_GP_param.csv","rho",-0.46328868,5,2,260
"5_2_est_GP_param.csv","sigma",2.963136618,5,2,260
"5_2_est_GP_param.csv","mu[1]",-0.270461973,5,2,260
"5_2_est_GP_param.csv","mu[2]",4.573990153,5,2,260
"5_2_est_GP_param.csv","mu[3]",1.033272325,5,2,260
"5_2_est_GP_param.csv","mu[4]",4.911384193,5,2,260
"5_2_est_GP_param.csv","mu[5]",2.653224713,5,2,260
"5_20_est_GP_param.csv","alpha",2.452608806,5,20,260
"5_20_est_GP_param.csv","rho",-0.472784571,5,20,260
"5_20_est_GP_param.csv","sigma",2.976348529,5,20,260
"5_20_est_GP_param.csv","mu[1]",1.438355966,5,20,260
"5_20_est_GP_param.csv","mu[2]",0.736340293,5,20,260
"5_20_est_GP_param.csv","mu[3]",-0.380449957,5,20,260
"5_20_est_GP_param.csv","mu[4]",3.748445697,5,20,260
"5_20_est_GP_param.csv","mu[5]",-0.863502826,5,20,260
"5_3_est_GP_param.csv","alpha",2.352736577,5,3,260
"5_3_est_GP_param.csv","rho",-0.391033499,5,3,260
"5_3_est_GP_param.csv","sigma",3.063333538,5,3,260
"5_3_est_GP_param.csv","mu[1]",-0.254241064,5,3,260
"5_3_est_GP_param.csv","mu[2]",2.02845472,5,3,260
"5_3_est_GP_param.csv","mu[3]",0.909973783,5,3,260
"5_3_est_GP_param.csv","mu[4]",-3.202171451,5,3,260
"5_3_est_GP_param.csv","mu[5]",3.347320028,5,3,260
"5_4_est_GP_param.csv","alpha",2.586030194,5,4,260
"5_4_est_GP_param.csv","rho",-0.545636409,5,4,260
"5_4_est_GP_param.csv","sigma",2.728161063,5,4,260
"5_4_est_GP_param.csv","mu[1]",5.628724,5,4,260
"5_4_est_GP_param.csv","mu[2]",0.826651174,5,4,260
"5_4_est_GP_param.csv","mu[3]",-4.148919082,5,4,260
"5_4_est_GP_param.csv","mu[4]",-3.7340927,5,4,260
"5_4_est_GP_param.csv","mu[5]",-2.179331364,5,4,260
"5_5_est_GP_param.csv","alpha",2.406970217,5,5,260
"5_5_est_GP_param.csv","rho",-0.386765193,5,5,260
"5_5_est_GP_param.csv","sigma",2.909140457,5,5,260
"5_5_est_GP_param.csv","mu[1]",-0.236828722,5,5,260
"5_5_est_GP_param.csv","mu[2]",0.598057182,5,5,260
"5_5_est_GP_param.csv","mu[3]",2.289012227,5,5,260
"5_5_est_GP_param.csv","mu[4]",3.363628003,5,5,260
"5_5_est_GP_param.csv","mu[5]",-0.130276363,5,5,260
"5_6_est_GP_param.csv","alpha",2.834149088,5,6,260
"5_6_est_GP_param.csv","rho",0.201465236,5,6,260
"5_6_est_GP_param.csv","sigma",3.209551844,5,6,260
"5_6_est_GP_param.csv","mu[1]",-3.108162387,5,6,260
"5_6_est_GP_param.csv","mu[2]",2.258413918,5,6,260
"5_6_est_GP_param.csv","mu[3]",1.931721118,5,6,260
"5_6_est_GP_param.csv","mu[4]",-0.273037641,5,6,260
"5_6_est_GP_param.csv","mu[5]",-1.669014502,5,6,260
"5_7_est_GP_param.csv","alpha",2.543077068,5,7,260
"5_7_est_GP_param.csv","rho",-0.240274179,5,7,260
"5_7_est_GP_param.csv","sigma",2.918185695,5,7,260
"5_7_est_GP_param.csv","mu[1]",-2.149510725,5,7,260
"5_7_est_GP_param.csv","mu[2]",-1.932893863,5,7,260
"5_7_est_GP_param.csv","mu[3]",5.204199933,5,7,260
"5_7_est_GP_param.csv","mu[4]",0.553243098,5,7,260
"5_7_est_GP_param.csv","mu[5]",2.145790419,5,7,260
"5_8_est_GP_param.csv","alpha",2.649422141,5,8,260
"5_8_est_GP_param.csv","rho",-1.140431114,5,8,260
"5_8_est_GP_param.csv","sigma",2.486249558,5,8,260
"5_8_est_GP_param.csv","mu[1]",0.599222456,5,8,260
"5_8_est_GP_param.csv","mu[2]",0.372182442,5,8,260
"5_8_est_GP_param.csv","mu[3]",-0.73721122,5,8,260
"5_8_est_GP_param.csv","mu[4]",-2.079673192,5,8,260
"5_8_est_GP_param.csv","mu[5]",3.210746636,5,8,260
"5_9_est_GP_param.csv","alpha",2.592320764,5,9,260
"5_9_est_GP_param.csv","rho",-0.101557235,5,9,260
"5_9_est_GP_param.csv","sigma",2.8227574,5,9,260
"5_9_est_GP_param.csv","mu[1]",-0.480513791,5,9,260
"5_9_est_GP_param.csv","mu[2]",-2.244170099,5,9,260
"5_9_est_GP_param.csv","mu[3]",3.446123045,5,9,260
"5_9_est_GP_param.csv","mu[4]",0.355631293,5,9,260
"5_9_est_GP_param.csv","mu[5]",-0.296426207,5,9,260
"6_10_est_GP_param.csv","alpha",2.717247377,6,10,260
"6_10_est_GP_param.csv","rho",0.344175516,6,10,260
"6_10_est_GP_param.csv","sigma",2.874052642,6,10,260
"6_10_est_GP_param.csv","mu[1]",-3.873498789,6,10,260
"6_10_est_GP_param.csv","mu[2]",0.229922901,6,10,260
"6_10_est_GP_param.csv","mu[3]",-0.344140056,6,10,260
"6_10_est_GP_param.csv","mu[4]",-2.156577788,6,10,260
"6_10_est_GP_param.csv","mu[5]",-1.550107356,6,10,260
"6_11_est_GP_param.csv","alpha",2.489908908,6,11,260
"6_11_est_GP_param.csv","rho",-1.349735133,6,11,260
"6_11_est_GP_param.csv","sigma",2.063675604,6,11,260
"6_11_est_GP_param.csv","mu[1]",-1.688303726,6,11,260
"6_11_est_GP_param.csv","mu[2]",0.079469945,6,11,260
"6_11_est_GP_param.csv","mu[3]",2.810864408,6,11,260
"6_11_est_GP_param.csv","mu[4]",1.447961157,6,11,260
"6_11_est_GP_param.csv","mu[5]",1.540038163,6,11,260
"6_12_est_GP_param.csv","alpha",2.562035425,6,12,260
"6_12_est_GP_param.csv","rho",0.537940338,6,12,260
"6_12_est_GP_param.csv","sigma",2.904634989,6,12,260
"6_12_est_GP_param.csv","mu[1]",5.931534918,6,12,260
"6_12_est_GP_param.csv","mu[2]",-0.145339576,6,12,260
"6_12_est_GP_param.csv","mu[3]",-3.862080153,6,12,260
"6_12_est_GP_param.csv","mu[4]",3.691422595,6,12,260
"6_12_est_GP_param.csv","mu[5]",-0.387664772,6,12,260
"6_13_est_GP_param.csv","alpha",2.632603975,6,13,260
"6_13_est_GP_param.csv","rho",0.146677725,6,13,260
"6_13_est_GP_param.csv","sigma",3.057405695,6,13,260
"6_13_est_GP_param.csv","mu[1]",-0.724132258,6,13,260
"6_13_est_GP_param.csv","mu[2]",3.174051134,6,13,260
"6_13_est_GP_param.csv","mu[3]",-1.402434161,6,13,260
"6_13_est_GP_param.csv","mu[4]",8.580545511,6,13,260
"6_13_est_GP_param.csv","mu[5]",-2.230893075,6,13,260
"6_14_est_GP_param.csv","alpha",2.261503868,6,14,260
"6_14_est_GP_param.csv","rho",-0.791684829,6,14,260
"6_14_est_GP_param.csv","sigma",2.771292654,6,14,260
"6_14_est_GP_param.csv","mu[1]",0.091314288,6,14,260
"6_14_est_GP_param.csv","mu[2]",0.724684117,6,14,260
"6_14_est_GP_param.csv","mu[3]",0.257741618,6,14,260
"6_14_est_GP_param.csv","mu[4]",-1.924680323,6,14,260
"6_14_est_GP_param.csv","mu[5]",2.884637858,6,14,260
"6_15_est_GP_param.csv","alpha",2.034605376,6,15,260
"6_15_est_GP_param.csv","rho",-0.307288996,6,15,260
"6_15_est_GP_param.csv","sigma",2.7624241,6,15,260
"6_15_est_GP_param.csv","mu[1]",0.864095273,6,15,260
"6_15_est_GP_param.csv","mu[2]",1.376586916,6,15,260
"6_15_est_GP_param.csv","mu[3]",1.872271698,6,15,260
"6_15_est_GP_param.csv","mu[4]",2.985048553,6,15,260
"6_15_est_GP_param.csv","mu[5]",-2.157516799,6,15,260
"6_16_est_GP_param.csv","alpha",2.49826767,6,16,260
"6_16_est_GP_param.csv","rho",0.0982625,6,16,260
"6_16_est_GP_param.csv","sigma",2.892008754,6,16,260
"6_16_est_GP_param.csv","mu[1]",0.456787795,6,16,260
"6_16_est_GP_param.csv","mu[2]",-0.556604112,6,16,260
"6_16_est_GP_param.csv","mu[3]",-2.848843835,6,16,260
"6_16_est_GP_param.csv","mu[4]",0.077960309,6,16,260
"6_16_est_GP_param.csv","mu[5]",3.775743674,6,16,260
"6_17_est_GP_param.csv","alpha",2.1509202,6,17,260
"6_17_est_GP_param.csv","rho",-0.142379107,6,17,260
"6_17_est_GP_param.csv","sigma",2.731484075,6,17,260
"6_17_est_GP_param.csv","mu[1]",3.213173286,6,17,260
"6_17_est_GP_param.csv","mu[2]",1.711558854,6,17,260
"6_17_est_GP_param.csv","mu[3]",-1.285761574,6,17,260
"6_17_est_GP_param.csv","mu[4]",2.236401002,6,17,260
"6_17_est_GP_param.csv","mu[5]",7.221687212,6,17,260
"6_18_est_GP_param.csv","alpha",2.315176146,6,18,260
"6_18_est_GP_param.csv","rho",-0.453559355,6,18,260
"6_18_est_GP_param.csv","sigma",2.860978622,6,18,260
"6_18_est_GP_param.csv","mu[1]",-0.064804885,6,18,260
"6_18_est_GP_param.csv","mu[2]",-1.271915408,6,18,260
"6_18_est_GP_param.csv","mu[3]",-0.632042719,6,18,260
"6_18_est_GP_param.csv","mu[4]",0.059820201,6,18,260
"6_18_est_GP_param.csv","mu[5]",-3.371634068,6,18,260
"6_19_est_GP_param.csv","alpha",2.147725734,6,19,260
"6_19_est_GP_param.csv","rho",-0.000503847,6,19,260
"6_19_est_GP_param.csv","sigma",2.844836489,6,19,260
"6_19_est_GP_param.csv","mu[1]",-4.145128545,6,19,260
"6_19_est_GP_param.csv","mu[2]",0.76688387,6,19,260
"6_19_est_GP_param.csv","mu[3]",-1.425978915,6,19,260
"6_19_est_GP_param.csv","mu[4]",2.750888534,6,19,260
"6_19_est_GP_param.csv","mu[5]",-2.329301726,6,19,260
"6_2_est_GP_param.csv","alpha",2.063081681,6,2,260
"6_2_est_GP_param.csv","rho",-0.166452011,6,2,260
"6_2_est_GP_param.csv","sigma",3.059059287,6,2,260
"6_2_est_GP_param.csv","mu[1]",-1.164743091,6,2,260
"6_2_est_GP_param.csv","mu[2]",2.152931596,6,2,260
"6_2_est_GP_param.csv","mu[3]",-3.936303491,6,2,260
"6_2_est_GP_param.csv","mu[4]",-2.745509034,6,2,260
"6_2_est_GP_param.csv","mu[5]",0.849952735,6,2,260
"6_20_est_GP_param.csv","alpha",2.895828369,6,20,260
"6_20_est_GP_param.csv","rho",0.394569994,6,20,260
"6_20_est_GP_param.csv","sigma",2.839007259,6,20,260
"6_20_est_GP_param.csv","mu[1]",-0.282866546,6,20,260
"6_20_est_GP_param.csv","mu[2]",-1.699801215,6,20,260
"6_20_est_GP_param.csv","mu[3]",2.606773946,6,20,260
"6_20_est_GP_param.csv","mu[4]",-2.17269069,6,20,260
"6_20_est_GP_param.csv","mu[5]",-0.422782456,6,20,260
"6_3_est_GP_param.csv","alpha",2.405398661,6,3,260
"6_3_est_GP_param.csv","rho",-0.33475452,6,3,260
"6_3_est_GP_param.csv","sigma",2.688875339,6,3,260
"6_3_est_GP_param.csv","mu[1]",-3.816857386,6,3,260
"6_3_est_GP_param.csv","mu[2]",5.253374704,6,3,260
"6_3_est_GP_param.csv","mu[3]",2.247845581,6,3,260
"6_3_est_GP_param.csv","mu[4]",4.079566131,6,3,260
"6_3_est_GP_param.csv","mu[5]",4.35157585,6,3,260
"6_4_est_GP_param.csv","alpha",2.616556847,6,4,260
"6_4_est_GP_param.csv","rho",0.209286048,6,4,260
"6_4_est_GP_param.csv","sigma",2.763062307,6,4,260
"6_4_est_GP_param.csv","mu[1]",-2.443515368,6,4,260
"6_4_est_GP_param.csv","mu[2]",-1.43936256,6,4,260
"6_4_est_GP_param.csv","mu[3]",-1.909419912,6,4,260
"6_4_est_GP_param.csv","mu[4]",-1.78458624,6,4,260
"6_4_est_GP_param.csv","mu[5]",-0.627043752,6,4,260
"6_5_est_GP_param.csv","alpha",2.683632112,6,5,260
"6_5_est_GP_param.csv","rho",0.024897536,6,5,260
"6_5_est_GP_param.csv","sigma",2.82855394,6,5,260
"6_5_est_GP_param.csv","mu[1]",1.798009263,6,5,260
"6_5_est_GP_param.csv","mu[2]",0.321125735,6,5,260
"6_5_est_GP_param.csv","mu[3]",1.233428027,6,5,260
"6_5_est_GP_param.csv","mu[4]",0.117555201,6,5,260
"6_5_est_GP_param.csv","mu[5]",-4.0943643,6,5,260
"6_6_est_GP_param.csv","alpha",2.662042747,6,6,260
"6_6_est_GP_param.csv","rho",-0.009853275,6,6,260
"6_6_est_GP_param.csv","sigma",2.819347319,6,6,260
"6_6_est_GP_param.csv","mu[1]",4.951025942,6,6,260
"6_6_est_GP_param.csv","mu[2]",-2.964989072,6,6,260
"6_6_est_GP_param.csv","mu[3]",-3.784210737,6,6,260
"6_6_est_GP_param.csv","mu[4]",4.059761659,6,6,260
"6_6_est_GP_param.csv","mu[5]",5.513311664,6,6,260
"6_7_est_GP_param.csv","alpha",2.235736519,6,7,260
"6_7_est_GP_param.csv","rho",-0.302045852,6,7,260
"6_7_est_GP_param.csv","sigma",3.114927883,6,7,260
"6_7_est_GP_param.csv","mu[1]",-3.743135116,6,7,260
"6_7_est_GP_param.csv","mu[2]",5.649348083,6,7,260
"6_7_est_GP_param.csv","mu[3]",-1.425479181,6,7,260
"6_7_est_GP_param.csv","mu[4]",-2.218486342,6,7,260
"6_7_est_GP_param.csv","mu[5]",2.62738655,6,7,260
"6_8_est_GP_param.csv","alpha",2.129656064,6,8,260
"6_8_est_GP_param.csv","rho",0.253396267,6,8,260
"6_8_est_GP_param.csv","sigma",3.087229337,6,8,260
"6_8_est_GP_param.csv","mu[1]",2.858673392,6,8,260
"6_8_est_GP_param.csv","mu[2]",1.821340054,6,8,260
"6_8_est_GP_param.csv","mu[3]",-4.042864806,6,8,260
"6_8_est_GP_param.csv","mu[4]",-1.85039808,6,8,260
"6_8_est_GP_param.csv","mu[5]",2.508228017,6,8,260
"6_9_est_GP_param.csv","alpha",2.850179993,6,9,260
"6_9_est_GP_param.csv","rho",1.176956413,6,9,260
"6_9_est_GP_param.csv","sigma",3.334872708,6,9,260
"6_9_est_GP_param.csv","mu[1]",3.740516325,6,9,260
"6_9_est_GP_param.csv","mu[2]",0.01569982,6,9,260
"6_9_est_GP_param.csv","mu[3]",-1.288462401,6,9,260
"6_9_est_GP_param.csv","mu[4]",-3.216147198,6,9,260
"6_9_est_GP_param.csv","mu[5]",1.812090462,6,9,260
"7_10_est_GP_param.csv","alpha",2.814708252,7,10,260
"7_10_est_GP_param.csv","rho",1.319094793,7,10,260
"7_10_est_GP_param.csv","sigma",2.986897874,7,10,260
"7_10_est_GP_param.csv","mu[1]",-0.355190862,7,10,260
"7_10_est_GP_param.csv","mu[2]",2.199986215,7,10,260
"7_10_est_GP_param.csv","mu[3]",0.605731346,7,10,260
"7_10_est_GP_param.csv","mu[4]",0.876796986,7,10,260
"7_10_est_GP_param.csv","mu[5]",3.166636692,7,10,260
"7_11_est_GP_param.csv","alpha",2.877606375,7,11,260
"7_11_est_GP_param.csv","rho",0.449404314,7,11,260
"7_11_est_GP_param.csv","sigma",2.822252265,7,11,260
"7_11_est_GP_param.csv","mu[1]",0.252731748,7,11,260
"7_11_est_GP_param.csv","mu[2]",-0.490774559,7,11,260
"7_11_est_GP_param.csv","mu[3]",2.142586903,7,11,260
"7_11_est_GP_param.csv","mu[4]",-3.779556358,7,11,260
"7_11_est_GP_param.csv","mu[5]",2.648486186,7,11,260
"7_12_est_GP_param.csv","alpha",2.802414556,7,12,260
"7_12_est_GP_param.csv","rho",0.686213798,7,12,260
"7_12_est_GP_param.csv","sigma",2.940026222,7,12,260
"7_12_est_GP_param.csv","mu[1]",-2.333317577,7,12,260
"7_12_est_GP_param.csv","mu[2]",-3.334111295,7,12,260
"7_12_est_GP_param.csv","mu[3]",5.162913173,7,12,260
"7_12_est_GP_param.csv","mu[4]",-2.142481798,7,12,260
"7_12_est_GP_param.csv","mu[5]",-0.862550723,7,12,260
"7_13_est_GP_param.csv","alpha",3.123929538,7,13,260
"7_13_est_GP_param.csv","rho",0.543829164,7,13,260
"7_13_est_GP_param.csv","sigma",2.799122404,7,13,260
"7_13_est_GP_param.csv","mu[1]",1.556258144,7,13,260
"7_13_est_GP_param.csv","mu[2]",4.271474189,7,13,260
"7_13_est_GP_param.csv","mu[3]",-3.775935002,7,13,260
"7_13_est_GP_param.csv","mu[4]",-0.48497758,7,13,260
"7_13_est_GP_param.csv","mu[5]",0.615980921,7,13,260
"7_14_est_GP_param.csv","alpha",3.90484315,7,14,260
"7_14_est_GP_param.csv","rho",0.915865269,7,14,260
"7_14_est_GP_param.csv","sigma",2.94324449,7,14,260
"7_14_est_GP_param.csv","mu[1]",2.430081343,7,14,260
"7_14_est_GP_param.csv","mu[2]",-1.966062158,7,14,260
"7_14_est_GP_param.csv","mu[3]",-1.185186243,7,14,260
"7_14_est_GP_param.csv","mu[4]",0.922537382,7,14,260
"7_14_est_GP_param.csv","mu[5]",-3.956475023,7,14,260
"7_15_est_GP_param.csv","alpha",2.826426771,7,15,260
"7_15_est_GP_param.csv","rho",1.296771436,7,15,260
"7_15_est_GP_param.csv","sigma",3.047822259,7,15,260
"7_15_est_GP_param.csv","mu[1]",1.965793684,7,15,260
"7_15_est_GP_param.csv","mu[2]",-3.202183022,7,15,260
"7_15_est_GP_param.csv","mu[3]",-1.579447122,7,15,260
"7_15_est_GP_param.csv","mu[4]",-1.06487863,7,15,260
"7_15_est_GP_param.csv","mu[5]",-1.255411017,7,15,260
"7_16_est_GP_param.csv","alpha",2.704476804,7,16,260
"7_16_est_GP_param.csv","rho",0.848018386,7,16,260
"7_16_est_GP_param.csv","sigma",2.800326366,7,16,260
"7_16_est_GP_param.csv","mu[1]",-2.744435329,7,16,260
"7_16_est_GP_param.csv","mu[2]",-0.585038664,7,16,260
"7_16_est_GP_param.csv","mu[3]",-0.481240728,7,16,260
"7_16_est_GP_param.csv","mu[4]",0.806978406,7,16,260
"7_16_est_GP_param.csv","mu[5]",5.636623217,7,16,260
"7_17_est_GP_param.csv","alpha",2.890557794,7,17,260
"7_17_est_GP_param.csv","rho",0.838797732,7,17,260
"7_17_est_GP_param.csv","sigma",2.907614882,7,17,260
"7_17_est_GP_param.csv","mu[1]",1.782382771,7,17,260
"7_17_est_GP_param.csv","mu[2]",0.510610071,7,17,260
"7_17_est_GP_param.csv","mu[3]",0.699580669,7,17,260
"7_17_est_GP_param.csv","mu[4]",-0.777015605,7,17,260
"7_17_est_GP_param.csv","mu[5]",0.242165625,7,17,260
"7_18_est_GP_param.csv","alpha",3.987316399,7,18,260
"7_18_est_GP_param.csv","rho",1.382808602,7,18,260
"7_18_est_GP_param.csv","sigma",2.88637724,7,18,260
"7_18_est_GP_param.csv","mu[1]",0.833027832,7,18,260
"7_18_est_GP_param.csv","mu[2]",-3.205758608,7,18,260
"7_18_est_GP_param.csv","mu[3]",3.749709302,7,18,260
"7_18_est_GP_param.csv","mu[4]",2.17179248,7,18,260
"7_18_est_GP_param.csv","mu[5]",-3.477357628,7,18,260
"7_19_est_GP_param.csv","alpha",3.195931311,7,19,260
"7_19_est_GP_param.csv","rho",0.975283831,7,19,260
"7_19_est_GP_param.csv","sigma",3.082766283,7,19,260
"7_19_est_GP_param.csv","mu[1]",-2.64937805,7,19,260
"7_19_est_GP_param.csv","mu[2]",-0.43319824,7,19,260
"7_19_est_GP_param.csv","mu[3]",-3.275849899,7,19,260
"7_19_est_GP_param.csv","mu[4]",-2.075904416,7,19,260
"7_19_est_GP_param.csv","mu[5]",-1.260975844,7,19,260
"7_2_est_GP_param.csv","alpha",2.791602682,7,2,260
"7_2_est_GP_param.csv","rho",0.935516613,7,2,260
"7_2_est_GP_param.csv","sigma",3.019951513,7,2,260
"7_2_est_GP_param.csv","mu[1]",-0.577814433,7,2,260
"7_2_est_GP_param.csv","mu[2]",2.087519971,7,2,260
"7_2_est_GP_param.csv","mu[3]",-0.014613294,7,2,260
"7_2_est_GP_param.csv","mu[4]",4.255836208,7,2,260
"7_2_est_GP_param.csv","mu[5]",1.127657145,7,2,260
"7_20_est_GP_param.csv","alpha",2.920517968,7,20,260
"7_20_est_GP_param.csv","rho",0.795651338,7,20,260
"7_20_est_GP_param.csv","sigma",2.949662248,7,20,260
"7_20_est_GP_param.csv","mu[1]",0.267241437,7,20,260
"7_20_est_GP_param.csv","mu[2]",-2.959184175,7,20,260
"7_20_est_GP_param.csv","mu[3]",3.697970585,7,20,260
"7_20_est_GP_param.csv","mu[4]",-3.418674347,7,20,260
"7_20_est_GP_param.csv","mu[5]",0.306238712,7,20,260
"7_3_est_GP_param.csv","alpha",2.34512634,7,3,260
"7_3_est_GP_param.csv","rho",0.697547394,7,3,260
"7_3_est_GP_param.csv","sigma",2.85368015,7,3,260
"7_3_est_GP_param.csv","mu[1]",0.570632688,7,3,260
"7_3_est_GP_param.csv","mu[2]",3.302417317,7,3,260
"7_3_est_GP_param.csv","mu[3]",1.406314368,7,3,260
"7_3_est_GP_param.csv","mu[4]",-0.429512886,7,3,260
"7_3_est_GP_param.csv","mu[5]",3.710354511,7,3,260
"7_4_est_GP_param.csv","alpha",3.044523151,7,4,260
"7_4_est_GP_param.csv","rho",0.991480069,7,4,260
"7_4_est_GP_param.csv","sigma",2.954582852,7,4,260
"7_4_est_GP_param.csv","mu[1]",1.974663723,7,4,260
"7_4_est_GP_param.csv","mu[2]",2.003239704,7,4,260
"7_4_est_GP_param.csv","mu[3]",2.760069232,7,4,260
"7_4_est_GP_param.csv","mu[4]",-3.097856678,7,4,260
"7_4_est_GP_param.csv","mu[5]",-1.833547481,7,4,260
"7_5_est_GP_param.csv","alpha",2.932159511,7,5,260
"7_5_est_GP_param.csv","rho",0.886276638,7,5,260
"7_5_est_GP_param.csv","sigma",2.837317529,7,5,260
"7_5_est_GP_param.csv","mu[1]",-2.430414102,7,5,260
"7_5_est_GP_param.csv","mu[2]",4.206387767,7,5,260
"7_5_est_GP_param.csv","mu[3]",4.635656801,7,5,260
"7_5_est_GP_param.csv","mu[4]",0.15421333,7,5,260
"7_5_est_GP_param.csv","mu[5]",-2.674747158,7,5,260
"7_6_est_GP_param.csv","alpha",2.650894616,7,6,260
"7_6_est_GP_param.csv","rho",1.474620702,7,6,260
"7_6_est_GP_param.csv","sigma",3.238551287,7,6,260
"7_6_est_GP_param.csv","mu[1]",-2.678019382,7,6,260
"7_6_est_GP_param.csv","mu[2]",-1.325588627,7,6,260
"7_6_est_GP_param.csv","mu[3]",4.923330944,7,6,260
"7_6_est_GP_param.csv","mu[4]",2.142835198,7,6,260
"7_6_est_GP_param.csv","mu[5]",2.978703931,7,6,260
"7_7_est_GP_param.csv","alpha",2.299635664,7,7,260
"7_7_est_GP_param.csv","rho",0.860939958,7,7,260
"7_7_est_GP_param.csv","sigma",2.881389697,7,7,260
"7_7_est_GP_param.csv","mu[1]",-0.455220956,7,7,260
"7_7_est_GP_param.csv","mu[2]",6.399672902,7,7,260
"7_7_est_GP_param.csv","mu[3]",-1.656979789,7,7,260
"7_7_est_GP_param.csv","mu[4]",0.846171575,7,7,260
"7_7_est_GP_param.csv","mu[5]",0.376307373,7,7,260
"7_8_est_GP_param.csv","alpha",2.964509408,7,8,260
"7_8_est_GP_param.csv","rho",0.647302415,7,8,260
"7_8_est_GP_param.csv","sigma",2.772126454,7,8,260
"7_8_est_GP_param.csv","mu[1]",2.238485958,7,8,260
"7_8_est_GP_param.csv","mu[2]",-2.871462873,7,8,260
"7_8_est_GP_param.csv","mu[3]",3.616496824,7,8,260
"7_8_est_GP_param.csv","mu[4]",-3.032779151,7,8,260
"7_8_est_GP_param.csv","mu[5]",-3.961242213,7,8,260
"7_9_est_GP_param.csv","alpha",3.065138909,7,9,260
"7_9_est_GP_param.csv","rho",0.063852523,7,9,260
"7_9_est_GP_param.csv","sigma",2.527680149,7,9,260
"7_9_est_GP_param.csv","mu[1]",2.30948789,7,9,260
"7_9_est_GP_param.csv","mu[2]",5.256987532,7,9,260
"7_9_est_GP_param.csv","mu[3]",-2.711478971,7,9,260
"7_9_est_GP_param.csv","mu[4]",2.408990013,7,9,260
"7_9_est_GP_param.csv","mu[5]",3.622332777,7,9,260
"8_10_est_GP_param.csv","alpha",2.681281543,8,10,260
"8_10_est_GP_param.csv","rho",0.848174621,8,10,260
"8_10_est_GP_param.csv","sigma",2.935925861,8,10,260
"8_10_est_GP_param.csv","mu[1]",-0.795662138,8,10,260
"8_10_est_GP_param.csv","mu[2]",-3.196040278,8,10,260
"8_10_est_GP_param.csv","mu[3]",-1.036699877,8,10,260
"8_10_est_GP_param.csv","mu[4]",4.974279853,8,10,260
"8_10_est_GP_param.csv","mu[5]",3.390966064,8,10,260
"8_11_est_GP_param.csv","alpha",3.015206532,8,11,260
"8_11_est_GP_param.csv","rho",1.152222049,8,11,260
"8_11_est_GP_param.csv","sigma",3.090612212,8,11,260
"8_11_est_GP_param.csv","mu[1]",-1.194824471,8,11,260
"8_11_est_GP_param.csv","mu[2]",0.045654485,8,11,260
"8_11_est_GP_param.csv","mu[3]",-2.653679269,8,11,260
"8_11_est_GP_param.csv","mu[4]",-2.767252669,8,11,260
"8_11_est_GP_param.csv","mu[5]",-2.757728024,8,11,260
"8_12_est_GP_param.csv","alpha",2.952256092,8,12,260
"8_12_est_GP_param.csv","rho",1.055346579,8,12,260
"8_12_est_GP_param.csv","sigma",2.873523197,8,12,260
"8_12_est_GP_param.csv","mu[1]",0.061070217,8,12,260
"8_12_est_GP_param.csv","mu[2]",3.748200558,8,12,260
"8_12_est_GP_param.csv","mu[3]",1.36676869,8,12,260
"8_12_est_GP_param.csv","mu[4]",-3.188580266,8,12,260
"8_12_est_GP_param.csv","mu[5]",2.370175928,8,12,260
"8_13_est_GP_param.csv","alpha",2.144482097,8,13,260
"8_13_est_GP_param.csv","rho",0.167912144,8,13,260
"8_13_est_GP_param.csv","sigma",2.97082675,8,13,260
"8_13_est_GP_param.csv","mu[1]",1.688866034,8,13,260
"8_13_est_GP_param.csv","mu[2]",-2.735170644,8,13,260
"8_13_est_GP_param.csv","mu[3]",2.912699771,8,13,260
"8_13_est_GP_param.csv","mu[4]",6.250143844,8,13,260
"8_13_est_GP_param.csv","mu[5]",-1.944189914,8,13,260
"8_14_est_GP_param.csv","alpha",3.815045613,8,14,260
"8_14_est_GP_param.csv","rho",1.522447383,8,14,260
"8_14_est_GP_param.csv","sigma",3.135912418,8,14,260
"8_14_est_GP_param.csv","mu[1]",-3.070178003,8,14,260
"8_14_est_GP_param.csv","mu[2]",2.937799209,8,14,260
"8_14_est_GP_param.csv","mu[3]",-1.067360325,8,14,260
"8_14_est_GP_param.csv","mu[4]",-0.740429329,8,14,260
"8_14_est_GP_param.csv","mu[5]",-0.578501014,8,14,260
"8_15_est_GP_param.csv","alpha",3.140584642,8,15,260
"8_15_est_GP_param.csv","rho",1.385118152,8,15,260
"8_15_est_GP_param.csv","sigma",2.984284481,8,15,260
"8_15_est_GP_param.csv","mu[1]",0.415447673,8,15,260
"8_15_est_GP_param.csv","mu[2]",2.646911617,8,15,260
"8_15_est_GP_param.csv","mu[3]",4.361425675,8,15,260
"8_15_est_GP_param.csv","mu[4]",-2.090166461,8,15,260
"8_15_est_GP_param.csv","mu[5]",-0.878687695,8,15,260
"8_16_est_GP_param.csv","alpha",3.245341093,8,16,260
"8_16_est_GP_param.csv","rho",1.729889879,8,16,260
"8_16_est_GP_param.csv","sigma",3.04008115,8,16,260
"8_16_est_GP_param.csv","mu[1]",-1.748624267,8,16,260
"8_16_est_GP_param.csv","mu[2]",-1.493648308,8,16,260
"8_16_est_GP_param.csv","mu[3]",-0.192958349,8,16,260
"8_16_est_GP_param.csv","mu[4]",-2.827372789,8,16,260
"8_16_est_GP_param.csv","mu[5]",-0.350987723,8,16,260
"8_17_est_GP_param.csv","alpha",2.597854703,8,17,260
"8_17_est_GP_param.csv","rho",1.3430145,8,17,260
"8_17_est_GP_param.csv","sigma",2.978424509,8,17,260
"8_17_est_GP_param.csv","mu[1]",1.232525429,8,17,260
"8_17_est_GP_param.csv","mu[2]",-1.407823868,8,17,260
"8_17_est_GP_param.csv","mu[3]",-1.640081857,8,17,260
"8_17_est_GP_param.csv","mu[4]",3.805411649,8,17,260
"8_17_est_GP_param.csv","mu[5]",-0.949483085,8,17,260
"8_18_est_GP_param.csv","alpha",2.610295657,8,18,260
"8_18_est_GP_param.csv","rho",1.10925989,8,18,260
"8_18_est_GP_param.csv","sigma",2.992196048,8,18,260
"8_18_est_GP_param.csv","mu[1]",-2.612190767,8,18,260
"8_18_est_GP_param.csv","mu[2]",3.189131004,8,18,260
"8_18_est_GP_param.csv","mu[3]",2.388568704,8,18,260
"8_18_est_GP_param.csv","mu[4]",-3.330360521,8,18,260
"8_18_est_GP_param.csv","mu[5]",1.322544439,8,18,260
"8_19_est_GP_param.csv","alpha",3.269136882,8,19,260
"8_19_est_GP_param.csv","rho",0.563261673,8,19,260
"8_19_est_GP_param.csv","sigma",2.763747473,8,19,260
"8_19_est_GP_param.csv","mu[1]",0.617752936,8,19,260
"8_19_est_GP_param.csv","mu[2]",3.760214087,8,19,260
"8_19_est_GP_param.csv","mu[3]",-0.316043832,8,19,260
"8_19_est_GP_param.csv","mu[4]",-0.270187206,8,19,260
"8_19_est_GP_param.csv","mu[5]",-0.15090527,8,19,260
"8_2_est_GP_param.csv","alpha",2.015321241,8,2,260
"8_2_est_GP_param.csv","rho",-1.089870956,8,2,260
"8_2_est_GP_param.csv","sigma",2.560357542,8,2,260
"8_2_est_GP_param.csv","mu[1]",0.797811527,8,2,260
"8_2_est_GP_param.csv","mu[2]",1.88767826,8,2,260
"8_2_est_GP_param.csv","mu[3]",6.057283616,8,2,260
"8_2_est_GP_param.csv","mu[4]",0.962374817,8,2,260
"8_2_est_GP_param.csv","mu[5]",-4.243950019,8,2,260
"8_20_est_GP_param.csv","alpha",3.179560465,8,20,260
"8_20_est_GP_param.csv","rho",0.951793687,8,20,260
"8_20_est_GP_param.csv","sigma",2.891972295,8,20,260
"8_20_est_GP_param.csv","mu[1]",4.284712343,8,20,260
"8_20_est_GP_param.csv","mu[2]",-2.437062375,8,20,260
"8_20_est_GP_param.csv","mu[3]",3.048785592,8,20,260
"8_20_est_GP_param.csv","mu[4]",2.614840766,8,20,260
"8_20_est_GP_param.csv","mu[5]",-0.40859543,8,20,260
"8_3_est_GP_param.csv","alpha",2.283295493,8,3,260
"8_3_est_GP_param.csv","rho",0.424841631,8,3,260
"8_3_est_GP_param.csv","sigma",2.697849647,8,3,260
"8_3_est_GP_param.csv","mu[1]",1.078139263,8,3,260
"8_3_est_GP_param.csv","mu[2]",-0.65699862,8,3,260
"8_3_est_GP_param.csv","mu[3]",-0.339626759,8,3,260
"8_3_est_GP_param.csv","mu[4]",1.363677958,8,3,260
"8_3_est_GP_param.csv","mu[5]",1.497351246,8,3,260
"8_4_est_GP_param.csv","alpha",3.791253993,8,4,260
"8_4_est_GP_param.csv","rho",1.811725153,8,4,260
"8_4_est_GP_param.csv","sigma",2.914361796,8,4,260
"8_4_est_GP_param.csv","mu[1]",-2.856774937,8,4,260
"8_4_est_GP_param.csv","mu[2]",3.791938901,8,4,260
"8_4_est_GP_param.csv","mu[3]",-0.183970257,8,4,260
"8_4_est_GP_param.csv","mu[4]",1.418045421,8,4,260
"8_4_est_GP_param.csv","mu[5]",7.48067347,8,4,260
"8_5_est_GP_param.csv","alpha",2.537882897,8,5,260
"8_5_est_GP_param.csv","rho",0.907300311,8,5,260
"8_5_est_GP_param.csv","sigma",3.110777176,8,5,260
"8_5_est_GP_param.csv","mu[1]",-1.137468298,8,5,260
"8_5_est_GP_param.csv","mu[2]",1.205498441,8,5,260
"8_5_est_GP_param.csv","mu[3]",-1.467727502,8,5,260
"8_5_est_GP_param.csv","mu[4]",-1.889219387,8,5,260
"8_5_est_GP_param.csv","mu[5]",-2.803048372,8,5,260
"8_6_est_GP_param.csv","alpha",2.592279469,8,6,260
"8_6_est_GP_param.csv","rho",-1.194493913,8,6,260
"8_6_est_GP_param.csv","sigma",1.699000056,8,6,260
"8_6_est_GP_param.csv","mu[1]",-1.441038062,8,6,260
"8_6_est_GP_param.csv","mu[2]",1.080544722,8,6,260
"8_6_est_GP_param.csv","mu[3]",1.684834284,8,6,260
"8_6_est_GP_param.csv","mu[4]",-0.835114485,8,6,260
"8_6_est_GP_param.csv","mu[5]",0.23093736,8,6,260
"8_7_est_GP_param.csv","alpha",3.837674745,8,7,260
"8_7_est_GP_param.csv","rho",1.638003247,8,7,260
"8_7_est_GP_param.csv","sigma",3.147440438,8,7,260
"8_7_est_GP_param.csv","mu[1]",3.273462,8,7,260
"8_7_est_GP_param.csv","mu[2]",-3.506749664,8,7,260
"8_7_est_GP_param.csv","mu[3]",-1.735996397,8,7,260
"8_7_est_GP_param.csv","mu[4]",-2.185287707,8,7,260
"8_7_est_GP_param.csv","mu[5]",0.591792335,8,7,260
"8_8_est_GP_param.csv","alpha",2.689556601,8,8,260
"8_8_est_GP_param.csv","rho",0.814330653,8,8,260
"8_8_est_GP_param.csv","sigma",3.070439483,8,8,260
"8_8_est_GP_param.csv","mu[1]",-2.30816827,8,8,260
"8_8_est_GP_param.csv","mu[2]",1.300984151,8,8,260
"8_8_est_GP_param.csv","mu[3]",4.538039311,8,8,260
"8_8_est_GP_param.csv","mu[4]",-0.26794204,8,8,260
"8_8_est_GP_param.csv","mu[5]",0.783040108,8,8,260
"8_9_est_GP_param.csv","alpha",3.200571377,8,9,260
"8_9_est_GP_param.csv","rho",1.044772247,8,9,260
"8_9_est_GP_param.csv","sigma",2.992435475,8,9,260
"8_9_est_GP_param.csv","mu[1]",-1.939152239,8,9,260
"8_9_est_GP_param.csv","mu[2]",4.773531846,8,9,260
"8_9_est_GP_param.csv","mu[3]",-2.873462645,8,9,260
"8_9_est_GP_param.csv","mu[4]",-0.732312077,8,9,260
"8_9_est_GP_param.csv","mu[5]",0.601964967,8,9,260
"9_10_est_GP_param.csv","alpha",3.432287003,9,10,260
"9_10_est_GP_param.csv","rho",1.926000973,9,10,260
"9_10_est_GP_param.csv","sigma",3.032066443,9,10,260
"9_10_est_GP_param.csv","mu[1]",0.490792415,9,10,260
"9_10_est_GP_param.csv","mu[2]",-1.536093115,9,10,260
"9_10_est_GP_param.csv","mu[3]",-1.723292026,9,10,260
"9_10_est_GP_param.csv","mu[4]",0.257698315,9,10,260
"9_10_est_GP_param.csv","mu[5]",-0.892253531,9,10,260
"9_11_est_GP_param.csv","alpha",4.467698373,9,11,260
"9_11_est_GP_param.csv","rho",1.69476191,9,11,260
"9_11_est_GP_param.csv","sigma",3.033392107,9,11,260
"9_11_est_GP_param.csv","mu[1]",1.199681954,9,11,260
"9_11_est_GP_param.csv","mu[2]",0.077342461,9,11,260
"9_11_est_GP_param.csv","mu[3]",1.518565527,9,11,260
"9_11_est_GP_param.csv","mu[4]",-3.53825941,9,11,260
"9_11_est_GP_param.csv","mu[5]",0.725066657,9,11,260
"9_12_est_GP_param.csv","alpha",2.645941542,9,12,260
"9_12_est_GP_param.csv","rho",1.216245565,9,12,260
"9_12_est_GP_param.csv","sigma",2.912303707,9,12,260
"9_12_est_GP_param.csv","mu[1]",3.346857265,9,12,260
"9_12_est_GP_param.csv","mu[2]",3.71915959,9,12,260
"9_12_est_GP_param.csv","mu[3]",0.904240472,9,12,260
"9_12_est_GP_param.csv","mu[4]",1.277267666,9,12,260
"9_12_est_GP_param.csv","mu[5]",-1.227159873,9,12,260
"9_13_est_GP_param.csv","alpha",2.661230909,9,13,260
"9_13_est_GP_param.csv","rho",1.450615799,9,13,260
"9_13_est_GP_param.csv","sigma",3.071013391,9,13,260
"9_13_est_GP_param.csv","mu[1]",5.594448165,9,13,260
"9_13_est_GP_param.csv","mu[2]",1.577402457,9,13,260
"9_13_est_GP_param.csv","mu[3]",1.636113744,9,13,260
"9_13_est_GP_param.csv","mu[4]",0.273960102,9,13,260
"9_13_est_GP_param.csv","mu[5]",0.860280044,9,13,260
"9_14_est_GP_param.csv","alpha",3.50794519,9,14,260
"9_14_est_GP_param.csv","rho",1.587435727,9,14,260
"9_14_est_GP_param.csv","sigma",2.94672095,9,14,260
"9_14_est_GP_param.csv","mu[1]",0.291321464,9,14,260
"9_14_est_GP_param.csv","mu[2]",-0.038991079,9,14,260
"9_14_est_GP_param.csv","mu[3]",4.357762484,9,14,260
"9_14_est_GP_param.csv","mu[4]",1.463930725,9,14,260
"9_14_est_GP_param.csv","mu[5]",5.477629123,9,14,260
"9_15_est_GP_param.csv","alpha",3.641917172,9,15,260
"9_15_est_GP_param.csv","rho",1.678925698,9,15,260
"9_15_est_GP_param.csv","sigma",2.763916774,9,15,260
"9_15_est_GP_param.csv","mu[1]",0.65506699,9,15,260
"9_15_est_GP_param.csv","mu[2]",-1.942058144,9,15,260
"9_15_est_GP_param.csv","mu[3]",-3.014631886,9,15,260
"9_15_est_GP_param.csv","mu[4]",-2.487427875,9,15,260
"9_15_est_GP_param.csv","mu[5]",-1.631224333,9,15,260
"9_16_est_GP_param.csv","alpha",2.822469542,9,16,260
"9_16_est_GP_param.csv","rho",1.698162622,9,16,260
"9_16_est_GP_param.csv","sigma",2.721267856,9,16,260
"9_16_est_GP_param.csv","mu[1]",-1.027383421,9,16,260
"9_16_est_GP_param.csv","mu[2]",-1.49683682,9,16,260
"9_16_est_GP_param.csv","mu[3]",4.478891263,9,16,260
"9_16_est_GP_param.csv","mu[4]",5.449150761,9,16,260
"9_16_est_GP_param.csv","mu[5]",0.021163558,9,16,260
"9_17_est_GP_param.csv","alpha",3.485624677,9,17,260
"9_17_est_GP_param.csv","rho",1.756235624,9,17,260
"9_17_est_GP_param.csv","sigma",2.840988028,9,17,260
"9_17_est_GP_param.csv","mu[1]",-0.995325968,9,17,260
"9_17_est_GP_param.csv","mu[2]",2.9022931,9,17,260
"9_17_est_GP_param.csv","mu[3]",6.294176926,9,17,260
"9_17_est_GP_param.csv","mu[4]",1.309669507,9,17,260
"9_17_est_GP_param.csv","mu[5]",2.40760539,9,17,260
"9_18_est_GP_param.csv","alpha",3.31042819,9,18,260
"9_18_est_GP_param.csv","rho",1.707796434,9,18,260
"9_18_est_GP_param.csv","sigma",2.854013939,9,18,260
"9_18_est_GP_param.csv","mu[1]",0.084574834,9,18,260
"9_18_est_GP_param.csv","mu[2]",1.857676616,9,18,260
"9_18_est_GP_param.csv","mu[3]",1.491815277,9,18,260
"9_18_est_GP_param.csv","mu[4]",-1.707278435,9,18,260
"9_18_est_GP_param.csv","mu[5]",-0.834007863,9,18,260
"9_19_est_GP_param.csv","alpha",3.076764719,9,19,260
"9_19_est_GP_param.csv","rho",1.523454393,9,19,260
"9_19_est_GP_param.csv","sigma",2.910408676,9,19,260
"9_19_est_GP_param.csv","mu[1]",0.006899406,9,19,260
"9_19_est_GP_param.csv","mu[2]",1.917186176,9,19,260
"9_19_est_GP_param.csv","mu[3]",3.164859026,9,19,260
"9_19_est_GP_param.csv","mu[4]",-0.676809118,9,19,260
"9_19_est_GP_param.csv","mu[5]",0.970979439,9,19,260
"9_2_est_GP_param.csv","alpha",2.550501784,9,2,260
"9_2_est_GP_param.csv","rho",1.671135231,9,2,260
"9_2_est_GP_param.csv","sigma",2.950162826,9,2,260
"9_2_est_GP_param.csv","mu[1]",-1.905886467,9,2,260
"9_2_est_GP_param.csv","mu[2]",-2.580751165,9,2,260
"9_2_est_GP_param.csv","mu[3]",4.345856578,9,2,260
"9_2_est_GP_param.csv","mu[4]",-0.249829262,9,2,260
"9_2_est_GP_param.csv","mu[5]",-1.921983971,9,2,260
"9_20_est_GP_param.csv","alpha",2.923708576,9,20,260
"9_20_est_GP_param.csv","rho",1.410539471,9,20,260
"9_20_est_GP_param.csv","sigma",2.911250426,9,20,260
"9_20_est_GP_param.csv","mu[1]",3.885968033,9,20,260
"9_20_est_GP_param.csv","mu[2]",-2.996810418,9,20,260
"9_20_est_GP_param.csv","mu[3]",-1.020785285,9,20,260
"9_20_est_GP_param.csv","mu[4]",-0.287298751,9,20,260
"9_20_est_GP_param.csv","mu[5]",-1.969410089,9,20,260
"9_3_est_GP_param.csv","alpha",3.158904948,9,3,260
"9_3_est_GP_param.csv","rho",2.018662662,9,3,260
"9_3_est_GP_param.csv","sigma",2.939987369,9,3,260
"9_3_est_GP_param.csv","mu[1]",1.433773931,9,3,260
"9_3_est_GP_param.csv","mu[2]",-0.799786389,9,3,260
"9_3_est_GP_param.csv","mu[3]",0.462307632,9,3,260
"9_3_est_GP_param.csv","mu[4]",0.696406936,9,3,260
"9_3_est_GP_param.csv","mu[5]",2.935194308,9,3,260
"9_4_est_GP_param.csv","alpha",2.794030108,9,4,260
"9_4_est_GP_param.csv","rho",-2.356088886,9,4,260
"9_4_est_GP_param.csv","sigma",1.323357557,9,4,260
"9_4_est_GP_param.csv","mu[1]",4.945372246,9,4,260
"9_4_est_GP_param.csv","mu[2]",3.452786683,9,4,260
"9_4_est_GP_param.csv","mu[3]",-2.983165445,9,4,260
"9_4_est_GP_param.csv","mu[4]",-3.400144644,9,4,260
"9_4_est_GP_param.csv","mu[5]",-1.821415884,9,4,260
"9_5_est_GP_param.csv","alpha",2.458254258,9,5,260
"9_5_est_GP_param.csv","rho",-2.182584937,9,5,260
"9_5_est_GP_param.csv","sigma",2.015941407,9,5,260
"9_5_est_GP_param.csv","mu[1]",-4.36410143,9,5,260
"9_5_est_GP_param.csv","mu[2]",2.040794475,9,5,260
"9_5_est_GP_param.csv","mu[3]",2.329751039,9,5,260
"9_5_est_GP_param.csv","mu[4]",-1.394530544,9,5,260
"9_5_est_GP_param.csv","mu[5]",-0.366581001,9,5,260
"9_6_est_GP_param.csv","alpha",3.114544582,9,6,260
"9_6_est_GP_param.csv","rho",1.769266042,9,6,260
"9_6_est_GP_param.csv","sigma",2.772497605,9,6,260
"9_6_est_GP_param.csv","mu[1]",-1.456491807,9,6,260
"9_6_est_GP_param.csv","mu[2]",-0.519741637,9,6,260
"9_6_est_GP_param.csv","mu[3]",2.523173254,9,6,260
"9_6_est_GP_param.csv","mu[4]",-0.296636385,9,6,260
"9_6_est_GP_param.csv","mu[5]",-2.625671046,9,6,260
"9_7_est_GP_param.csv","alpha",2.822000215,9,7,260
"9_7_est_GP_param.csv","rho",1.560762975,9,7,260
"9_7_est_GP_param.csv","sigma",3.096210948,9,7,260
"9_7_est_GP_param.csv","mu[1]",4.045361183,9,7,260
"9_7_est_GP_param.csv","mu[2]",-0.809720544,9,7,260
"9_7_est_GP_param.csv","mu[3]",2.970787646,9,7,260
"9_7_est_GP_param.csv","mu[4]",-0.206576317,9,7,260
"9_7_est_GP_param.csv","mu[5]",2.182059366,9,7,260
"9_8_est_GP_param.csv","alpha",2.477516145,9,8,260
"9_8_est_GP_param.csv","rho",0.578696118,9,8,260
"9_8_est_GP_param.csv","sigma",2.968160671,9,8,260
"9_8_est_GP_param.csv","mu[1]",0.437921056,9,8,260
"9_8_est_GP_param.csv","mu[2]",2.359946677,9,8,260
"9_8_est_GP_param.csv","mu[3]",-0.527684974,9,8,260
"9_8_est_GP_param.csv","mu[4]",-2.657110006,9,8,260
"9_8_est_GP_param.csv","mu[5]",0.591806028,9,8,260
"9_9_est_GP_param.csv","alpha",3.027475407,9,9,260
"9_9_est_GP_param.csv","rho",0.301211249,9,9,260
"9_9_est_GP_param.csv","sigma",2.593268571,9,9,260
"9_9_est_GP_param.csv","mu[1]",5.498782523,9,9,260
"9_9_est_GP_param.csv","mu[2]",-0.631291463,9,9,260
"9_9_est_GP_param.csv","mu[3]",2.531300746,9,9,260
"9_9_est_GP_param.csv","mu[4]",1.710099291,9,9,260
"9_9_est_GP_param.csv","mu[5]",-2.186620672,9,9,260
"10_10_est_GP_param.csv","alpha",3.336409028,10,10,220
"10_10_est_GP_param.csv","rho",2.038685053,10,10,220
"10_10_est_GP_param.csv","sigma",2.837218635,10,10,220
"10_10_est_GP_param.csv","mu[1]",-1.695003581,10,10,220
"10_10_est_GP_param.csv","mu[2]",0.350405459,10,10,220
"10_10_est_GP_param.csv","mu[3]",-1.961489946,10,10,220
"10_10_est_GP_param.csv","mu[4]",-0.231917177,10,10,220
"10_10_est_GP_param.csv","mu[5]",2.698385849,10,10,220
"10_11_est_GP_param.csv","alpha",2.816545941,10,11,220
"10_11_est_GP_param.csv","rho",-1.029113981,10,11,220
"10_11_est_GP_param.csv","sigma",1.806880209,10,11,220
"10_11_est_GP_param.csv","mu[1]",-2.078052845,10,11,220
"10_11_est_GP_param.csv","mu[2]",-3.729783226,10,11,220
"10_11_est_GP_param.csv","mu[3]",-3.90836605,10,11,220
"10_11_est_GP_param.csv","mu[4]",-1.188279246,10,11,220
"10_11_est_GP_param.csv","mu[5]",-3.234320012,10,11,220
"10_12_est_GP_param.csv","alpha",2.682079649,10,12,220
"10_12_est_GP_param.csv","rho",0.911928129,10,12,220
"10_12_est_GP_param.csv","sigma",2.785529426,10,12,220
"10_12_est_GP_param.csv","mu[1]",0.836093225,10,12,220
"10_12_est_GP_param.csv","mu[2]",-3.243074071,10,12,220
"10_12_est_GP_param.csv","mu[3]",3.170401188,10,12,220
"10_12_est_GP_param.csv","mu[4]",-1.824430202,10,12,220
"10_12_est_GP_param.csv","mu[5]",-1.589284828,10,12,220
"10_13_est_GP_param.csv","alpha",3.833966802,10,13,220
"10_13_est_GP_param.csv","rho",2.043940632,10,13,220
"10_13_est_GP_param.csv","sigma",2.965661358,10,13,220
"10_13_est_GP_param.csv","mu[1]",-2.846979036,10,13,220
"10_13_est_GP_param.csv","mu[2]",1.804666278,10,13,220
"10_13_est_GP_param.csv","mu[3]",0.709616946,10,13,220
"10_13_est_GP_param.csv","mu[4]",3.171435295,10,13,220
"10_13_est_GP_param.csv","mu[5]",4.33789762,10,13,220
"10_14_est_GP_param.csv","alpha",3.209675545,10,14,220
"10_14_est_GP_param.csv","rho",-2.528307577,10,14,220
"10_14_est_GP_param.csv","sigma",0.514194518,10,14,220
"10_14_est_GP_param.csv","mu[1]",1.542047625,10,14,220
"10_14_est_GP_param.csv","mu[2]",-0.285443009,10,14,220
"10_14_est_GP_param.csv","mu[3]",3.375344227,10,14,220
"10_14_est_GP_param.csv","mu[4]",-0.280844266,10,14,220
"10_14_est_GP_param.csv","mu[5]",-1.207299629,10,14,220
"10_15_est_GP_param.csv","alpha",3.144497822,10,15,220
"10_15_est_GP_param.csv","rho",1.586064243,10,15,220
"10_15_est_GP_param.csv","sigma",3.006189981,10,15,220
"10_15_est_GP_param.csv","mu[1]",-0.542302014,10,15,220
"10_15_est_GP_param.csv","mu[2]",-1.538238138,10,15,220
"10_15_est_GP_param.csv","mu[3]",-2.687576498,10,15,220
"10_15_est_GP_param.csv","mu[4]",2.507702914,10,15,220
"10_15_est_GP_param.csv","mu[5]",-0.716764264,10,15,220
"10_16_est_GP_param.csv","alpha",2.896414189,10,16,220
"10_16_est_GP_param.csv","rho",0.624375372,10,16,220
"10_16_est_GP_param.csv","sigma",2.376606336,10,16,220
"10_16_est_GP_param.csv","mu[1]",-2.242471163,10,16,220
"10_16_est_GP_param.csv","mu[2]",-0.982404122,10,16,220
"10_16_est_GP_param.csv","mu[3]",0.937924212,10,16,220
"10_16_est_GP_param.csv","mu[4]",0.216146424,10,16,220
"10_16_est_GP_param.csv","mu[5]",-1.221820154,10,16,220
"10_17_est_GP_param.csv","alpha",3.322229936,10,17,220
"10_17_est_GP_param.csv","rho",1.703584504,10,17,220
"10_17_est_GP_param.csv","sigma",2.892490951,10,17,220
"10_17_est_GP_param.csv","mu[1]",0.683620694,10,17,220
"10_17_est_GP_param.csv","mu[2]",1.660370186,10,17,220
"10_17_est_GP_param.csv","mu[3]",-2.514943231,10,17,220
"10_17_est_GP_param.csv","mu[4]",0.538188124,10,17,220
"10_17_est_GP_param.csv","mu[5]",-3.182199949,10,17,220
"10_18_est_GP_param.csv","alpha",2.924046944,10,18,220
"10_18_est_GP_param.csv","rho",1.786372927,10,18,220
"10_18_est_GP_param.csv","sigma",2.911982623,10,18,220
"10_18_est_GP_param.csv","mu[1]",-0.590809243,10,18,220
"10_18_est_GP_param.csv","mu[2]",1.251092112,10,18,220
"10_18_est_GP_param.csv","mu[3]",-0.895210899,10,18,220
"10_18_est_GP_param.csv","mu[4]",0.090217905,10,18,220
"10_18_est_GP_param.csv","mu[5]",-0.955849252,10,18,220
"10_19_est_GP_param.csv","alpha",3.109678978,10,19,220
"10_19_est_GP_param.csv","rho",1.965461211,10,19,220
"10_19_est_GP_param.csv","sigma",3.015053592,10,19,220
"10_19_est_GP_param.csv","mu[1]",-0.789752752,10,19,220
"10_19_est_GP_param.csv","mu[2]",0.399338148,10,19,220
"10_19_est_GP_param.csv","mu[3]",1.533763121,10,19,220
"10_19_est_GP_param.csv","mu[4]",1.49664252,10,19,220
"10_19_est_GP_param.csv","mu[5]",4.92876105,10,19,220
"10_2_est_GP_param.csv","alpha",3.29499054,10,2,220
"10_2_est_GP_param.csv","rho",1.601010496,10,2,220
"10_2_est_GP_param.csv","sigma",3.142502015,10,2,220
"10_2_est_GP_param.csv","mu[1]",-0.270113392,10,2,220
"10_2_est_GP_param.csv","mu[2]",4.856920083,10,2,220
"10_2_est_GP_param.csv","mu[3]",0.645654121,10,2,220
"10_2_est_GP_param.csv","mu[4]",0.60721249,10,2,220
"10_2_est_GP_param.csv","mu[5]",-1.385291903,10,2,220
"10_20_est_GP_param.csv","alpha",2.791956974,10,20,220
"10_20_est_GP_param.csv","rho",1.414817487,10,20,220
"10_20_est_GP_param.csv","sigma",2.858103334,10,20,220
"10_20_est_GP_param.csv","mu[1]",-0.664133697,10,20,220
"10_20_est_GP_param.csv","mu[2]",3.050872599,10,20,220
"10_20_est_GP_param.csv","mu[3]",0.218003293,10,20,220
"10_20_est_GP_param.csv","mu[4]",3.185724086,10,20,220
"10_20_est_GP_param.csv","mu[5]",1.183293082,10,20,220
"10_3_est_GP_param.csv","alpha",4.151963013,10,3,220
"10_3_est_GP_param.csv","rho",2.056043314,10,3,220
"10_3_est_GP_param.csv","sigma",2.893409734,10,3,220
"10_3_est_GP_param.csv","mu[1]",-2.153148718,10,3,220
"10_3_est_GP_param.csv","mu[2]",3.405441005,10,3,220
"10_3_est_GP_param.csv","mu[3]",6.89618558,10,3,220
"10_3_est_GP_param.csv","mu[4]",-2.831106824,10,3,220
"10_3_est_GP_param.csv","mu[5]",0.525145347,10,3,220
"10_4_est_GP_param.csv","alpha",3.382662813,10,4,220
"10_4_est_GP_param.csv","rho",2.232741179,10,4,220
"10_4_est_GP_param.csv","sigma",2.67921781,10,4,220
"10_4_est_GP_param.csv","mu[1]",5.760797191,10,4,220
"10_4_est_GP_param.csv","mu[2]",0.365275575,10,4,220
"10_4_est_GP_param.csv","mu[3]",1.201031518,10,4,220
"10_4_est_GP_param.csv","mu[4]",-2.757069872,10,4,220
"10_4_est_GP_param.csv","mu[5]",-0.732339822,10,4,220
"10_5_est_GP_param.csv","alpha",2.721002408,10,5,220
"10_5_est_GP_param.csv","rho",0.777772964,10,5,220
"10_5_est_GP_param.csv","sigma",2.931247655,10,5,220
"10_5_est_GP_param.csv","mu[1]",-3.336514972,10,5,220
"10_5_est_GP_param.csv","mu[2]",-1.930093656,10,5,220
"10_5_est_GP_param.csv","mu[3]",1.052775711,10,5,220
"10_5_est_GP_param.csv","mu[4]",2.106385011,10,5,220
"10_5_est_GP_param.csv","mu[5]",2.689045676,10,5,220
"10_6_est_GP_param.csv","alpha",3.444916566,10,6,220
"10_6_est_GP_param.csv","rho",1.644969891,10,6,220
"10_6_est_GP_param.csv","sigma",2.775464504,10,6,220
"10_6_est_GP_param.csv","mu[1]",-3.033387667,10,6,220
"10_6_est_GP_param.csv","mu[2]",0.086377144,10,6,220
"10_6_est_GP_param.csv","mu[3]",-1.989798106,10,6,220
"10_6_est_GP_param.csv","mu[4]",-2.398296965,10,6,220
"10_6_est_GP_param.csv","mu[5]",5.708038503,10,6,220
"10_7_est_GP_param.csv","alpha",3.488905984,10,7,220
"10_7_est_GP_param.csv","rho",1.21734434,10,7,220
"10_7_est_GP_param.csv","sigma",3.161776939,10,7,220
"10_7_est_GP_param.csv","mu[1]",4.611797081,10,7,220
"10_7_est_GP_param.csv","mu[2]",0.376365538,10,7,220
"10_7_est_GP_param.csv","mu[3]",-1.310582611,10,7,220
"10_7_est_GP_param.csv","mu[4]",-0.615170347,10,7,220
"10_7_est_GP_param.csv","mu[5]",-1.130755815,10,7,220
"10_8_est_GP_param.csv","alpha",3.052199811,10,8,220
"10_8_est_GP_param.csv","rho",1.770698612,10,8,220
"10_8_est_GP_param.csv","sigma",2.97581087,10,8,220
"10_8_est_GP_param.csv","mu[1]",0.91996085,10,8,220
"10_8_est_GP_param.csv","mu[2]",-0.079594125,10,8,220
"10_8_est_GP_param.csv","mu[3]",7.578753056,10,8,220
"10_8_est_GP_param.csv","mu[4]",2.942408078,10,8,220
"10_8_est_GP_param.csv","mu[5]",-0.074083002,10,8,220
"10_9_est_GP_param.csv","alpha",3.155411243,10,9,220
"10_9_est_GP_param.csv","rho",1.409676639,10,9,220
"10_9_est_GP_param.csv","sigma",2.845755475,10,9,220
"10_9_est_GP_param.csv","mu[1]",-0.143149164,10,9,220
"10_9_est_GP_param.csv","mu[2]",-1.815083058,10,9,220
"10_9_est_GP_param.csv","mu[3]",-1.429954619,10,9,220
"10_9_est_GP_param.csv","mu[4]",-0.861026809,10,9,220
"10_9_est_GP_param.csv","mu[5]",-0.34407824,10,9,220
"11_10_est_GP_param.csv","alpha",3.009856006,11,10,220
"11_10_est_GP_param.csv","rho",-2.769407479,11,10,220
"11_10_est_GP_param.csv","sigma",0.959983169,11,10,220
"11_10_est_GP_param.csv","mu[1]",0.253200266,11,10,220
"11_10_est_GP_param.csv","mu[2]",-2.787466732,11,10,220
"11_10_est_GP_param.csv","mu[3]",-3.394856231,11,10,220
"11_10_est_GP_param.csv","mu[4]",5.33880223,11,10,220
"11_10_est_GP_param.csv","mu[5]",6.439321219,11,10,220
"11_11_est_GP_param.csv","alpha",2.13210789,11,11,220
"11_11_est_GP_param.csv","rho",0.04958402,11,11,220
"11_11_est_GP_param.csv","sigma",2.38525123,11,11,220
"11_11_est_GP_param.csv","mu[1]",2.005373708,11,11,220
"11_11_est_GP_param.csv","mu[2]",2.196227384,11,11,220
"11_11_est_GP_param.csv","mu[3]",0.803746259,11,11,220
"11_11_est_GP_param.csv","mu[4]",2.041542563,11,11,220
"11_11_est_GP_param.csv","mu[5]",-0.938030621,11,11,220
"11_12_est_GP_param.csv","alpha",3.032704284,11,12,220
"11_12_est_GP_param.csv","rho",1.862743149,11,12,220
"11_12_est_GP_param.csv","sigma",3.073969697,11,12,220
"11_12_est_GP_param.csv","mu[1]",-1.126526213,11,12,220
"11_12_est_GP_param.csv","mu[2]",0.818323782,11,12,220
"11_12_est_GP_param.csv","mu[3]",-1.630418809,11,12,220
"11_12_est_GP_param.csv","mu[4]",-0.859973629,11,12,220
"11_12_est_GP_param.csv","mu[5]",2.703749718,11,12,220
"11_13_est_GP_param.csv","alpha",3.27456907,11,13,220
"11_13_est_GP_param.csv","rho",1.124493853,11,13,220
"11_13_est_GP_param.csv","sigma",2.511429383,11,13,220
"11_13_est_GP_param.csv","mu[1]",2.589940568,11,13,220
"11_13_est_GP_param.csv","mu[2]",-2.749263719,11,13,220
"11_13_est_GP_param.csv","mu[3]",-0.92920009,11,13,220
"11_13_est_GP_param.csv","mu[4]",2.729979962,11,13,220
"11_13_est_GP_param.csv","mu[5]",-3.619895953,11,13,220
"11_14_est_GP_param.csv","alpha",3.189750996,11,14,220
"11_14_est_GP_param.csv","rho",1.584875217,11,14,220
"11_14_est_GP_param.csv","sigma",2.671110214,11,14,220
"11_14_est_GP_param.csv","mu[1]",-0.215610224,11,14,220
"11_14_est_GP_param.csv","mu[2]",-2.044649849,11,14,220
"11_14_est_GP_param.csv","mu[3]",-0.484816202,11,14,220
"11_14_est_GP_param.csv","mu[4]",-3.726980201,11,14,220
"11_14_est_GP_param.csv","mu[5]",1.24233366,11,14,220
"11_15_est_GP_param.csv","alpha",2.918141068,11,15,220
"11_15_est_GP_param.csv","rho",-2.461115519,11,15,220
"11_15_est_GP_param.csv","sigma",1.159833697,11,15,220
"11_15_est_GP_param.csv","mu[1]",0.976462195,11,15,220
"11_15_est_GP_param.csv","mu[2]",-2.430151179,11,15,220
"11_15_est_GP_param.csv","mu[3]",-2.034379728,11,15,220
"11_15_est_GP_param.csv","mu[4]",7.863640755,11,15,220
"11_15_est_GP_param.csv","mu[5]",-2.558110354,11,15,220
"11_16_est_GP_param.csv","alpha",3.542097486,11,16,220
"11_16_est_GP_param.csv","rho",2.418984944,11,16,220
"11_16_est_GP_param.csv","sigma",2.954251999,11,16,220
"11_16_est_GP_param.csv","mu[1]",0.909833219,11,16,220
"11_16_est_GP_param.csv","mu[2]",0.926650768,11,16,220
"11_16_est_GP_param.csv","mu[3]",-0.669989862,11,16,220
"11_16_est_GP_param.csv","mu[4]",-3.02215941,11,16,220
"11_16_est_GP_param.csv","mu[5]",0.914278469,11,16,220
"11_17_est_GP_param.csv","alpha",3.054490258,11,17,220
"11_17_est_GP_param.csv","rho",2.379961103,11,17,220
"11_17_est_GP_param.csv","sigma",2.968064461,11,17,220
"11_17_est_GP_param.csv","mu[1]",-0.237038729,11,17,220
"11_17_est_GP_param.csv","mu[2]",-0.237717194,11,17,220
"11_17_est_GP_param.csv","mu[3]",-3.012631656,11,17,220
"11_17_est_GP_param.csv","mu[4]",3.763328769,11,17,220
"11_17_est_GP_param.csv","mu[5]",-1.338513792,11,17,220
"11_18_est_GP_param.csv","alpha",1.97460122,11,18,220
"11_18_est_GP_param.csv","rho",-0.330953024,11,18,220
"11_18_est_GP_param.csv","sigma",2.493092904,11,18,220
"11_18_est_GP_param.csv","mu[1]",2.069985215,11,18,220
"11_18_est_GP_param.csv","mu[2]",-0.696436058,11,18,220
"11_18_est_GP_param.csv","mu[3]",0.280083181,11,18,220
"11_18_est_GP_param.csv","mu[4]",0.140180762,11,18,220
"11_18_est_GP_param.csv","mu[5]",1.517066088,11,18,220
"11_19_est_GP_param.csv","alpha",3.440735071,11,19,220
"11_19_est_GP_param.csv","rho",2.552615447,11,19,220
"11_19_est_GP_param.csv","sigma",3.072676878,11,19,220
"11_19_est_GP_param.csv","mu[1]",-2.010296062,11,19,220
"11_19_est_GP_param.csv","mu[2]",-2.67925122,11,19,220
"11_19_est_GP_param.csv","mu[3]",0.969270268,11,19,220
"11_19_est_GP_param.csv","mu[4]",-1.895653748,11,19,220
"11_19_est_GP_param.csv","mu[5]",5.103738306,11,19,220
"11_2_est_GP_param.csv","alpha",3.33399839,11,2,220
"11_2_est_GP_param.csv","rho",2.587955947,11,2,220
"11_2_est_GP_param.csv","sigma",3.078125737,11,2,220
"11_2_est_GP_param.csv","mu[1]",3.735110585,11,2,220
"11_2_est_GP_param.csv","mu[2]",1.643323591,11,2,220
"11_2_est_GP_param.csv","mu[3]",1.094019578,11,2,220
"11_2_est_GP_param.csv","mu[4]",-1.620862614,11,2,220
"11_2_est_GP_param.csv","mu[5]",-2.922144981,11,2,220
"11_20_est_GP_param.csv","alpha",3.204993346,11,20,220
"11_20_est_GP_param.csv","rho",2.033928418,11,20,220
"11_20_est_GP_param.csv","sigma",2.576987337,11,20,220
"11_20_est_GP_param.csv","mu[1]",-2.742656221,11,20,220
"11_20_est_GP_param.csv","mu[2]",-2.257023577,11,20,220
"11_20_est_GP_param.csv","mu[3]",-2.056975576,11,20,220
"11_20_est_GP_param.csv","mu[4]",-1.169863405,11,20,220
"11_20_est_GP_param.csv","mu[5]",-0.129931119,11,20,220
"11_3_est_GP_param.csv","alpha",2.406235341,11,3,220
"11_3_est_GP_param.csv","rho",-2.176574296,11,3,220
"11_3_est_GP_param.csv","sigma",1.819685755,11,3,220
"11_3_est_GP_param.csv","mu[1]",1.216966401,11,3,220
"11_3_est_GP_param.csv","mu[2]",2.447229688,11,3,220
"11_3_est_GP_param.csv","mu[3]",-4.36485431,11,3,220
"11_3_est_GP_param.csv","mu[4]",0.040085764,11,3,220
"11_3_est_GP_param.csv","mu[5]",-4.42916331,11,3,220
"11_4_est_GP_param.csv","alpha",2.981255853,11,4,220
"11_4_est_GP_param.csv","rho",-2.431492869,11,4,220
"11_4_est_GP_param.csv","sigma",0.848819472,11,4,220
"11_4_est_GP_param.csv","mu[1]",-0.385461934,11,4,220
"11_4_est_GP_param.csv","mu[2]",-4.846014357,11,4,220
"11_4_est_GP_param.csv","mu[3]",-1.806914171,11,4,220
"11_4_est_GP_param.csv","mu[4]",3.514242511,11,4,220
"11_4_est_GP_param.csv","mu[5]",1.460488428,11,4,220
"11_5_est_GP_param.csv","alpha",2.4261295,11,5,220
"11_5_est_GP_param.csv","rho",1.339408219,11,5,220
"11_5_est_GP_param.csv","sigma",2.969519348,11,5,220
"11_5_est_GP_param.csv","mu[1]",0.065306164,11,5,220
"11_5_est_GP_param.csv","mu[2]",1.827736675,11,5,220
"11_5_est_GP_param.csv","mu[3]",1.825571936,11,5,220
"11_5_est_GP_param.csv","mu[4]",-0.433454301,11,5,220
"11_5_est_GP_param.csv","mu[5]",-0.109439014,11,5,220
"11_6_est_GP_param.csv","alpha",3.885791141,11,6,220
"11_6_est_GP_param.csv","rho",2.954647024,11,6,220
"11_6_est_GP_param.csv","sigma",2.924311475,11,6,220
"11_6_est_GP_param.csv","mu[1]",3.204493395,11,6,220
"11_6_est_GP_param.csv","mu[2]",2.410092765,11,6,220
"11_6_est_GP_param.csv","mu[3]",-3.267166379,11,6,220
"11_6_est_GP_param.csv","mu[4]",1.085271106,11,6,220
"11_6_est_GP_param.csv","mu[5]",0.958325145,11,6,220
"11_7_est_GP_param.csv","alpha",2.96495778,11,7,220
"11_7_est_GP_param.csv","rho",1.708438665,11,7,220
"11_7_est_GP_param.csv","sigma",2.727170052,11,7,220
"11_7_est_GP_param.csv","mu[1]",-1.355247575,11,7,220
"11_7_est_GP_param.csv","mu[2]",-1.434827959,11,7,220
"11_7_est_GP_param.csv","mu[3]",-2.438682931,11,7,220
"11_7_est_GP_param.csv","mu[4]",5.698797909,11,7,220
"11_7_est_GP_param.csv","mu[5]",3.420730701,11,7,220
"11_8_est_GP_param.csv","alpha",2.456541913,11,8,220
"11_8_est_GP_param.csv","rho",-2.159062283,11,8,220
"11_8_est_GP_param.csv","sigma",1.95524486,11,8,220
"11_8_est_GP_param.csv","mu[1]",3.223906477,11,8,220
"11_8_est_GP_param.csv","mu[2]",-1.311918097,11,8,220
"11_8_est_GP_param.csv","mu[3]",-2.990709525,11,8,220
"11_8_est_GP_param.csv","mu[4]",-2.773362497,11,8,220
"11_8_est_GP_param.csv","mu[5]",-0.602984959,11,8,220
"11_9_est_GP_param.csv","alpha",2.091025931,11,9,220
"11_9_est_GP_param.csv","rho",-1.050452438,11,9,220
"11_9_est_GP_param.csv","sigma",2.117764512,11,9,220
"11_9_est_GP_param.csv","mu[1]",-2.857713572,11,9,220
"11_9_est_GP_param.csv","mu[2]",-0.302616599,11,9,220
"11_9_est_GP_param.csv","mu[3]",0.641803927,11,9,220
"11_9_est_GP_param.csv","mu[4]",-3.176050671,11,9,220
"11_9_est_GP_param.csv","mu[5]",-3.771803368,11,9,220
"12_10_est_GP_param.csv","alpha",2.896361049,12,10,220
"12_10_est_GP_param.csv","rho",1.963974536,12,10,220
"12_10_est_GP_param.csv","sigma",3.028702564,12,10,220
"12_10_est_GP_param.csv","mu[1]",3.021525865,12,10,220
"12_10_est_GP_param.csv","mu[2]",-2.730402972,12,10,220
"12_10_est_GP_param.csv","mu[3]",0.684552811,12,10,220
"12_10_est_GP_param.csv","mu[4]",-1.671682425,12,10,220
"12_10_est_GP_param.csv","mu[5]",0.604531509,12,10,220
"12_11_est_GP_param.csv","alpha",2.964121436,12,11,220
"12_11_est_GP_param.csv","rho",2.253372689,12,11,220
"12_11_est_GP_param.csv","sigma",2.863105755,12,11,220
"12_11_est_GP_param.csv","mu[1]",-0.610063652,12,11,220
"12_11_est_GP_param.csv","mu[2]",0.552750855,12,11,220
"12_11_est_GP_param.csv","mu[3]",1.875080002,12,11,220
"12_11_est_GP_param.csv","mu[4]",2.904754399,12,11,220
"12_11_est_GP_param.csv","mu[5]",1.407866961,12,11,220
"12_12_est_GP_param.csv","alpha",2.715306599,12,12,220
"12_12_est_GP_param.csv","rho",0.940601778,12,12,220
"12_12_est_GP_param.csv","sigma",2.799254859,12,12,220
"12_12_est_GP_param.csv","mu[1]",2.305962147,12,12,220
"12_12_est_GP_param.csv","mu[2]",-0.067199005,12,12,220
"12_12_est_GP_param.csv","mu[3]",-3.394721277,12,12,220
"12_12_est_GP_param.csv","mu[4]",-3.265814297,12,12,220
"12_12_est_GP_param.csv","mu[5]",-0.338618433,12,12,220
"12_13_est_GP_param.csv","alpha",2.699340157,12,13,220
"12_13_est_GP_param.csv","rho",0.24135899,12,13,220
"12_13_est_GP_param.csv","sigma",2.691856071,12,13,220
"12_13_est_GP_param.csv","mu[1]",-0.988393971,12,13,220
"12_13_est_GP_param.csv","mu[2]",2.413545867,12,13,220
"12_13_est_GP_param.csv","mu[3]",-1.946190033,12,13,220
"12_13_est_GP_param.csv","mu[4]",-3.592485155,12,13,220
"12_13_est_GP_param.csv","mu[5]",1.723491772,12,13,220
"12_14_est_GP_param.csv","alpha",2.930039323,12,14,220
"12_14_est_GP_param.csv","rho",1.672223322,12,14,220
"12_14_est_GP_param.csv","sigma",3.037713614,12,14,220
"12_14_est_GP_param.csv","mu[1]",6.483970482,12,14,220
"12_14_est_GP_param.csv","mu[2]",-0.468194841,12,14,220
"12_14_est_GP_param.csv","mu[3]",-1.863643709,12,14,220
"12_14_est_GP_param.csv","mu[4]",2.80100794,12,14,220
"12_14_est_GP_param.csv","mu[5]",-3.168527109,12,14,220
"12_15_est_GP_param.csv","alpha",3.45273916,12,15,220
"12_15_est_GP_param.csv","rho",2.88529081,12,15,220
"12_15_est_GP_param.csv","sigma",2.911168739,12,15,220
"12_15_est_GP_param.csv","mu[1]",0.952063642,12,15,220
"12_15_est_GP_param.csv","mu[2]",3.473801581,12,15,220
"12_15_est_GP_param.csv","mu[3]",-2.933573525,12,15,220
"12_15_est_GP_param.csv","mu[4]",1.375077701,12,15,220
"12_15_est_GP_param.csv","mu[5]",-2.129618076,12,15,220
"12_16_est_GP_param.csv","alpha",3.734242666,12,16,220
"12_16_est_GP_param.csv","rho",2.470094404,12,16,220
"12_16_est_GP_param.csv","sigma",3.100865421,12,16,220
"12_16_est_GP_param.csv","mu[1]",-2.722754184,12,16,220
"12_16_est_GP_param.csv","mu[2]",4.657884826,12,16,220
"12_16_est_GP_param.csv","mu[3]",0.76961148,12,16,220
"12_16_est_GP_param.csv","mu[4]",5.513839779,12,16,220
"12_16_est_GP_param.csv","mu[5]",0.178341847,12,16,220
"12_17_est_GP_param.csv","alpha",2.572798312,12,17,220
"12_17_est_GP_param.csv","rho",-0.305029324,12,17,220
"12_17_est_GP_param.csv","sigma",2.420920542,12,17,220
"12_17_est_GP_param.csv","mu[1]",1.071849912,12,17,220
"12_17_est_GP_param.csv","mu[2]",-3.447081068,12,17,220
"12_17_est_GP_param.csv","mu[3]",-3.132897228,12,17,220
"12_17_est_GP_param.csv","mu[4]",0.896083499,12,17,220
"12_17_est_GP_param.csv","mu[5]",-1.56939681,12,17,220
"12_18_est_GP_param.csv","alpha",3.417741542,12,18,220
"12_18_est_GP_param.csv","rho",2.014109287,12,18,220
"12_18_est_GP_param.csv","sigma",2.943392747,12,18,220
"12_18_est_GP_param.csv","mu[1]",-1.207942701,12,18,220
"12_18_est_GP_param.csv","mu[2]",0.323476757,12,18,220
"12_18_est_GP_param.csv","mu[3]",-2.883698622,12,18,220
"12_18_est_GP_param.csv","mu[4]",4.628247056,12,18,220
"12_18_est_GP_param.csv","mu[5]",2.25828655,12,18,220
"12_19_est_GP_param.csv","alpha",2.734493502,12,19,220
"12_19_est_GP_param.csv","rho",1.011267951,12,19,220
"12_19_est_GP_param.csv","sigma",2.487783421,12,19,220
"12_19_est_GP_param.csv","mu[1]",-0.263564001,12,19,220
"12_19_est_GP_param.csv","mu[2]",-3.076590277,12,19,220
"12_19_est_GP_param.csv","mu[3]",-0.620055634,12,19,220
"12_19_est_GP_param.csv","mu[4]",-3.488465941,12,19,220
"12_19_est_GP_param.csv","mu[5]",1.621008998,12,19,220
"12_2_est_GP_param.csv","alpha",2.360486269,12,2,220
"12_2_est_GP_param.csv","rho",-1.442293304,12,2,220
"12_2_est_GP_param.csv","sigma",2.052841326,12,2,220
"12_2_est_GP_param.csv","mu[1]",-2.819208953,12,2,220
"12_2_est_GP_param.csv","mu[2]",-1.454164709,12,2,220
"12_2_est_GP_param.csv","mu[3]",-2.023710866,12,2,220
"12_2_est_GP_param.csv","mu[4]",2.75914289,12,2,220
"12_2_est_GP_param.csv","mu[5]",-2.096507114,12,2,220
"12_20_est_GP_param.csv","alpha",2.191327011,12,20,220
"12_20_est_GP_param.csv","rho",-1.674575695,12,20,220
"12_20_est_GP_param.csv","sigma",2.167809943,12,20,220
"12_20_est_GP_param.csv","mu[1]",0.396096357,12,20,220
"12_20_est_GP_param.csv","mu[2]",2.482157086,12,20,220
"12_20_est_GP_param.csv","mu[3]",-0.912797127,12,20,220
"12_20_est_GP_param.csv","mu[4]",3.691918455,12,20,220
"12_20_est_GP_param.csv","mu[5]",2.388488213,12,20,220
"12_3_est_GP_param.csv","alpha",2.438620817,12,3,220
"12_3_est_GP_param.csv","rho",-1.500673677,12,3,220
"12_3_est_GP_param.csv","sigma",1.851178311,12,3,220
"12_3_est_GP_param.csv","mu[1]",-1.115965929,12,3,220
"12_3_est_GP_param.csv","mu[2]",-0.079374382,12,3,220
"12_3_est_GP_param.csv","mu[3]",-1.327354154,12,3,220
"12_3_est_GP_param.csv","mu[4]",3.108174772,12,3,220
"12_3_est_GP_param.csv","mu[5]",0.309279836,12,3,220
"12_4_est_GP_param.csv","alpha",2.041761279,12,4,220
"12_4_est_GP_param.csv","rho",0.429953902,12,4,220
"12_4_est_GP_param.csv","sigma",2.660277707,12,4,220
"12_4_est_GP_param.csv","mu[1]",7.701328545,12,4,220
"12_4_est_GP_param.csv","mu[2]",-0.3454045,12,4,220
"12_4_est_GP_param.csv","mu[3]",1.290032484,12,4,220
"12_4_est_GP_param.csv","mu[4]",-1.615232801,12,4,220
"12_4_est_GP_param.csv","mu[5]",-2.558553316,12,4,220
"12_5_est_GP_param.csv","alpha",3.549362581,12,5,220
"12_5_est_GP_param.csv","rho",2.467729902,12,5,220
"12_5_est_GP_param.csv","sigma",2.921415734,12,5,220
"12_5_est_GP_param.csv","mu[1]",-1.177262392,12,5,220
"12_5_est_GP_param.csv","mu[2]",-1.009447542,12,5,220
"12_5_est_GP_param.csv","mu[3]",3.437665033,12,5,220
"12_5_est_GP_param.csv","mu[4]",-3.168354594,12,5,220
"12_5_est_GP_param.csv","mu[5]",1.646313854,12,5,220
"12_6_est_GP_param.csv","alpha",3.171294488,12,6,220
"12_6_est_GP_param.csv","rho",-2.677628876,12,6,220
"12_6_est_GP_param.csv","sigma",0.71100921,12,6,220
"12_6_est_GP_param.csv","mu[1]",2.117469577,12,6,220
"12_6_est_GP_param.csv","mu[2]",-1.630377119,12,6,220
"12_6_est_GP_param.csv","mu[3]",3.942581005,12,6,220
"12_6_est_GP_param.csv","mu[4]",-0.303534369,12,6,220
"12_6_est_GP_param.csv","mu[5]",-1.399301197,12,6,220
"12_7_est_GP_param.csv","alpha",1.957618847,12,7,220
"12_7_est_GP_param.csv","rho",-1.324979054,12,7,220
"12_7_est_GP_param.csv","sigma",2.083103793,12,7,220
"12_7_est_GP_param.csv","mu[1]",4.090139486,12,7,220
"12_7_est_GP_param.csv","mu[2]",-4.35046963,12,7,220
"12_7_est_GP_param.csv","mu[3]",-0.945170153,12,7,220
"12_7_est_GP_param.csv","mu[4]",2.443472004,12,7,220
"12_7_est_GP_param.csv","mu[5]",-1.504209261,12,7,220
"12_8_est_GP_param.csv","alpha",2.678639308,12,8,220
"12_8_est_GP_param.csv","rho",-2.038151621,12,8,220
"12_8_est_GP_param.csv","sigma",1.948503781,12,8,220
"12_8_est_GP_param.csv","mu[1]",-0.17635063,12,8,220
"12_8_est_GP_param.csv","mu[2]",-0.085307947,12,8,220
"12_8_est_GP_param.csv","mu[3]",0.587928482,12,8,220
"12_8_est_GP_param.csv","mu[4]",4.991166848,12,8,220
"12_8_est_GP_param.csv","mu[5]",1.057097089,12,8,220
"12_9_est_GP_param.csv","alpha",2.622346119,12,9,220
"12_9_est_GP_param.csv","rho",-2.111175544,12,9,220
"12_9_est_GP_param.csv","sigma",2.016085074,12,9,220
"12_9_est_GP_param.csv","mu[1]",-0.251466257,12,9,220
"12_9_est_GP_param.csv","mu[2]",3.631059907,12,9,220
"12_9_est_GP_param.csv","mu[3]",1.685779258,12,9,220
"12_9_est_GP_param.csv","mu[4]",-3.295114604,12,9,220
"12_9_est_GP_param.csv","mu[5]",-4.507508075,12,9,220
"2_10_est_GP_param.csv","alpha",3.648542058,2,10,220
"2_10_est_GP_param.csv","rho",-2.42767399,2,10,220
"2_10_est_GP_param.csv","sigma",0.93959438,2,10,220
"2_10_est_GP_param.csv","mu[1]",3.108711402,2,10,220
"2_10_est_GP_param.csv","mu[2]",8.692928682,2,10,220
"2_10_est_GP_param.csv","mu[3]",4.421078284,2,10,220
"2_10_est_GP_param.csv","mu[4]",-3.496522035,2,10,220
"2_10_est_GP_param.csv","mu[5]",5.591342916,2,10,220
"2_11_est_GP_param.csv","alpha",3.369627601,2,11,220
"2_11_est_GP_param.csv","rho",-2.63582538,2,11,220
"2_11_est_GP_param.csv","sigma",1.346158202,2,11,220
"2_11_est_GP_param.csv","mu[1]",-1.848704058,2,11,220
"2_11_est_GP_param.csv","mu[2]",-0.401843703,2,11,220
"2_11_est_GP_param.csv","mu[3]",-1.72935043,2,11,220
"2_11_est_GP_param.csv","mu[4]",0.009581026,2,11,220
"2_11_est_GP_param.csv","mu[5]",3.486809732,2,11,220
"2_12_est_GP_param.csv","alpha",2.920627132,2,12,220
"2_12_est_GP_param.csv","rho",1.677847136,2,12,220
"2_12_est_GP_param.csv","sigma",3.314739568,2,12,220
"2_12_est_GP_param.csv","mu[1]",3.347971901,2,12,220
"2_12_est_GP_param.csv","mu[2]",-1.181786326,2,12,220
"2_12_est_GP_param.csv","mu[3]",-3.158795163,2,12,220
"2_12_est_GP_param.csv","mu[4]",2.114045074,2,12,220
"2_12_est_GP_param.csv","mu[5]",-0.922135377,2,12,220
"2_13_est_GP_param.csv","alpha",2.742929929,2,13,220
"2_13_est_GP_param.csv","rho",-2.360924756,2,13,220
"2_13_est_GP_param.csv","sigma",1.840817306,2,13,220
"2_13_est_GP_param.csv","mu[1]",4.813004365,2,13,220
"2_13_est_GP_param.csv","mu[2]",-4.333697875,2,13,220
"2_13_est_GP_param.csv","mu[3]",-1.963381685,2,13,220
"2_13_est_GP_param.csv","mu[4]",-1.322477465,2,13,220
"2_13_est_GP_param.csv","mu[5]",0.609795548,2,13,220
"2_14_est_GP_param.csv","alpha",3.554547471,2,14,220
"2_14_est_GP_param.csv","rho",-2.712957236,2,14,220
"2_14_est_GP_param.csv","sigma",0.826009391,2,14,220
"2_14_est_GP_param.csv","mu[1]",-3.131498213,2,14,220
"2_14_est_GP_param.csv","mu[2]",4.00425814,2,14,220
"2_14_est_GP_param.csv","mu[3]",0.874624943,2,14,220
"2_14_est_GP_param.csv","mu[4]",-1.046412839,2,14,220
"2_14_est_GP_param.csv","mu[5]",0.235871885,2,14,220
"2_15_est_GP_param.csv","alpha",3.425616097,2,15,220
"2_15_est_GP_param.csv","rho",-2.602207349,2,15,220
"2_15_est_GP_param.csv","sigma",0.896356149,2,15,220
"2_15_est_GP_param.csv","mu[1]",6.28083262,2,15,220
"2_15_est_GP_param.csv","mu[2]",-3.304309373,2,15,220
"2_15_est_GP_param.csv","mu[3]",3.268452776,2,15,220
"2_15_est_GP_param.csv","mu[4]",-3.320359745,2,15,220
"2_15_est_GP_param.csv","mu[5]",1.716587409,2,15,220
"2_16_est_GP_param.csv","alpha",3.03721599,2,16,220
"2_16_est_GP_param.csv","rho",-2.74148161,2,16,220
"2_16_est_GP_param.csv","sigma",1.265339128,2,16,220
"2_16_est_GP_param.csv","mu[1]",1.20466781,2,16,220
"2_16_est_GP_param.csv","mu[2]",0.367534422,2,16,220
"2_16_est_GP_param.csv","mu[3]",-1.080610104,2,16,220
"2_16_est_GP_param.csv","mu[4]",-3.496659963,2,16,220
"2_16_est_GP_param.csv","mu[5]",2.944706701,2,16,220
"2_17_est_GP_param.csv","alpha",3.30508402,2,17,220
"2_17_est_GP_param.csv","rho",2.305032873,2,17,220
"2_17_est_GP_param.csv","sigma",3.318858345,2,17,220
"2_17_est_GP_param.csv","mu[1]",-2.94342956,2,17,220
"2_17_est_GP_param.csv","mu[2]",3.424329166,2,17,220
"2_17_est_GP_param.csv","mu[3]",-3.035169406,2,17,220
"2_17_est_GP_param.csv","mu[4]",0.022130269,2,17,220
"2_17_est_GP_param.csv","mu[5]",1.195415901,2,17,220
"2_18_est_GP_param.csv","alpha",3.217607712,2,18,220
"2_18_est_GP_param.csv","rho",-2.646526674,2,18,220
"2_18_est_GP_param.csv","sigma",0.927810838,2,18,220
"2_18_est_GP_param.csv","mu[1]",-2.389906779,2,18,220
"2_18_est_GP_param.csv","mu[2]",-0.262763773,2,18,220
"2_18_est_GP_param.csv","mu[3]",-0.176049272,2,18,220
"2_18_est_GP_param.csv","mu[4]",3.056826877,2,18,220
"2_18_est_GP_param.csv","mu[5]",-1.16030251,2,18,220
"2_19_est_GP_param.csv","alpha",2.766492836,2,19,220
"2_19_est_GP_param.csv","rho",-2.166706071,2,19,220
"2_19_est_GP_param.csv","sigma",2.305128678,2,19,220
"2_19_est_GP_param.csv","mu[1]",1.0305089,2,19,220
"2_19_est_GP_param.csv","mu[2]",-2.387713244,2,19,220
"2_19_est_GP_param.csv","mu[3]",2.225694828,2,19,220
"2_19_est_GP_param.csv","mu[4]",6.065469696,2,19,220
"2_19_est_GP_param.csv","mu[5]",-4.573644625,2,19,220
"2_2_est_GP_param.csv","alpha",2.718085228,2,2,220
"2_2_est_GP_param.csv","rho",-1.522382388,2,2,220
"2_2_est_GP_param.csv","sigma",2.76471677,2,2,220
"2_2_est_GP_param.csv","mu[1]",0.222713442,2,2,220
"2_2_est_GP_param.csv","mu[2]",1.484327537,2,2,220
"2_2_est_GP_param.csv","mu[3]",-4.344916427,2,2,220
"2_2_est_GP_param.csv","mu[4]",-3.268357377,2,2,220
"2_2_est_GP_param.csv","mu[5]",-0.888788046,2,2,220
"2_20_est_GP_param.csv","alpha",3.34264419,2,20,220
"2_20_est_GP_param.csv","rho",-2.642071414,2,20,220
"2_20_est_GP_param.csv","sigma",1.546333158,2,20,220
"2_20_est_GP_param.csv","mu[1]",4.226827434,2,20,220
"2_20_est_GP_param.csv","mu[2]",-0.626202322,2,20,220
"2_20_est_GP_param.csv","mu[3]",-3.996104825,2,20,220
"2_20_est_GP_param.csv","mu[4]",-1.251781461,2,20,220
"2_20_est_GP_param.csv","mu[5]",1.223003584,2,20,220
"2_3_est_GP_param.csv","alpha",3.570970609,2,3,220
"2_3_est_GP_param.csv","rho",-2.460907842,2,3,220
"2_3_est_GP_param.csv","sigma",0.694986922,2,3,220
"2_3_est_GP_param.csv","mu[1]",-0.045503134,2,3,220
"2_3_est_GP_param.csv","mu[2]",5.378865314,2,3,220
"2_3_est_GP_param.csv","mu[3]",4.851656485,2,3,220
"2_3_est_GP_param.csv","mu[4]",0.669239322,2,3,220
"2_3_est_GP_param.csv","mu[5]",0.722603225,2,3,220
"2_4_est_GP_param.csv","alpha",3.504256023,2,4,220
"2_4_est_GP_param.csv","rho",-2.534601081,2,4,220
"2_4_est_GP_param.csv","sigma",1.063419427,2,4,220
"2_4_est_GP_param.csv","mu[1]",-1.626706493,2,4,220
"2_4_est_GP_param.csv","mu[2]",3.469487257,2,4,220
"2_4_est_GP_param.csv","mu[3]",0.745107791,2,4,220
"2_4_est_GP_param.csv","mu[4]",-4.54309332,2,4,220
"2_4_est_GP_param.csv","mu[5]",-0.708561174,2,4,220
"2_5_est_GP_param.csv","alpha",2.697879794,2,5,220
"2_5_est_GP_param.csv","rho",-2.181050336,2,5,220
"2_5_est_GP_param.csv","sigma",2.048812932,2,5,220
"2_5_est_GP_param.csv","mu[1]",2.896024835,2,5,220
"2_5_est_GP_param.csv","mu[2]",-0.251231591,2,5,220
"2_5_est_GP_param.csv","mu[3]",-0.943526918,2,5,220
"2_5_est_GP_param.csv","mu[4]",4.74003367,2,5,220
"2_5_est_GP_param.csv","mu[5]",-0.528875257,2,5,220
"2_6_est_GP_param.csv","alpha",2.875262474,2,6,220
"2_6_est_GP_param.csv","rho",-2.185299288,2,6,220
"2_6_est_GP_param.csv","sigma",1.526563662,2,6,220
"2_6_est_GP_param.csv","mu[1]",-0.469572105,2,6,220
"2_6_est_GP_param.csv","mu[2]",-2.219826621,2,6,220
"2_6_est_GP_param.csv","mu[3]",2.496055378,2,6,220
"2_6_est_GP_param.csv","mu[4]",-1.582103827,2,6,220
"2_6_est_GP_param.csv","mu[5]",2.175651645,2,6,220
"2_7_est_GP_param.csv","alpha",3.066704,2,7,220
"2_7_est_GP_param.csv","rho",-2.596876757,2,7,220
"2_7_est_GP_param.csv","sigma",1.264846244,2,7,220
"2_7_est_GP_param.csv","mu[1]",1.710474965,2,7,220
"2_7_est_GP_param.csv","mu[2]",7.707393149,2,7,220
"2_7_est_GP_param.csv","mu[3]",-0.770242688,2,7,220
"2_7_est_GP_param.csv","mu[4]",2.47067211,2,7,220
"2_7_est_GP_param.csv","mu[5]",5.175638075,2,7,220
"2_8_est_GP_param.csv","alpha",3.231615215,2,8,220
"2_8_est_GP_param.csv","rho",-2.4189796,2,8,220
"2_8_est_GP_param.csv","sigma",1.65278673,2,8,220
"2_8_est_GP_param.csv","mu[1]",-2.860021304,2,8,220
"2_8_est_GP_param.csv","mu[2]",3.404900225,2,8,220
"2_8_est_GP_param.csv","mu[3]",0.356275087,2,8,220
"2_8_est_GP_param.csv","mu[4]",1.038823238,2,8,220
"2_8_est_GP_param.csv","mu[5]",3.207826334,2,8,220
"2_9_est_GP_param.csv","alpha",3.615858376,2,9,220
"2_9_est_GP_param.csv","rho",-2.654569178,2,9,220
"2_9_est_GP_param.csv","sigma",1.135320249,2,9,220
"2_9_est_GP_param.csv","mu[1]",-2.414926273,2,9,220
"2_9_est_GP_param.csv","mu[2]",-0.76005277,2,9,220
"2_9_est_GP_param.csv","mu[3]",-0.161357954,2,9,220
"2_9_est_GP_param.csv","mu[4]",-3.360678053,2,9,220
"2_9_est_GP_param.csv","mu[5]",0.908985085,2,9,220
"3_10_est_GP_param.csv","alpha",2.90580703,3,10,220
"3_10_est_GP_param.csv","rho",-1.701455309,3,10,220
"3_10_est_GP_param.csv","sigma",2.399470786,3,10,220
"3_10_est_GP_param.csv","mu[1]",-1.762010468,3,10,220
"3_10_est_GP_param.csv","mu[2]",2.148745724,3,10,220
"3_10_est_GP_param.csv","mu[3]",2.674233685,3,10,220
"3_10_est_GP_param.csv","mu[4]",-0.350425808,3,10,220
"3_10_est_GP_param.csv","mu[5]",2.822438878,3,10,220
"3_11_est_GP_param.csv","alpha",2.436450916,3,11,220
"3_11_est_GP_param.csv","rho",-1.157740949,3,11,220
"3_11_est_GP_param.csv","sigma",2.574900882,3,11,220
"3_11_est_GP_param.csv","mu[1]",-0.827056156,3,11,220
"3_11_est_GP_param.csv","mu[2]",-2.310736557,3,11,220
"3_11_est_GP_param.csv","mu[3]",-4.56200147,3,11,220
"3_11_est_GP_param.csv","mu[4]",1.87982296,3,11,220
"3_11_est_GP_param.csv","mu[5]",-3.457770688,3,11,220
"3_12_est_GP_param.csv","alpha",3.102650165,3,12,220
"3_12_est_GP_param.csv","rho",-2.45104304,3,12,220
"3_12_est_GP_param.csv","sigma",1.395533314,3,12,220
"3_12_est_GP_param.csv","mu[1]",5.282153129,3,12,220
"3_12_est_GP_param.csv","mu[2]",1.753645664,3,12,220
"3_12_est_GP_param.csv","mu[3]",1.588451108,3,12,220
"3_12_est_GP_param.csv","mu[4]",3.678350619,3,12,220
"3_12_est_GP_param.csv","mu[5]",-1.08856957,3,12,220
"3_13_est_GP_param.csv","alpha",3.170683205,3,13,220
"3_13_est_GP_param.csv","rho",-2.531945261,3,13,220
"3_13_est_GP_param.csv","sigma",1.47653794,3,13,220
"3_13_est_GP_param.csv","mu[1]",-2.000120283,3,13,220
"3_13_est_GP_param.csv","mu[2]",-1.952237197,3,13,220
"3_13_est_GP_param.csv","mu[3]",-0.380386231,3,13,220
"3_13_est_GP_param.csv","mu[4]",1.138410977,3,13,220
"3_13_est_GP_param.csv","mu[5]",-0.759762866,3,13,220
"3_14_est_GP_param.csv","alpha",3.532104173,3,14,220
"3_14_est_GP_param.csv","rho",-2.644473245,3,14,220
"3_14_est_GP_param.csv","sigma",0.966024704,3,14,220
"3_14_est_GP_param.csv","mu[1]",-4.275140516,3,14,220
"3_14_est_GP_param.csv","mu[2]",-1.314476459,3,14,220
"3_14_est_GP_param.csv","mu[3]",0.281614281,3,14,220
"3_14_est_GP_param.csv","mu[4]",-3.580673636,3,14,220
"3_14_est_GP_param.csv","mu[5]",5.359213502,3,14,220
"3_15_est_GP_param.csv","alpha",3.451056659,3,15,220
"3_15_est_GP_param.csv","rho",-2.340229196,3,15,220
"3_15_est_GP_param.csv","sigma",0.902784838,3,15,220
"3_15_est_GP_param.csv","mu[1]",-0.310196147,3,15,220
"3_15_est_GP_param.csv","mu[2]",4.34929687,3,15,220
"3_15_est_GP_param.csv","mu[3]",-1.669504562,3,15,220
"3_15_est_GP_param.csv","mu[4]",0.415775379,3,15,220
"3_15_est_GP_param.csv","mu[5]",5.425417928,3,15,220
"3_16_est_GP_param.csv","alpha",3.06307032,3,16,220
"3_16_est_GP_param.csv","rho",-2.286247011,3,16,220
"3_16_est_GP_param.csv","sigma",1.967291438,3,16,220
"3_16_est_GP_param.csv","mu[1]",-0.159141803,3,16,220
"3_16_est_GP_param.csv","mu[2]",2.486520822,3,16,220
"3_16_est_GP_param.csv","mu[3]",0.999324007,3,16,220
"3_16_est_GP_param.csv","mu[4]",0.83725708,3,16,220
"3_16_est_GP_param.csv","mu[5]",-1.951293421,3,16,220
"3_17_est_GP_param.csv","alpha",3.107098413,3,17,220
"3_17_est_GP_param.csv","rho",-1.793632636,3,17,220
"3_17_est_GP_param.csv","sigma",2.105336511,3,17,220
"3_17_est_GP_param.csv","mu[1]",-0.954419604,3,17,220
"3_17_est_GP_param.csv","mu[2]",3.618846632,3,17,220
"3_17_est_GP_param.csv","mu[3]",-2.279942083,3,17,220
"3_17_est_GP_param.csv","mu[4]",1.580329614,3,17,220
"3_17_est_GP_param.csv","mu[5]",-1.555535278,3,17,220
"3_18_est_GP_param.csv","alpha",2.545444766,3,18,220
"3_18_est_GP_param.csv","rho",-0.90633797,3,18,220
"3_18_est_GP_param.csv","sigma",2.901185477,3,18,220
"3_18_est_GP_param.csv","mu[1]",1.755745199,3,18,220
"3_18_est_GP_param.csv","mu[2]",4.301529425,3,18,220
"3_18_est_GP_param.csv","mu[3]",2.102125696,3,18,220
"3_18_est_GP_param.csv","mu[4]",1.265672999,3,18,220
"3_18_est_GP_param.csv","mu[5]",1.057378596,3,18,220
"3_19_est_GP_param.csv","alpha",3.117205358,3,19,220
"3_19_est_GP_param.csv","rho",-2.614443664,3,19,220
"3_19_est_GP_param.csv","sigma",1.667143551,3,19,220
"3_19_est_GP_param.csv","mu[1]",-0.796841427,3,19,220
"3_19_est_GP_param.csv","mu[2]",5.086827032,3,19,220
"3_19_est_GP_param.csv","mu[3]",0.613224438,3,19,220
"3_19_est_GP_param.csv","mu[4]",-2.765565128,3,19,220
"3_19_est_GP_param.csv","mu[5]",-3.263400788,3,19,220
"3_2_est_GP_param.csv","alpha",2.364354215,3,2,220
"3_2_est_GP_param.csv","rho",0.172263367,3,2,220
"3_2_est_GP_param.csv","sigma",3.475241319,3,2,220
"3_2_est_GP_param.csv","mu[1]",-0.524180272,3,2,220
"3_2_est_GP_param.csv","mu[2]",4.703199974,3,2,220
"3_2_est_GP_param.csv","mu[3]",-2.162992838,3,2,220
"3_2_est_GP_param.csv","mu[4]",-0.419323155,3,2,220
"3_2_est_GP_param.csv","mu[5]",2.169512179,3,2,220
"3_20_est_GP_param.csv","alpha",3.077771936,3,20,220
"3_20_est_GP_param.csv","rho",-1.89350898,3,20,220
"3_20_est_GP_param.csv","sigma",1.704363912,3,20,220
"3_20_est_GP_param.csv","mu[1]",0.054224916,3,20,220
"3_20_est_GP_param.csv","mu[2]",-1.828993445,3,20,220
"3_20_est_GP_param.csv","mu[3]",0.255583457,3,20,220
"3_20_est_GP_param.csv","mu[4]",7.548777337,3,20,220
"3_20_est_GP_param.csv","mu[5]",4.503868217,3,20,220
"3_3_est_GP_param.csv","alpha",2.392235367,3,3,220
"3_3_est_GP_param.csv","rho",-2.04395414,3,3,220
"3_3_est_GP_param.csv","sigma",2.34125398,3,3,220
"3_3_est_GP_param.csv","mu[1]",2.204447202,3,3,220
"3_3_est_GP_param.csv","mu[2]",-3.354027529,3,3,220
"3_3_est_GP_param.csv","mu[3]",-1.80311278,3,3,220
"3_3_est_GP_param.csv","mu[4]",-1.730190486,3,3,220
"3_3_est_GP_param.csv","mu[5]",-2.954810176,3,3,220
"3_4_est_GP_param.csv","alpha",2.294469131,3,4,220
"3_4_est_GP_param.csv","rho",-0.970307166,3,4,220
"3_4_est_GP_param.csv","sigma",2.585368617,3,4,220
"3_4_est_GP_param.csv","mu[1]",5.884293004,3,4,220
"3_4_est_GP_param.csv","mu[2]",0.026175111,3,4,220
"3_4_est_GP_param.csv","mu[3]",5.302545633,3,4,220
"3_4_est_GP_param.csv","mu[4]",-0.793848602,3,4,220
"3_4_est_GP_param.csv","mu[5]",-2.516735295,3,4,220
"3_5_est_GP_param.csv","alpha",3.311420392,3,5,220
"3_5_est_GP_param.csv","rho",2.178671031,3,5,220
"3_5_est_GP_param.csv","sigma",3.441882152,3,5,220
"3_5_est_GP_param.csv","mu[1]",1.769498476,3,5,220
"3_5_est_GP_param.csv","mu[2]",-0.260541682,3,5,220
"3_5_est_GP_param.csv","mu[3]",-3.129682875,3,5,220
"3_5_est_GP_param.csv","mu[4]",4.045071573,3,5,220
"3_5_est_GP_param.csv","mu[5]",-2.578840557,3,5,220
"3_6_est_GP_param.csv","alpha",3.049308152,3,6,220
"3_6_est_GP_param.csv","rho",-2.38380954,3,6,220
"3_6_est_GP_param.csv","sigma",1.220889387,3,6,220
"3_6_est_GP_param.csv","mu[1]",1.353501173,3,6,220
"3_6_est_GP_param.csv","mu[2]",-3.588081879,3,6,220
"3_6_est_GP_param.csv","mu[3]",2.09307951,3,6,220
"3_6_est_GP_param.csv","mu[4]",3.215463988,3,6,220
"3_6_est_GP_param.csv","mu[5]",-2.367955577,3,6,220
"3_7_est_GP_param.csv","alpha",2.963796147,3,7,220
"3_7_est_GP_param.csv","rho",-2.425066221,3,7,220
"3_7_est_GP_param.csv","sigma",1.615933713,3,7,220
"3_7_est_GP_param.csv","mu[1]",3.798623541,3,7,220
"3_7_est_GP_param.csv","mu[2]",-4.33991394,3,7,220
"3_7_est_GP_param.csv","mu[3]",3.983767,3,7,220
"3_7_est_GP_param.csv","mu[4]",2.660919396,3,7,220
"3_7_est_GP_param.csv","mu[5]",2.82617096,3,7,220
"3_8_est_GP_param.csv","alpha",2.778537956,3,8,220
"3_8_est_GP_param.csv","rho",-1.406372524,3,8,220
"3_8_est_GP_param.csv","sigma",2.603535264,3,8,220
"3_8_est_GP_param.csv","mu[1]",0.948323567,3,8,220
"3_8_est_GP_param.csv","mu[2]",5.898090461,3,8,220
"3_8_est_GP_param.csv","mu[3]",2.484443409,3,8,220
"3_8_est_GP_param.csv","mu[4]",0.533583025,3,8,220
"3_8_est_GP_param.csv","mu[5]",7.331936889,3,8,220
"3_9_est_GP_param.csv","alpha",2.835307804,3,9,220
"3_9_est_GP_param.csv","rho",-2.086512536,3,9,220
"3_9_est_GP_param.csv","sigma",1.958164933,3,9,220
"3_9_est_GP_param.csv","mu[1]",-3.357291363,3,9,220
"3_9_est_GP_param.csv","mu[2]",-1.471057441,3,9,220
"3_9_est_GP_param.csv","mu[3]",-0.99629991,3,9,220
"3_9_est_GP_param.csv","mu[4]",-1.926189319,3,9,220
"3_9_est_GP_param.csv","mu[5]",-2.644814867,3,9,220
"4_10_est_GP_param.csv","alpha",3.076902486,4,10,220
"4_10_est_GP_param.csv","rho",-0.76650547,4,10,220
"4_10_est_GP_param.csv","sigma",2.818719127,4,10,220
"4_10_est_GP_param.csv","mu[1]",3.678834393,4,10,220
"4_10_est_GP_param.csv","mu[2]",-1.155794969,4,10,220
"4_10_est_GP_param.csv","mu[3]",0.885458132,4,10,220
"4_10_est_GP_param.csv","mu[4]",1.508090299,4,10,220
"4_10_est_GP_param.csv","mu[5]",1.463912362,4,10,220
"4_11_est_GP_param.csv","alpha",2.728651999,4,11,220
"4_11_est_GP_param.csv","rho",-1.12402367,4,11,220
"4_11_est_GP_param.csv","sigma",2.48773909,4,11,220
"4_11_est_GP_param.csv","mu[1]",2.24795182,4,11,220
"4_11_est_GP_param.csv","mu[2]",0.128463881,4,11,220
"4_11_est_GP_param.csv","mu[3]",-2.939116065,4,11,220
"4_11_est_GP_param.csv","mu[4]",1.72626279,4,11,220
"4_11_est_GP_param.csv","mu[5]",2.792633131,4,11,220
"4_12_est_GP_param.csv","alpha",2.506837009,4,12,220
"4_12_est_GP_param.csv","rho",-0.801155636,4,12,220
"4_12_est_GP_param.csv","sigma",2.920473586,4,12,220
"4_12_est_GP_param.csv","mu[1]",-0.765034346,4,12,220
"4_12_est_GP_param.csv","mu[2]",2.802770677,4,12,220
"4_12_est_GP_param.csv","mu[3]",0.282919928,4,12,220
"4_12_est_GP_param.csv","mu[4]",1.04565742,4,12,220
"4_12_est_GP_param.csv","mu[5]",-0.364409836,4,12,220
"4_13_est_GP_param.csv","alpha",2.9391791,4,13,220
"4_13_est_GP_param.csv","rho",-1.895416228,4,13,220
"4_13_est_GP_param.csv","sigma",1.933972877,4,13,220
"4_13_est_GP_param.csv","mu[1]",-1.18380426,4,13,220
"4_13_est_GP_param.csv","mu[2]",3.29966374,4,13,220
"4_13_est_GP_param.csv","mu[3]",0.299320769,4,13,220
"4_13_est_GP_param.csv","mu[4]",-2.646542855,4,13,220
"4_13_est_GP_param.csv","mu[5]",3.31365278,4,13,220
"4_14_est_GP_param.csv","alpha",3.22630314,4,14,220
"4_14_est_GP_param.csv","rho",-1.605818409,4,14,220
"4_14_est_GP_param.csv","sigma",2.340699073,4,14,220
"4_14_est_GP_param.csv","mu[1]",-2.070065539,4,14,220
"4_14_est_GP_param.csv","mu[2]",-1.40739579,4,14,220
"4_14_est_GP_param.csv","mu[3]",2.798501359,4,14,220
"4_14_est_GP_param.csv","mu[4]",-1.017683499,4,14,220
"4_14_est_GP_param.csv","mu[5]",3.758121087,4,14,220
"4_15_est_GP_param.csv","alpha",3.98576937,4,15,220
"4_15_est_GP_param.csv","rho",1.088509996,4,15,220
"4_15_est_GP_param.csv","sigma",3.183455974,4,15,220
"4_15_est_GP_param.csv","mu[1]",-3.759191166,4,15,220
"4_15_est_GP_param.csv","mu[2]",3.016730333,4,15,220
"4_15_est_GP_param.csv","mu[3]",-1.363492351,4,15,220
"4_15_est_GP_param.csv","mu[4]",1.83612361,4,15,220
"4_15_est_GP_param.csv","mu[5]",1.33104506,4,15,220
"4_16_est_GP_param.csv","alpha",2.228027248,4,16,220
"4_16_est_GP_param.csv","rho",-0.842178081,4,16,220
"4_16_est_GP_param.csv","sigma",2.721107215,4,16,220
"4_16_est_GP_param.csv","mu[1]",1.873787692,4,16,220
"4_16_est_GP_param.csv","mu[2]",0.472061036,4,16,220
"4_16_est_GP_param.csv","mu[3]",2.401951539,4,16,220
"4_16_est_GP_param.csv","mu[4]",-0.232870699,4,16,220
"4_16_est_GP_param.csv","mu[5]",-0.462841732,4,16,220
"4_17_est_GP_param.csv","alpha",2.969340098,4,17,220
"4_17_est_GP_param.csv","rho",-1.942066168,4,17,220
"4_17_est_GP_param.csv","sigma",1.548443502,4,17,220
"4_17_est_GP_param.csv","mu[1]",-2.609830686,4,17,220
"4_17_est_GP_param.csv","mu[2]",-2.272754909,4,17,220
"4_17_est_GP_param.csv","mu[3]",-1.014123428,4,17,220
"4_17_est_GP_param.csv","mu[4]",1.138266498,4,17,220
"4_17_est_GP_param.csv","mu[5]",-1.987066487,4,17,220
"4_18_est_GP_param.csv","alpha",2.099413716,4,18,220
"4_18_est_GP_param.csv","rho",-1.112629652,4,18,220
"4_18_est_GP_param.csv","sigma",2.314195121,4,18,220
"4_18_est_GP_param.csv","mu[1]",-1.111498632,4,18,220
"4_18_est_GP_param.csv","mu[2]",0.057046155,4,18,220
"4_18_est_GP_param.csv","mu[3]",2.319429347,4,18,220
"4_18_est_GP_param.csv","mu[4]",-2.476119757,4,18,220
"4_18_est_GP_param.csv","mu[5]",1.371690754,4,18,220
"4_19_est_GP_param.csv","alpha",2.132503723,4,19,220
"4_19_est_GP_param.csv","rho",-0.95673938,4,19,220
"4_19_est_GP_param.csv","sigma",2.896564729,4,19,220
"4_19_est_GP_param.csv","mu[1]",-3.561671564,4,19,220
"4_19_est_GP_param.csv","mu[2]",0.969050469,4,19,220
"4_19_est_GP_param.csv","mu[3]",1.144114992,4,19,220
"4_19_est_GP_param.csv","mu[4]",-0.652758818,4,19,220
"4_19_est_GP_param.csv","mu[5]",-2.241186987,4,19,220
"4_2_est_GP_param.csv","alpha",2.320253195,4,2,220
"4_2_est_GP_param.csv","rho",-0.060028137,4,2,220
"4_2_est_GP_param.csv","sigma",2.94212401,4,2,220
"4_2_est_GP_param.csv","mu[1]",2.463469771,4,2,220
"4_2_est_GP_param.csv","mu[2]",-3.256156692,4,2,220
"4_2_est_GP_param.csv","mu[3]",-3.404776481,4,2,220
"4_2_est_GP_param.csv","mu[4]",-0.059390542,4,2,220
"4_2_est_GP_param.csv","mu[5]",0.21691551,4,2,220
"4_20_est_GP_param.csv","alpha",2.67339514,4,20,220
"4_20_est_GP_param.csv","rho",-0.704348187,4,20,220
"4_20_est_GP_param.csv","sigma",2.817190155,4,20,220
"4_20_est_GP_param.csv","mu[1]",0.430037975,4,20,220
"4_20_est_GP_param.csv","mu[2]",0.430461895,4,20,220
"4_20_est_GP_param.csv","mu[3]",-0.680565378,4,20,220
"4_20_est_GP_param.csv","mu[4]",1.05323375,4,20,220
"4_20_est_GP_param.csv","mu[5]",-2.334867023,4,20,220
"4_3_est_GP_param.csv","alpha",3.152498244,4,3,220
"4_3_est_GP_param.csv","rho",-1.752061114,4,3,220
"4_3_est_GP_param.csv","sigma",2.09475448,4,3,220
"4_3_est_GP_param.csv","mu[1]",-4.426211064,4,3,220
"4_3_est_GP_param.csv","mu[2]",-1.173843862,4,3,220
"4_3_est_GP_param.csv","mu[3]",-3.783563106,4,3,220
"4_3_est_GP_param.csv","mu[4]",2.873219517,4,3,220
"4_3_est_GP_param.csv","mu[5]",-4.154738142,4,3,220
"4_4_est_GP_param.csv","alpha",2.524247077,4,4,220
"4_4_est_GP_param.csv","rho",-0.533338386,4,4,220
"4_4_est_GP_param.csv","sigma",3.035738563,4,4,220
"4_4_est_GP_param.csv","mu[1]",-0.693707755,4,4,220
"4_4_est_GP_param.csv","mu[2]",3.51871015,4,4,220
"4_4_est_GP_param.csv","mu[3]",-0.111562047,4,4,220
"4_4_est_GP_param.csv","mu[4]",-4.632134708,4,4,220
"4_4_est_GP_param.csv","mu[5]",-3.12264934,4,4,220
"4_5_est_GP_param.csv","alpha",2.576793757,4,5,220
"4_5_est_GP_param.csv","rho",-1.053479072,4,5,220
"4_5_est_GP_param.csv","sigma",2.691934839,4,5,220
"4_5_est_GP_param.csv","mu[1]",3.12019842,4,5,220
"4_5_est_GP_param.csv","mu[2]",2.116898063,4,5,220
"4_5_est_GP_param.csv","mu[3]",-3.481155101,4,5,220
"4_5_est_GP_param.csv","mu[4]",-1.397244082,4,5,220
"4_5_est_GP_param.csv","mu[5]",-0.221567658,4,5,220
"4_6_est_GP_param.csv","alpha",2.09176175,4,6,220
"4_6_est_GP_param.csv","rho",-0.9313527,4,6,220
"4_6_est_GP_param.csv","sigma",2.566581403,4,6,220
"4_6_est_GP_param.csv","mu[1]",0.652307405,4,6,220
"4_6_est_GP_param.csv","mu[2]",1.86120017,4,6,220
"4_6_est_GP_param.csv","mu[3]",-3.17813967,4,6,220
"4_6_est_GP_param.csv","mu[4]",-0.997919825,4,6,220
"4_6_est_GP_param.csv","mu[5]",-1.472892431,4,6,220
"4_7_est_GP_param.csv","alpha",2.062756817,4,7,220
"4_7_est_GP_param.csv","rho",-0.874706697,4,7,220
"4_7_est_GP_param.csv","sigma",2.74778663,4,7,220
"4_7_est_GP_param.csv","mu[1]",2.480364956,4,7,220
"4_7_est_GP_param.csv","mu[2]",-1.790895072,4,7,220
"4_7_est_GP_param.csv","mu[3]",-2.492023905,4,7,220
"4_7_est_GP_param.csv","mu[4]",-2.842612979,4,7,220
"4_7_est_GP_param.csv","mu[5]",-1.41530025,4,7,220
"4_8_est_GP_param.csv","alpha",3.058806632,4,8,220
"4_8_est_GP_param.csv","rho",-1.430154987,4,8,220
"4_8_est_GP_param.csv","sigma",1.876638595,4,8,220
"4_8_est_GP_param.csv","mu[1]",1.117679146,4,8,220
"4_8_est_GP_param.csv","mu[2]",2.681751602,4,8,220
"4_8_est_GP_param.csv","mu[3]",9.624658956,4,8,220
"4_8_est_GP_param.csv","mu[4]",1.990355652,4,8,220
"4_8_est_GP_param.csv","mu[5]",-2.424782029,4,8,220
"4_9_est_GP_param.csv","alpha",2.469160872,4,9,220
"4_9_est_GP_param.csv","rho",-0.215405195,4,9,220
"4_9_est_GP_param.csv","sigma",3.08191432,4,9,220
"4_9_est_GP_param.csv","mu[1]",3.338442604,4,9,220
"4_9_est_GP_param.csv","mu[2]",4.861651158,4,9,220
"4_9_est_GP_param.csv","mu[3]",-2.584509291,4,9,220
"4_9_est_GP_param.csv","mu[4]",-4.050607354,4,9,220
"4_9_est_GP_param.csv","mu[5]",-4.175412794,4,9,220
"5_10_est_GP_param.csv","alpha",2.356221443,5,10,220
"5_10_est_GP_param.csv","rho",-0.789419112,5,10,220
"5_10_est_GP_param.csv","sigma",2.629683282,5,10,220
"5_10_est_GP_param.csv","mu[1]",2.030622735,5,10,220
"5_10_est_GP_param.csv","mu[2]",1.141631519,5,10,220
"5_10_est_GP_param.csv","mu[3]",-4.11961626,5,10,220
"5_10_est_GP_param.csv","mu[4]",0.329541848,5,10,220
"5_10_est_GP_param.csv","mu[5]",3.195687012,5,10,220
"5_11_est_GP_param.csv","alpha",2.627669798,5,11,220
"5_11_est_GP_param.csv","rho",0.280301846,5,11,220
"5_11_est_GP_param.csv","sigma",2.868186875,5,11,220
"5_11_est_GP_param.csv","mu[1]",2.366751473,5,11,220
"5_11_est_GP_param.csv","mu[2]",-1.026151698,5,11,220
"5_11_est_GP_param.csv","mu[3]",-0.562960183,5,11,220
"5_11_est_GP_param.csv","mu[4]",5.702158001,5,11,220
"5_11_est_GP_param.csv","mu[5]",-0.637926571,5,11,220
"5_12_est_GP_param.csv","alpha",2.166306587,5,12,220
"5_12_est_GP_param.csv","rho",-1.052397746,5,12,220
"5_12_est_GP_param.csv","sigma",2.757467419,5,12,220
"5_12_est_GP_param.csv","mu[1]",-2.537582115,5,12,220
"5_12_est_GP_param.csv","mu[2]",0.843634252,5,12,220
"5_12_est_GP_param.csv","mu[3]",-1.007378696,5,12,220
"5_12_est_GP_param.csv","mu[4]",0.821630825,5,12,220
"5_12_est_GP_param.csv","mu[5]",3.24642987,5,12,220
"5_13_est_GP_param.csv","alpha",2.492180219,5,13,220
"5_13_est_GP_param.csv","rho",-0.123570295,5,13,220
"5_13_est_GP_param.csv","sigma",3.028102493,5,13,220
"5_13_est_GP_param.csv","mu[1]",1.725352899,5,13,220
"5_13_est_GP_param.csv","mu[2]",-0.467601729,5,13,220
"5_13_est_GP_param.csv","mu[3]",0.780904009,5,13,220
"5_13_est_GP_param.csv","mu[4]",1.635353239,5,13,220
"5_13_est_GP_param.csv","mu[5]",1.171625675,5,13,220
"5_14_est_GP_param.csv","alpha",2.290145257,5,14,220
"5_14_est_GP_param.csv","rho",-0.777863939,5,14,220
"5_14_est_GP_param.csv","sigma",2.740841348,5,14,220
"5_14_est_GP_param.csv","mu[1]",4.25438975,5,14,220
"5_14_est_GP_param.csv","mu[2]",-2.415518261,5,14,220
"5_14_est_GP_param.csv","mu[3]",3.470238161,5,14,220
"5_14_est_GP_param.csv","mu[4]",1.772517199,5,14,220
"5_14_est_GP_param.csv","mu[5]",-0.24607707,5,14,220
"5_15_est_GP_param.csv","alpha",2.478697375,5,15,220
"5_15_est_GP_param.csv","rho",-0.195326926,5,15,220
"5_15_est_GP_param.csv","sigma",2.961492934,5,15,220
"5_15_est_GP_param.csv","mu[1]",-1.695485913,5,15,220
"5_15_est_GP_param.csv","mu[2]",-3.729915938,5,15,220
"5_15_est_GP_param.csv","mu[3]",-4.294382742,5,15,220
"5_15_est_GP_param.csv","mu[4]",-2.098634129,5,15,220
"5_15_est_GP_param.csv","mu[5]",-2.719126782,5,15,220
"5_16_est_GP_param.csv","alpha",2.492103457,5,16,220
"5_16_est_GP_param.csv","rho",0.066874972,5,16,220
"5_16_est_GP_param.csv","sigma",2.811484392,5,16,220
"5_16_est_GP_param.csv","mu[1]",0.973664987,5,16,220
"5_16_est_GP_param.csv","mu[2]",1.756568341,5,16,220
"5_16_est_GP_param.csv","mu[3]",-4.189939776,5,16,220
"5_16_est_GP_param.csv","mu[4]",0.003292942,5,16,220
"5_16_est_GP_param.csv","mu[5]",3.530582941,5,16,220
"5_17_est_GP_param.csv","alpha",2.38820831,5,17,220
"5_17_est_GP_param.csv","rho",-0.343322755,5,17,220
"5_17_est_GP_param.csv","sigma",2.958256067,5,17,220
"5_17_est_GP_param.csv","mu[1]",-0.764844209,5,17,220
"5_17_est_GP_param.csv","mu[2]",-0.714157481,5,17,220
"5_17_est_GP_param.csv","mu[3]",1.966350797,5,17,220
"5_17_est_GP_param.csv","mu[4]",-0.748316721,5,17,220
"5_17_est_GP_param.csv","mu[5]",-4.212347861,5,17,220
"5_18_est_GP_param.csv","alpha",2.67259854,5,18,220
"5_18_est_GP_param.csv","rho",-0.969890357,5,18,220
"5_18_est_GP_param.csv","sigma",2.433502542,5,18,220
"5_18_est_GP_param.csv","mu[1]",-1.946139982,5,18,220
"5_18_est_GP_param.csv","mu[2]",0.724471543,5,18,220
"5_18_est_GP_param.csv","mu[3]",-0.741977604,5,18,220
"5_18_est_GP_param.csv","mu[4]",3.493519648,5,18,220
"5_18_est_GP_param.csv","mu[5]",1.729402997,5,18,220
"5_19_est_GP_param.csv","alpha",2.493177454,5,19,220
"5_19_est_GP_param.csv","rho",-2.250271534,5,19,220
"5_19_est_GP_param.csv","sigma",1.635044711,5,19,220
"5_19_est_GP_param.csv","mu[1]",1.623653824,5,19,220
"5_19_est_GP_param.csv","mu[2]",-0.548062397,5,19,220
"5_19_est_GP_param.csv","mu[3]",-0.568827187,5,19,220
"5_19_est_GP_param.csv","mu[4]",-0.8543965,5,19,220
"5_19_est_GP_param.csv","mu[5]",3.600367481,5,19,220
"5_2_est_GP_param.csv","alpha",2.267941807,5,2,220
"5_2_est_GP_param.csv","rho",-0.459260622,5,2,220
"5_2_est_GP_param.csv","sigma",2.86965451,5,2,220
"5_2_est_GP_param.csv","mu[1]",-0.180343572,5,2,220
"5_2_est_GP_param.csv","mu[2]",4.043401128,5,2,220
"5_2_est_GP_param.csv","mu[3]",1.206758509,5,2,220
"5_2_est_GP_param.csv","mu[4]",4.741578235,5,2,220
"5_2_est_GP_param.csv","mu[5]",2.607464272,5,2,220
"5_20_est_GP_param.csv","alpha",2.449715396,5,20,220
"5_20_est_GP_param.csv","rho",-0.138781687,5,20,220
"5_20_est_GP_param.csv","sigma",3.073163394,5,20,220
"5_20_est_GP_param.csv","mu[1]",1.30001323,5,20,220
"5_20_est_GP_param.csv","mu[2]",0.831124224,5,20,220
"5_20_est_GP_param.csv","mu[3]",-0.116958286,5,20,220
"5_20_est_GP_param.csv","mu[4]",3.856835767,5,20,220
"5_20_est_GP_param.csv","mu[5]",-0.704973255,5,20,220
"5_3_est_GP_param.csv","alpha",2.978474461,5,3,220
"5_3_est_GP_param.csv","rho",-1.642768971,5,3,220
"5_3_est_GP_param.csv","sigma",2.044239752,5,3,220
"5_3_est_GP_param.csv","mu[1]",0.069086043,5,3,220
"5_3_est_GP_param.csv","mu[2]",2.209874073,5,3,220
"5_3_est_GP_param.csv","mu[3]",1.071517709,5,3,220
"5_3_est_GP_param.csv","mu[4]",-2.978160763,5,3,220
"5_3_est_GP_param.csv","mu[5]",3.323645951,5,3,220
"5_4_est_GP_param.csv","alpha",2.540420666,5,4,220
"5_4_est_GP_param.csv","rho",-0.257325535,5,4,220
"5_4_est_GP_param.csv","sigma",2.837650838,5,4,220
"5_4_est_GP_param.csv","mu[1]",5.381502183,5,4,220
"5_4_est_GP_param.csv","mu[2]",0.762042972,5,4,220
"5_4_est_GP_param.csv","mu[3]",-4.039299178,5,4,220
"5_4_est_GP_param.csv","mu[4]",-3.635606583,5,4,220
"5_4_est_GP_param.csv","mu[5]",-2.053274763,5,4,220
"5_5_est_GP_param.csv","alpha",2.396180619,5,5,220
"5_5_est_GP_param.csv","rho",-0.159428712,5,5,220
"5_5_est_GP_param.csv","sigma",2.881298208,5,5,220
"5_5_est_GP_param.csv","mu[1]",-0.180965082,5,5,220
"5_5_est_GP_param.csv","mu[2]",0.746058661,5,5,220
"5_5_est_GP_param.csv","mu[3]",1.811346017,5,5,220
"5_5_est_GP_param.csv","mu[4]",3.280099021,5,5,220
"5_5_est_GP_param.csv","mu[5]",-0.571159202,5,5,220
"5_6_est_GP_param.csv","alpha",2.859048732,5,6,220
"5_6_est_GP_param.csv","rho",0.211018818,5,6,220
"5_6_est_GP_param.csv","sigma",3.01704304,5,6,220
"5_6_est_GP_param.csv","mu[1]",-3.137376234,5,6,220
"5_6_est_GP_param.csv","mu[2]",2.411750816,5,6,220
"5_6_est_GP_param.csv","mu[3]",1.829706884,5,6,220
"5_6_est_GP_param.csv","mu[4]",-0.372936046,5,6,220
"5_6_est_GP_param.csv","mu[5]",-1.592686646,5,6,220
"5_7_est_GP_param.csv","alpha",2.699227097,5,7,220
"5_7_est_GP_param.csv","rho",-0.338661759,5,7,220
"5_7_est_GP_param.csv","sigma",2.770946729,5,7,220
"5_7_est_GP_param.csv","mu[1]",-2.378266316,5,7,220
"5_7_est_GP_param.csv","mu[2]",-1.986714086,5,7,220
"5_7_est_GP_param.csv","mu[3]",5.176125643,5,7,220
"5_7_est_GP_param.csv","mu[4]",0.321931645,5,7,220
"5_7_est_GP_param.csv","mu[5]",2.186229664,5,7,220
"5_8_est_GP_param.csv","alpha",2.58110221,5,8,220
"5_8_est_GP_param.csv","rho",-0.887226415,5,8,220
"5_8_est_GP_param.csv","sigma",2.526561498,5,8,220
"5_8_est_GP_param.csv","mu[1]",0.47198444,5,8,220
"5_8_est_GP_param.csv","mu[2]",0.653188599,5,8,220
"5_8_est_GP_param.csv","mu[3]",-0.727117395,5,8,220
"5_8_est_GP_param.csv","mu[4]",-1.931615923,5,8,220
"5_8_est_GP_param.csv","mu[5]",3.060949868,5,8,220
"5_9_est_GP_param.csv","alpha",2.496667872,5,9,220
"5_9_est_GP_param.csv","rho",-0.077930212,5,9,220
"5_9_est_GP_param.csv","sigma",2.862391077,5,9,220
"5_9_est_GP_param.csv","mu[1]",-0.432147113,5,9,220
"5_9_est_GP_param.csv","mu[2]",-2.18089711,5,9,220
"5_9_est_GP_param.csv","mu[3]",3.730177026,5,9,220
"5_9_est_GP_param.csv","mu[4]",0.438192993,5,9,220
"5_9_est_GP_param.csv","mu[5]",-0.029544673,5,9,220
"6_10_est_GP_param.csv","alpha",2.739413145,6,10,220
"6_10_est_GP_param.csv","rho",0.024570977,6,10,220
"6_10_est_GP_param.csv","sigma",2.787434661,6,10,220
"6_10_est_GP_param.csv","mu[1]",-3.932111778,6,10,220
"6_10_est_GP_param.csv","mu[2]",0.418293895,6,10,220
"6_10_est_GP_param.csv","mu[3]",-0.565863271,6,10,220
"6_10_est_GP_param.csv","mu[4]",-2.716858707,6,10,220
"6_10_est_GP_param.csv","mu[5]",-1.56577774,6,10,220
"6_11_est_GP_param.csv","alpha",2.986400984,6,11,220
"6_11_est_GP_param.csv","rho",-2.165050278,6,11,220
"6_11_est_GP_param.csv","sigma",1.316169412,6,11,220
"6_11_est_GP_param.csv","mu[1]",-1.866080492,6,11,220
"6_11_est_GP_param.csv","mu[2]",-0.046665634,6,11,220
"6_11_est_GP_param.csv","mu[3]",2.758843875,6,11,220
"6_11_est_GP_param.csv","mu[4]",1.340701288,6,11,220
"6_11_est_GP_param.csv","mu[5]",1.61396358,6,11,220
"6_12_est_GP_param.csv","alpha",2.613321991,6,12,220
"6_12_est_GP_param.csv","rho",0.308323863,6,12,220
"6_12_est_GP_param.csv","sigma",2.862664603,6,12,220
"6_12_est_GP_param.csv","mu[1]",6.307466668,6,12,220
"6_12_est_GP_param.csv","mu[2]",0.019237594,6,12,220
"6_12_est_GP_param.csv","mu[3]",-3.940038552,6,12,220
"6_12_est_GP_param.csv","mu[4]",3.564214144,6,12,220
"6_12_est_GP_param.csv","mu[5]",-0.333086421,6,12,220
"6_13_est_GP_param.csv","alpha",2.632265558,6,13,220
"6_13_est_GP_param.csv","rho",0.153742243,6,13,220
"6_13_est_GP_param.csv","sigma",3.065192251,6,13,220
"6_13_est_GP_param.csv","mu[1]",-0.840047456,6,13,220
"6_13_est_GP_param.csv","mu[2]",3.092633795,6,13,220
"6_13_est_GP_param.csv","mu[3]",-1.525649875,6,13,220
"6_13_est_GP_param.csv","mu[4]",8.608885211,6,13,220
"6_13_est_GP_param.csv","mu[5]",-2.225330011,6,13,220
"6_14_est_GP_param.csv","alpha",2.324012828,6,14,220
"6_14_est_GP_param.csv","rho",-0.618707067,6,14,220
"6_14_est_GP_param.csv","sigma",2.84189767,6,14,220
"6_14_est_GP_param.csv","mu[1]",0.079174693,6,14,220
"6_14_est_GP_param.csv","mu[2]",0.737585851,6,14,220
"6_14_est_GP_param.csv","mu[3]",0.14416355,6,14,220
"6_14_est_GP_param.csv","mu[4]",-2.111799982,6,14,220
"6_14_est_GP_param.csv","mu[5]",2.729330367,6,14,220
"6_15_est_GP_param.csv","alpha",1.991343574,6,15,220
"6_15_est_GP_param.csv","rho",-0.227998575,6,15,220
"6_15_est_GP_param.csv","sigma",2.700371851,6,15,220
"6_15_est_GP_param.csv","mu[1]",1.205072937,6,15,220
"6_15_est_GP_param.csv","mu[2]",1.350917107,6,15,220
"6_15_est_GP_param.csv","mu[3]",1.68058021,6,15,220
"6_15_est_GP_param.csv","mu[4]",2.877087454,6,15,220
"6_15_est_GP_param.csv","mu[5]",-2.204945197,6,15,220
"6_16_est_GP_param.csv","alpha",2.644905822,6,16,220
"6_16_est_GP_param.csv","rho",-0.001398578,6,16,220
"6_16_est_GP_param.csv","sigma",2.744628827,6,16,220
"6_16_est_GP_param.csv","mu[1]",-0.036819649,6,16,220
"6_16_est_GP_param.csv","mu[2]",-0.259077541,6,16,220
"6_16_est_GP_param.csv","mu[3]",-2.620069873,6,16,220
"6_16_est_GP_param.csv","mu[4]",0.103139703,6,16,220
"6_16_est_GP_param.csv","mu[5]",3.988423831,6,16,220
"6_17_est_GP_param.csv","alpha",1.856436933,6,17,220
"6_17_est_GP_param.csv","rho",0.027614157,6,17,220
"6_17_est_GP_param.csv","sigma",2.625874801,6,17,220
"6_17_est_GP_param.csv","mu[1]",3.399865022,6,17,220
"6_17_est_GP_param.csv","mu[2]",1.996751961,6,17,220
"6_17_est_GP_param.csv","mu[3]",-1.311607321,6,17,220
"6_17_est_GP_param.csv","mu[4]",2.133155669,6,17,220
"6_17_est_GP_param.csv","mu[5]",7.401769158,6,17,220
"6_18_est_GP_param.csv","alpha",2.574208889,6,18,220
"6_18_est_GP_param.csv","rho",-0.884338698,6,18,220
"6_18_est_GP_param.csv","sigma",2.548126195,6,18,220
"6_18_est_GP_param.csv","mu[1]",-0.334121292,6,18,220
"6_18_est_GP_param.csv","mu[2]",-0.981777532,6,18,220
"6_18_est_GP_param.csv","mu[3]",-0.591769447,6,18,220
"6_18_est_GP_param.csv","mu[4]",-0.139059825,6,18,220
"6_18_est_GP_param.csv","mu[5]",-3.284707943,6,18,220
"6_19_est_GP_param.csv","alpha",2.243594016,6,19,220
"6_19_est_GP_param.csv","rho",-0.150012306,6,19,220
"6_19_est_GP_param.csv","sigma",2.695435546,6,19,220
"6_19_est_GP_param.csv","mu[1]",-4.078636329,6,19,220
"6_19_est_GP_param.csv","mu[2]",0.805225867,6,19,220
"6_19_est_GP_param.csv","mu[3]",-1.24805926,6,19,220
"6_19_est_GP_param.csv","mu[4]",2.741414951,6,19,220
"6_19_est_GP_param.csv","mu[5]",-2.911083121,6,19,220
"6_2_est_GP_param.csv","alpha",2.1692552,6,2,220
"6_2_est_GP_param.csv","rho",-0.633358873,6,2,220
"6_2_est_GP_param.csv","sigma",2.825473625,6,2,220
"6_2_est_GP_param.csv","mu[1]",-1.333879391,6,2,220
"6_2_est_GP_param.csv","mu[2]",2.194474397,6,2,220
"6_2_est_GP_param.csv","mu[3]",-4.042373449,6,2,220
"6_2_est_GP_param.csv","mu[4]",-2.738725471,6,2,220
"6_2_est_GP_param.csv","mu[5]",0.779108334,6,2,220
"6_20_est_GP_param.csv","alpha",2.970352281,6,20,220
"6_20_est_GP_param.csv","rho",0.180727307,6,20,220
"6_20_est_GP_param.csv","sigma",2.820125961,6,20,220
"6_20_est_GP_param.csv","mu[1]",0.068195726,6,20,220
"6_20_est_GP_param.csv","mu[2]",-1.950851159,6,20,220
"6_20_est_GP_param.csv","mu[3]",3.287414642,6,20,220
"6_20_est_GP_param.csv","mu[4]",-2.086304138,6,20,220
"6_20_est_GP_param.csv","mu[5]",-0.296107615,6,20,220
"6_3_est_GP_param.csv","alpha",2.395130116,6,3,220
"6_3_est_GP_param.csv","rho",-0.484305825,6,3,220
"6_3_est_GP_param.csv","sigma",2.575483013,6,3,220
"6_3_est_GP_param.csv","mu[1]",-3.837745938,6,3,220
"6_3_est_GP_param.csv","mu[2]",5.39004251,6,3,220
"6_3_est_GP_param.csv","mu[3]",2.382373291,6,3,220
"6_3_est_GP_param.csv","mu[4]",4.096616637,6,3,220
"6_3_est_GP_param.csv","mu[5]",4.544216638,6,3,220
"6_4_est_GP_param.csv","alpha",2.626010982,6,4,220
"6_4_est_GP_param.csv","rho",0.300649715,6,4,220
"6_4_est_GP_param.csv","sigma",2.891454511,6,4,220
"6_4_est_GP_param.csv","mu[1]",-2.6245296,6,4,220
"6_4_est_GP_param.csv","mu[2]",-1.439838585,6,4,220
"6_4_est_GP_param.csv","mu[3]",-1.923097217,6,4,220
"6_4_est_GP_param.csv","mu[4]",-1.796044492,6,4,220
"6_4_est_GP_param.csv","mu[5]",-0.448328869,6,4,220
"6_5_est_GP_param.csv","alpha",2.872700382,6,5,220
"6_5_est_GP_param.csv","rho",0.139068662,6,5,220
"6_5_est_GP_param.csv","sigma",2.714280353,6,5,220
"6_5_est_GP_param.csv","mu[1]",1.490337612,6,5,220
"6_5_est_GP_param.csv","mu[2]",0.81682136,6,5,220
"6_5_est_GP_param.csv","mu[3]",0.683169732,6,5,220
"6_5_est_GP_param.csv","mu[4]",0.906794131,6,5,220
"6_5_est_GP_param.csv","mu[5]",-3.91990078,6,5,220
"6_6_est_GP_param.csv","alpha",2.775897703,6,6,220
"6_6_est_GP_param.csv","rho",-0.253786698,6,6,220
"6_6_est_GP_param.csv","sigma",2.786608845,6,6,220
"6_6_est_GP_param.csv","mu[1]",5.3203003,6,6,220
"6_6_est_GP_param.csv","mu[2]",-3.042434896,6,6,220
"6_6_est_GP_param.csv","mu[3]",-3.764724459,6,6,220
"6_6_est_GP_param.csv","mu[4]",3.909766531,6,6,220
"6_6_est_GP_param.csv","mu[5]",5.500112955,6,6,220
"6_7_est_GP_param.csv","alpha",2.40067089,6,7,220
"6_7_est_GP_param.csv","rho",-0.265818121,6,7,220
"6_7_est_GP_param.csv","sigma",2.982586091,6,7,220
"6_7_est_GP_param.csv","mu[1]",-3.770309223,6,7,220
"6_7_est_GP_param.csv","mu[2]",5.850488824,6,7,220
"6_7_est_GP_param.csv","mu[3]",-1.534656319,6,7,220
"6_7_est_GP_param.csv","mu[4]",-2.291012063,6,7,220
"6_7_est_GP_param.csv","mu[5]",2.730244349,6,7,220
"6_8_est_GP_param.csv","alpha",2.849587637,6,8,220
"6_8_est_GP_param.csv","rho",0.250067329,6,8,220
"6_8_est_GP_param.csv","sigma",2.648894237,6,8,220
"6_8_est_GP_param.csv","mu[1]",2.746811253,6,8,220
"6_8_est_GP_param.csv","mu[2]",1.609008523,6,8,220
"6_8_est_GP_param.csv","mu[3]",-3.460173791,6,8,220
"6_8_est_GP_param.csv","mu[4]",-1.376208466,6,8,220
"6_8_est_GP_param.csv","mu[5]",2.176245999,6,8,220
"6_9_est_GP_param.csv","alpha",2.507472724,6,9,220
"6_9_est_GP_param.csv","rho",0.145692076,6,9,220
"6_9_est_GP_param.csv","sigma",3.174338426,6,9,220
"6_9_est_GP_param.csv","mu[1]",4.063415143,6,9,220
"6_9_est_GP_param.csv","mu[2]",-0.233691891,6,9,220
"6_9_est_GP_param.csv","mu[3]",-1.402775079,6,9,220
"6_9_est_GP_param.csv","mu[4]",-3.89834322,6,9,220
"6_9_est_GP_param.csv","mu[5]",2.455901047,6,9,220
"7_10_est_GP_param.csv","alpha",2.766463204,7,10,220
"7_10_est_GP_param.csv","rho",1.030565665,7,10,220
"7_10_est_GP_param.csv","sigma",2.936651782,7,10,220
"7_10_est_GP_param.csv","mu[1]",-0.250169518,7,10,220
"7_10_est_GP_param.csv","mu[2]",1.908876279,7,10,220
"7_10_est_GP_param.csv","mu[3]",0.598062809,7,10,220
"7_10_est_GP_param.csv","mu[4]",0.515892992,7,10,220
"7_10_est_GP_param.csv","mu[5]",3.680206739,7,10,220
"7_11_est_GP_param.csv","alpha",3.017882359,7,11,220
"7_11_est_GP_param.csv","rho",0.635200632,7,11,220
"7_11_est_GP_param.csv","sigma",2.8183315,7,11,220
"7_11_est_GP_param.csv","mu[1]",0.184659758,7,11,220
"7_11_est_GP_param.csv","mu[2]",-0.811717564,7,11,220
"7_11_est_GP_param.csv","mu[3]",2.178070022,7,11,220
"7_11_est_GP_param.csv","mu[4]",-3.505703995,7,11,220
"7_11_est_GP_param.csv","mu[5]",2.398701618,7,11,220
"7_12_est_GP_param.csv","alpha",2.719010575,7,12,220
"7_12_est_GP_param.csv","rho",0.15960141,7,12,220
"7_12_est_GP_param.csv","sigma",2.805356065,7,12,220
"7_12_est_GP_param.csv","mu[1]",-2.608994486,7,12,220
"7_12_est_GP_param.csv","mu[2]",-3.768847452,7,12,220
"7_12_est_GP_param.csv","mu[3]",5.232499765,7,12,220
"7_12_est_GP_param.csv","mu[4]",-2.081954853,7,12,220
"7_12_est_GP_param.csv","mu[5]",-0.953886349,7,12,220
"7_13_est_GP_param.csv","alpha",3.113988408,7,13,220
"7_13_est_GP_param.csv","rho",0.67044566,7,13,220
"7_13_est_GP_param.csv","sigma",2.793360636,7,13,220
"7_13_est_GP_param.csv","mu[1]",1.082362562,7,13,220
"7_13_est_GP_param.csv","mu[2]",4.20869979,7,13,220
"7_13_est_GP_param.csv","mu[3]",-3.725967943,7,13,220
"7_13_est_GP_param.csv","mu[4]",-0.449551822,7,13,220
"7_13_est_GP_param.csv","mu[5]",0.524395339,7,13,220
"7_14_est_GP_param.csv","alpha",3.57307478,7,14,220
"7_14_est_GP_param.csv","rho",0.941131547,7,14,220
"7_14_est_GP_param.csv","sigma",2.867981513,7,14,220
"7_14_est_GP_param.csv","mu[1]",2.558207329,7,14,220
"7_14_est_GP_param.csv","mu[2]",-2.115075957,7,14,220
"7_14_est_GP_param.csv","mu[3]",-1.128373139,7,14,220
"7_14_est_GP_param.csv","mu[4]",1.073392883,7,14,220
"7_14_est_GP_param.csv","mu[5]",-3.975526229,7,14,220
"7_15_est_GP_param.csv","alpha",2.74071618,7,15,220
"7_15_est_GP_param.csv","rho",-0.296959075,7,15,220
"7_15_est_GP_param.csv","sigma",2.598973802,7,15,220
"7_15_est_GP_param.csv","mu[1]",2.633827929,7,15,220
"7_15_est_GP_param.csv","mu[2]",-4.018789049,7,15,220
"7_15_est_GP_param.csv","mu[3]",-2.04807493,7,15,220
"7_15_est_GP_param.csv","mu[4]",-1.12267871,7,15,220
"7_15_est_GP_param.csv","mu[5]",-2.130381713,7,15,220
"7_16_est_GP_param.csv","alpha",2.795797002,7,16,220
"7_16_est_GP_param.csv","rho",1.000678633,7,16,220
"7_16_est_GP_param.csv","sigma",2.827246813,7,16,220
"7_16_est_GP_param.csv","mu[1]",-2.419722534,7,16,220
"7_16_est_GP_param.csv","mu[2]",-0.434542184,7,16,220
"7_16_est_GP_param.csv","mu[3]",-0.648444843,7,16,220
"7_16_est_GP_param.csv","mu[4]",0.694815201,7,16,220
"7_16_est_GP_param.csv","mu[5]",5.513696471,7,16,220
"7_17_est_GP_param.csv","alpha",2.854352543,7,17,220
"7_17_est_GP_param.csv","rho",0.871192509,7,17,220
"7_17_est_GP_param.csv","sigma",2.953248394,7,17,220
"7_17_est_GP_param.csv","mu[1]",1.423669548,7,17,220
"7_17_est_GP_param.csv","mu[2]",0.737367467,7,17,220
"7_17_est_GP_param.csv","mu[3]",0.806206463,7,17,220
"7_17_est_GP_param.csv","mu[4]",-1.038821927,7,17,220
"7_17_est_GP_param.csv","mu[5]",0.249583399,7,17,220
"7_18_est_GP_param.csv","alpha",3.887777857,7,18,220
"7_18_est_GP_param.csv","rho",1.555407496,7,18,220
"7_18_est_GP_param.csv","sigma",2.920440776,7,18,220
"7_18_est_GP_param.csv","mu[1]",0.925251982,7,18,220
"7_18_est_GP_param.csv","mu[2]",-3.144483644,7,18,220
"7_18_est_GP_param.csv","mu[3]",3.625775514,7,18,220
"7_18_est_GP_param.csv","mu[4]",2.492562378,7,18,220
"7_18_est_GP_param.csv","mu[5]",-3.474871015,7,18,220
"7_19_est_GP_param.csv","alpha",3.359000032,7,19,220
"7_19_est_GP_param.csv","rho",0.987979063,7,19,220
"7_19_est_GP_param.csv","sigma",3.002383192,7,19,220
"7_19_est_GP_param.csv","mu[1]",-2.543711042,7,19,220
"7_19_est_GP_param.csv","mu[2]",-0.168831769,7,19,220
"7_19_est_GP_param.csv","mu[3]",-3.245288625,7,19,220
"7_19_est_GP_param.csv","mu[4]",-2.061077587,7,19,220
"7_19_est_GP_param.csv","mu[5]",-1.671713163,7,19,220
"7_2_est_GP_param.csv","alpha",2.756741095,7,2,220
"7_2_est_GP_param.csv","rho",1.325889742,7,2,220
"7_2_est_GP_param.csv","sigma",2.994255116,7,2,220
"7_2_est_GP_param.csv","mu[1]",-0.597073603,7,2,220
"7_2_est_GP_param.csv","mu[2]",1.909121692,7,2,220
"7_2_est_GP_param.csv","mu[3]",0.223974611,7,2,220
"7_2_est_GP_param.csv","mu[4]",4.35713263,7,2,220
"7_2_est_GP_param.csv","mu[5]",1.185549173,7,2,220
"7_20_est_GP_param.csv","alpha",2.802394932,7,20,220
"7_20_est_GP_param.csv","rho",0.625067411,7,20,220
"7_20_est_GP_param.csv","sigma",2.948662098,7,20,220
"7_20_est_GP_param.csv","mu[1]",0.759110409,7,20,220
"7_20_est_GP_param.csv","mu[2]",-3.125440581,7,20,220
"7_20_est_GP_param.csv","mu[3]",4.127193463,7,20,220
"7_20_est_GP_param.csv","mu[4]",-3.574212531,7,20,220
"7_20_est_GP_param.csv","mu[5]",0.426705671,7,20,220
"7_3_est_GP_param.csv","alpha",2.226990787,7,3,220
"7_3_est_GP_param.csv","rho",0.63364962,7,3,220
"7_3_est_GP_param.csv","sigma",2.88813961,7,3,220
"7_3_est_GP_param.csv","mu[1]",0.533154738,7,3,220
"7_3_est_GP_param.csv","mu[2]",3.475617317,7,3,220
"7_3_est_GP_param.csv","mu[3]",1.456308387,7,3,220
"7_3_est_GP_param.csv","mu[4]",-0.485563837,7,3,220
"7_3_est_GP_param.csv","mu[5]",3.51287948,7,3,220
"7_4_est_GP_param.csv","alpha",3.013735579,7,4,220
"7_4_est_GP_param.csv","rho",1.025297629,7,4,220
"7_4_est_GP_param.csv","sigma",2.961791499,7,4,220
"7_4_est_GP_param.csv","mu[1]",1.748820528,7,4,220
"7_4_est_GP_param.csv","mu[2]",2.407822829,7,4,220
"7_4_est_GP_param.csv","mu[3]",2.541895786,7,4,220
"7_4_est_GP_param.csv","mu[4]",-3.186734249,7,4,220
"7_4_est_GP_param.csv","mu[5]",-1.855258444,7,4,220
"7_5_est_GP_param.csv","alpha",2.870236602,7,5,220
"7_5_est_GP_param.csv","rho",0.733416366,7,5,220
"7_5_est_GP_param.csv","sigma",2.901510953,7,5,220
"7_5_est_GP_param.csv","mu[1]",-2.376679427,7,5,220
"7_5_est_GP_param.csv","mu[2]",4.165132929,7,5,220
"7_5_est_GP_param.csv","mu[3]",4.669460719,7,5,220
"7_5_est_GP_param.csv","mu[4]",0.007144283,7,5,220
"7_5_est_GP_param.csv","mu[5]",-2.638134038,7,5,220
"7_6_est_GP_param.csv","alpha",2.913401112,7,6,220
"7_6_est_GP_param.csv","rho",1.596403434,7,6,220
"7_6_est_GP_param.csv","sigma",3.247763418,7,6,220
"7_6_est_GP_param.csv","mu[1]",-2.444615129,7,6,220
"7_6_est_GP_param.csv","mu[2]",-1.233110418,7,6,220
"7_6_est_GP_param.csv","mu[3]",4.318383207,7,6,220
"7_6_est_GP_param.csv","mu[4]",2.362720743,7,6,220
"7_6_est_GP_param.csv","mu[5]",2.596480544,7,6,220
"7_7_est_GP_param.csv","alpha",2.531465414,7,7,220
"7_7_est_GP_param.csv","rho",1.119365293,7,7,220
"7_7_est_GP_param.csv","sigma",2.953053109,7,7,220
"7_7_est_GP_param.csv","mu[1]",-0.518713296,7,7,220
"7_7_est_GP_param.csv","mu[2]",6.429354507,7,7,220
"7_7_est_GP_param.csv","mu[3]",-1.457466145,7,7,220
"7_7_est_GP_param.csv","mu[4]",0.96847191,7,7,220
"7_7_est_GP_param.csv","mu[5]",0.357749094,7,7,220
"7_8_est_GP_param.csv","alpha",2.816512882,7,8,220
"7_8_est_GP_param.csv","rho",0.64471679,7,8,220
"7_8_est_GP_param.csv","sigma",2.733267356,7,8,220
"7_8_est_GP_param.csv","mu[1]",2.189240415,7,8,220
"7_8_est_GP_param.csv","mu[2]",-2.968523427,7,8,220
"7_8_est_GP_param.csv","mu[3]",3.346934072,7,8,220
"7_8_est_GP_param.csv","mu[4]",-3.142102929,7,8,220
"7_8_est_GP_param.csv","mu[5]",-3.964614309,7,8,220
"7_9_est_GP_param.csv","alpha",3.154990491,7,9,220
"7_9_est_GP_param.csv","rho",0.04917877,7,9,220
"7_9_est_GP_param.csv","sigma",2.532206473,7,9,220
"7_9_est_GP_param.csv","mu[1]",2.273085945,7,9,220
"7_9_est_GP_param.csv","mu[2]",5.425563648,7,9,220
"7_9_est_GP_param.csv","mu[3]",-2.618711605,7,9,220
"7_9_est_GP_param.csv","mu[4]",2.30485354,7,9,220
"7_9_est_GP_param.csv","mu[5]",3.532618173,7,9,220
"8_10_est_GP_param.csv","alpha",2.800856431,8,10,220
"8_10_est_GP_param.csv","rho",0.707334888,8,10,220
"8_10_est_GP_param.csv","sigma",2.874424689,8,10,220
"8_10_est_GP_param.csv","mu[1]",-0.752161924,8,10,220
"8_10_est_GP_param.csv","mu[2]",-3.269318028,8,10,220
"8_10_est_GP_param.csv","mu[3]",-0.939621025,8,10,220
"8_10_est_GP_param.csv","mu[4]",4.817961297,8,10,220
"8_10_est_GP_param.csv","mu[5]",3.195678229,8,10,220
"8_11_est_GP_param.csv","alpha",3.047484629,8,11,220
"8_11_est_GP_param.csv","rho",1.05805902,8,11,220
"8_11_est_GP_param.csv","sigma",3.071794084,8,11,220
"8_11_est_GP_param.csv","mu[1]",-1.268958434,8,11,220
"8_11_est_GP_param.csv","mu[2]",0.221548339,8,11,220
"8_11_est_GP_param.csv","mu[3]",-2.483985928,8,11,220
"8_11_est_GP_param.csv","mu[4]",-2.840081359,8,11,220
"8_11_est_GP_param.csv","mu[5]",-2.848535113,8,11,220
"8_12_est_GP_param.csv","alpha",2.826629154,8,12,220
"8_12_est_GP_param.csv","rho",0.902253388,8,12,220
"8_12_est_GP_param.csv","sigma",2.728208853,8,12,220
"8_12_est_GP_param.csv","mu[1]",0.302417266,8,12,220
"8_12_est_GP_param.csv","mu[2]",3.852030071,8,12,220
"8_12_est_GP_param.csv","mu[3]",1.478718931,8,12,220
"8_12_est_GP_param.csv","mu[4]",-3.626326765,8,12,220
"8_12_est_GP_param.csv","mu[5]",2.579405418,8,12,220
"8_13_est_GP_param.csv","alpha",2.218841638,8,13,220
"8_13_est_GP_param.csv","rho",-0.147581289,8,13,220
"8_13_est_GP_param.csv","sigma",2.82195312,8,13,220
"8_13_est_GP_param.csv","mu[1]",1.842553353,8,13,220
"8_13_est_GP_param.csv","mu[2]",-2.554663104,8,13,220
"8_13_est_GP_param.csv","mu[3]",3.176819518,8,13,220
"8_13_est_GP_param.csv","mu[4]",6.344546197,8,13,220
"8_13_est_GP_param.csv","mu[5]",-1.741580186,8,13,220
"8_14_est_GP_param.csv","alpha",3.732274812,8,14,220
"8_14_est_GP_param.csv","rho",1.525947877,8,14,220
"8_14_est_GP_param.csv","sigma",3.143064302,8,14,220
"8_14_est_GP_param.csv","mu[1]",-3.123804971,8,14,220
"8_14_est_GP_param.csv","mu[2]",2.844981465,8,14,220
"8_14_est_GP_param.csv","mu[3]",-1.226691361,8,14,220
"8_14_est_GP_param.csv","mu[4]",-0.804163647,8,14,220
"8_14_est_GP_param.csv","mu[5]",-0.637243985,8,14,220
"8_15_est_GP_param.csv","alpha",3.177131344,8,15,220
"8_15_est_GP_param.csv","rho",1.324767627,8,15,220
"8_15_est_GP_param.csv","sigma",2.93230525,8,15,220
"8_15_est_GP_param.csv","mu[1]",0.436317882,8,15,220
"8_15_est_GP_param.csv","mu[2]",2.730821871,8,15,220
"8_15_est_GP_param.csv","mu[3]",4.02806979,8,15,220
"8_15_est_GP_param.csv","mu[4]",-2.257603802,8,15,220
"8_15_est_GP_param.csv","mu[5]",-0.62720022,8,15,220
"8_16_est_GP_param.csv","alpha",3.010750454,8,16,220
"8_16_est_GP_param.csv","rho",1.517993658,8,16,220
"8_16_est_GP_param.csv","sigma",3.078593442,8,16,220
"8_16_est_GP_param.csv","mu[1]",-1.990603945,8,16,220
"8_16_est_GP_param.csv","mu[2]",-1.420289956,8,16,220
"8_16_est_GP_param.csv","mu[3]",-0.132519331,8,16,220
"8_16_est_GP_param.csv","mu[4]",-3.168661338,8,16,220
"8_16_est_GP_param.csv","mu[5]",-0.234399739,8,16,220
"8_17_est_GP_param.csv","alpha",2.806222409,8,17,220
"8_17_est_GP_param.csv","rho",1.244596954,8,17,220
"8_17_est_GP_param.csv","sigma",2.926163513,8,17,220
"8_17_est_GP_param.csv","mu[1]",1.492956408,8,17,220
"8_17_est_GP_param.csv","mu[2]",-1.661352305,8,17,220
"8_17_est_GP_param.csv","mu[3]",-1.699977158,8,17,220
"8_17_est_GP_param.csv","mu[4]",3.240832469,8,17,220
"8_17_est_GP_param.csv","mu[5]",-0.974168954,8,17,220
"8_18_est_GP_param.csv","alpha",2.798300934,8,18,220
"8_18_est_GP_param.csv","rho",1.115273286,8,18,220
"8_18_est_GP_param.csv","sigma",3.040009975,8,18,220
"8_18_est_GP_param.csv","mu[1]",-2.507231158,8,18,220
"8_18_est_GP_param.csv","mu[2]",2.889035816,8,18,220
"8_18_est_GP_param.csv","mu[3]",2.507274983,8,18,220
"8_18_est_GP_param.csv","mu[4]",-3.223236085,8,18,220
"8_18_est_GP_param.csv","mu[5]",0.636006556,8,18,220
"8_19_est_GP_param.csv","alpha",3.288422827,8,19,220
"8_19_est_GP_param.csv","rho",0.481271779,8,19,220
"8_19_est_GP_param.csv","sigma",2.711592078,8,19,220
"8_19_est_GP_param.csv","mu[1]",0.615387394,8,19,220
"8_19_est_GP_param.csv","mu[2]",3.983757117,8,19,220
"8_19_est_GP_param.csv","mu[3]",-0.236786339,8,19,220
"8_19_est_GP_param.csv","mu[4]",-0.334618866,8,19,220
"8_19_est_GP_param.csv","mu[5]",0.063565372,8,19,220
"8_2_est_GP_param.csv","alpha",2.167366976,8,2,220
"8_2_est_GP_param.csv","rho",-1.230647467,8,2,220
"8_2_est_GP_param.csv","sigma",2.361849678,8,2,220
"8_2_est_GP_param.csv","mu[1]",0.451224844,8,2,220
"8_2_est_GP_param.csv","mu[2]",2.04063416,8,2,220
"8_2_est_GP_param.csv","mu[3]",5.841357074,8,2,220
"8_2_est_GP_param.csv","mu[4]",1.205778312,8,2,220
"8_2_est_GP_param.csv","mu[5]",-4.028559562,8,2,220
"8_20_est_GP_param.csv","alpha",3.320093601,8,20,220
"8_20_est_GP_param.csv","rho",1.08770487,8,20,220
"8_20_est_GP_param.csv","sigma",2.901313902,8,20,220
"8_20_est_GP_param.csv","mu[1]",4.261015029,8,20,220
"8_20_est_GP_param.csv","mu[2]",-1.787155583,8,20,220
"8_20_est_GP_param.csv","mu[3]",2.903566056,8,20,220
"8_20_est_GP_param.csv","mu[4]",2.480674755,8,20,220
"8_20_est_GP_param.csv","mu[5]",-0.353320421,8,20,220
"8_3_est_GP_param.csv","alpha",2.253171637,8,3,220
"8_3_est_GP_param.csv","rho",-1.357633221,8,3,220
"8_3_est_GP_param.csv","sigma",2.059510232,8,3,220
"8_3_est_GP_param.csv","mu[1]",1.113504051,8,3,220
"8_3_est_GP_param.csv","mu[2]",-0.651692261,8,3,220
"8_3_est_GP_param.csv","mu[3]",-0.566371361,8,3,220
"8_3_est_GP_param.csv","mu[4]",0.789920936,8,3,220
"8_3_est_GP_param.csv","mu[5]",1.747575135,8,3,220
"8_4_est_GP_param.csv","alpha",3.788199921,8,4,220
"8_4_est_GP_param.csv","rho",1.651051427,8,4,220
"8_4_est_GP_param.csv","sigma",2.877037776,8,4,220
"8_4_est_GP_param.csv","mu[1]",-3.096911759,8,4,220
"8_4_est_GP_param.csv","mu[2]",3.738578935,8,4,220
"8_4_est_GP_param.csv","mu[3]",-0.60572932,8,4,220
"8_4_est_GP_param.csv","mu[4]",1.709295254,8,4,220
"8_4_est_GP_param.csv","mu[5]",7.90456627,8,4,220
"8_5_est_GP_param.csv","alpha",2.442853959,8,5,220
"8_5_est_GP_param.csv","rho",0.418380278,8,5,220
"8_5_est_GP_param.csv","sigma",3.121035037,8,5,220
"8_5_est_GP_param.csv","mu[1]",-1.246407604,8,5,220
"8_5_est_GP_param.csv","mu[2]",1.328574257,8,5,220
"8_5_est_GP_param.csv","mu[3]",-1.936230247,8,5,220
"8_5_est_GP_param.csv","mu[4]",-2.187587769,8,5,220
"8_5_est_GP_param.csv","mu[5]",-2.897847885,8,5,220
"8_6_est_GP_param.csv","alpha",2.254261237,8,6,220
"8_6_est_GP_param.csv","rho",0.800848251,8,6,220
"8_6_est_GP_param.csv","sigma",2.803916951,8,6,220
"8_6_est_GP_param.csv","mu[1]",-2.003456082,8,6,220
"8_6_est_GP_param.csv","mu[2]",1.355194211,8,6,220
"8_6_est_GP_param.csv","mu[3]",1.449471885,8,6,220
"8_6_est_GP_param.csv","mu[4]",-0.622004789,8,6,220
"8_6_est_GP_param.csv","mu[5]",-0.003496963,8,6,220
"8_7_est_GP_param.csv","alpha",3.831747606,8,7,220
"8_7_est_GP_param.csv","rho",1.6593808,8,7,220
"8_7_est_GP_param.csv","sigma",3.244692689,8,7,220
"8_7_est_GP_param.csv","mu[1]",3.144330179,8,7,220
"8_7_est_GP_param.csv","mu[2]",-3.545325928,8,7,220
"8_7_est_GP_param.csv","mu[3]",-1.491498896,8,7,220
"8_7_est_GP_param.csv","mu[4]",-2.141023813,8,7,220
"8_7_est_GP_param.csv","mu[5]",0.287588948,8,7,220
"8_8_est_GP_param.csv","alpha",2.673883665,8,8,220
"8_8_est_GP_param.csv","rho",0.728286493,8,8,220
"8_8_est_GP_param.csv","sigma",3.027660318,8,8,220
"8_8_est_GP_param.csv","mu[1]",-2.403552217,8,8,220
"8_8_est_GP_param.csv","mu[2]",1.39579103,8,8,220
"8_8_est_GP_param.csv","mu[3]",4.537767146,8,8,220
"8_8_est_GP_param.csv","mu[4]",0.443465776,8,8,220
"8_8_est_GP_param.csv","mu[5]",1.046804443,8,8,220
"8_9_est_GP_param.csv","alpha",3.078637859,8,9,220
"8_9_est_GP_param.csv","rho",1.095748746,8,9,220
"8_9_est_GP_param.csv","sigma",3.000620577,8,9,220
"8_9_est_GP_param.csv","mu[1]",-1.69206072,8,9,220
"8_9_est_GP_param.csv","mu[2]",4.872260177,8,9,220
"8_9_est_GP_param.csv","mu[3]",-3.117788055,8,9,220
"8_9_est_GP_param.csv","mu[4]",-0.547953981,8,9,220
"8_9_est_GP_param.csv","mu[5]",0.901560595,8,9,220
"9_10_est_GP_param.csv","alpha",3.405938822,9,10,220
"9_10_est_GP_param.csv","rho",1.781178276,9,10,220
"9_10_est_GP_param.csv","sigma",3.06431874,9,10,220
"9_10_est_GP_param.csv","mu[1]",0.387502197,9,10,220
"9_10_est_GP_param.csv","mu[2]",-1.464388686,9,10,220
"9_10_est_GP_param.csv","mu[3]",-1.709240314,9,10,220
"9_10_est_GP_param.csv","mu[4]",0.019968752,9,10,220
"9_10_est_GP_param.csv","mu[5]",-0.953421752,9,10,220
"9_11_est_GP_param.csv","alpha",4.399245862,9,11,220
"9_11_est_GP_param.csv","rho",1.579843295,9,11,220
"9_11_est_GP_param.csv","sigma",3.03868518,9,11,220
"9_11_est_GP_param.csv","mu[1]",0.945357942,9,11,220
"9_11_est_GP_param.csv","mu[2]",0.221677988,9,11,220
"9_11_est_GP_param.csv","mu[3]",1.177871395,9,11,220
"9_11_est_GP_param.csv","mu[4]",-3.55525582,9,11,220
"9_11_est_GP_param.csv","mu[5]",0.724000385,9,11,220
"9_12_est_GP_param.csv","alpha",2.414376277,9,12,220
"9_12_est_GP_param.csv","rho",0.636019578,9,12,220
"9_12_est_GP_param.csv","sigma",2.859358632,9,12,220
"9_12_est_GP_param.csv","mu[1]",3.512088662,9,12,220
"9_12_est_GP_param.csv","mu[2]",3.508134741,9,12,220
"9_12_est_GP_param.csv","mu[3]",0.758800425,9,12,220
"9_12_est_GP_param.csv","mu[4]",1.803447958,9,12,220
"9_12_est_GP_param.csv","mu[5]",-1.312639693,9,12,220
"9_13_est_GP_param.csv","alpha",2.74623607,9,13,220
"9_13_est_GP_param.csv","rho",1.49096845,9,13,220
"9_13_est_GP_param.csv","sigma",3.066576626,9,13,220
"9_13_est_GP_param.csv","mu[1]",5.654024418,9,13,220
"9_13_est_GP_param.csv","mu[2]",1.494195005,9,13,220
"9_13_est_GP_param.csv","mu[3]",1.335099189,9,13,220
"9_13_est_GP_param.csv","mu[4]",0.172725069,9,13,220
"9_13_est_GP_param.csv","mu[5]",0.981544783,9,13,220
"9_14_est_GP_param.csv","alpha",3.451931146,9,14,220
"9_14_est_GP_param.csv","rho",1.488515033,9,14,220
"9_14_est_GP_param.csv","sigma",2.878443964,9,14,220
"9_14_est_GP_param.csv","mu[1]",0.090006629,9,14,220
"9_14_est_GP_param.csv","mu[2]",0.310344333,9,14,220
"9_14_est_GP_param.csv","mu[3]",4.003395468,9,14,220
"9_14_est_GP_param.csv","mu[4]",1.40645933,9,14,220
"9_14_est_GP_param.csv","mu[5]",5.553168426,9,14,220
"9_15_est_GP_param.csv","alpha",3.732049436,9,15,220
"9_15_est_GP_param.csv","rho",1.630423088,9,15,220
"9_15_est_GP_param.csv","sigma",2.79603257,9,15,220
"9_15_est_GP_param.csv","mu[1]",0.797623027,9,15,220
"9_15_est_GP_param.csv","mu[2]",-1.823056943,9,15,220
"9_15_est_GP_param.csv","mu[3]",-2.861138486,9,15,220
"9_15_est_GP_param.csv","mu[4]",-2.482917193,9,15,220
"9_15_est_GP_param.csv","mu[5]",-1.520283462,9,15,220
"9_16_est_GP_param.csv","alpha",2.925399442,9,16,220
"9_16_est_GP_param.csv","rho",1.776834427,9,16,220
"9_16_est_GP_param.csv","sigma",2.726910844,9,16,220
"9_16_est_GP_param.csv","mu[1]",-0.636146222,9,16,220
"9_16_est_GP_param.csv","mu[2]",-1.149224486,9,16,220
"9_16_est_GP_param.csv","mu[3]",4.249613313,9,16,220
"9_16_est_GP_param.csv","mu[4]",5.35161441,9,16,220
"9_16_est_GP_param.csv","mu[5]",-0.164778155,9,16,220
"9_17_est_GP_param.csv","alpha",3.425346397,9,17,220
"9_17_est_GP_param.csv","rho",1.929118457,9,17,220
"9_17_est_GP_param.csv","sigma",2.829173231,9,17,220
"9_17_est_GP_param.csv","mu[1]",-0.956595766,9,17,220
"9_17_est_GP_param.csv","mu[2]",3.76979242,9,17,220
"9_17_est_GP_param.csv","mu[3]",6.213910727,9,17,220
"9_17_est_GP_param.csv","mu[4]",-0.171110664,9,17,220
"9_17_est_GP_param.csv","mu[5]",2.216799523,9,17,220
"9_18_est_GP_param.csv","alpha",3.200501163,9,18,220
"9_18_est_GP_param.csv","rho",1.57529578,9,18,220
"9_18_est_GP_param.csv","sigma",2.883048221,9,18,220
"9_18_est_GP_param.csv","mu[1]",-0.039271538,9,18,220
"9_18_est_GP_param.csv","mu[2]",2.10609494,9,18,220
"9_18_est_GP_param.csv","mu[3]",1.49707051,9,18,220
"9_18_est_GP_param.csv","mu[4]",-1.722965995,9,18,220
"9_18_est_GP_param.csv","mu[5]",-0.604814794,9,18,220
"9_19_est_GP_param.csv","alpha",3.097210845,9,19,220
"9_19_est_GP_param.csv","rho",1.396791932,9,19,220
"9_19_est_GP_param.csv","sigma",2.927179129,9,19,220
"9_19_est_GP_param.csv","mu[1]",-0.118424009,9,19,220
"9_19_est_GP_param.csv","mu[2]",1.997510841,9,19,220
"9_19_est_GP_param.csv","mu[3]",3.022857094,9,19,220
"9_19_est_GP_param.csv","mu[4]",-0.399302569,9,19,220
"9_19_est_GP_param.csv","mu[5]",0.895129129,9,19,220
"9_2_est_GP_param.csv","alpha",2.756101625,9,2,220
"9_2_est_GP_param.csv","rho",1.521211436,9,2,220
"9_2_est_GP_param.csv","sigma",2.759938715,9,2,220
"9_2_est_GP_param.csv","mu[1]",-1.58263003,9,2,220
"9_2_est_GP_param.csv","mu[2]",-2.43838335,9,2,220
"9_2_est_GP_param.csv","mu[3]",4.095638881,9,2,220
"9_2_est_GP_param.csv","mu[4]",-0.032769273,9,2,220
"9_2_est_GP_param.csv","mu[5]",-2.104289698,9,2,220
"9_20_est_GP_param.csv","alpha",2.986547978,9,20,220
"9_20_est_GP_param.csv","rho",1.505430081,9,20,220
"9_20_est_GP_param.csv","sigma",2.925772095,9,20,220
"9_20_est_GP_param.csv","mu[1]",3.24019322,9,20,220
"9_20_est_GP_param.csv","mu[2]",-2.858475177,9,20,220
"9_20_est_GP_param.csv","mu[3]",-1.245688651,9,20,220
"9_20_est_GP_param.csv","mu[4]",-0.345942087,9,20,220
"9_20_est_GP_param.csv","mu[5]",-1.70139024,9,20,220
"9_3_est_GP_param.csv","alpha",3.214777805,9,3,220
"9_3_est_GP_param.csv","rho",2.059059864,9,3,220
"9_3_est_GP_param.csv","sigma",2.918798392,9,3,220
"9_3_est_GP_param.csv","mu[1]",1.136600726,9,3,220
"9_3_est_GP_param.csv","mu[2]",-0.266237869,9,3,220
"9_3_est_GP_param.csv","mu[3]",0.41506195,9,3,220
"9_3_est_GP_param.csv","mu[4]",0.984282863,9,3,220
"9_3_est_GP_param.csv","mu[5]",2.847371315,9,3,220
"9_4_est_GP_param.csv","alpha",3.00108664,9,4,220
"9_4_est_GP_param.csv","rho",-2.425823623,9,4,220
"9_4_est_GP_param.csv","sigma",0.945659056,9,4,220
"9_4_est_GP_param.csv","mu[1]",4.879883404,9,4,220
"9_4_est_GP_param.csv","mu[2]",3.605862127,9,4,220
"9_4_est_GP_param.csv","mu[3]",-3.088293322,9,4,220
"9_4_est_GP_param.csv","mu[4]",-3.48475968,9,4,220
"9_4_est_GP_param.csv","mu[5]",-1.619984411,9,4,220
"9_5_est_GP_param.csv","alpha",2.486035562,9,5,220
"9_5_est_GP_param.csv","rho",-2.314393296,9,5,220
"9_5_est_GP_param.csv","sigma",1.892238692,9,5,220
"9_5_est_GP_param.csv","mu[1]",-4.473205653,9,5,220
"9_5_est_GP_param.csv","mu[2]",1.868267341,9,5,220
"9_5_est_GP_param.csv","mu[3]",2.426176294,9,5,220
"9_5_est_GP_param.csv","mu[4]",-1.316782565,9,5,220
"9_5_est_GP_param.csv","mu[5]",0.200223427,9,5,220
"9_6_est_GP_param.csv","alpha",3.179801447,9,6,220
"9_6_est_GP_param.csv","rho",1.84668884,9,6,220
"9_6_est_GP_param.csv","sigma",2.727934061,9,6,220
"9_6_est_GP_param.csv","mu[1]",-1.417563693,9,6,220
"9_6_est_GP_param.csv","mu[2]",-0.484204336,9,6,220
"9_6_est_GP_param.csv","mu[3]",2.81868381,9,6,220
"9_6_est_GP_param.csv","mu[4]",-0.415417725,9,6,220
"9_6_est_GP_param.csv","mu[5]",-2.373177414,9,6,220
"9_7_est_GP_param.csv","alpha",2.444087784,9,7,220
"9_7_est_GP_param.csv","rho",1.053798918,9,7,220
"9_7_est_GP_param.csv","sigma",3.009506697,9,7,220
"9_7_est_GP_param.csv","mu[1]",4.276173984,9,7,220
"9_7_est_GP_param.csv","mu[2]",-1.069319544,9,7,220
"9_7_est_GP_param.csv","mu[3]",3.76237889,9,7,220
"9_7_est_GP_param.csv","mu[4]",-0.622586687,9,7,220
"9_7_est_GP_param.csv","mu[5]",2.181914909,9,7,220
"9_8_est_GP_param.csv","alpha",2.398032823,9,8,220
"9_8_est_GP_param.csv","rho",0.648136815,9,8,220
"9_8_est_GP_param.csv","sigma",3.075704212,9,8,220
"9_8_est_GP_param.csv","mu[1]",0.739533734,9,8,220
"9_8_est_GP_param.csv","mu[2]",1.827313132,9,8,220
"9_8_est_GP_param.csv","mu[3]",-0.583032811,9,8,220
"9_8_est_GP_param.csv","mu[4]",-2.590553008,9,8,220
"9_8_est_GP_param.csv","mu[5]",0.852292558,9,8,220
"9_9_est_GP_param.csv","alpha",3.099037238,9,9,220
"9_9_est_GP_param.csv","rho",-1.562931458,9,9,220
"9_9_est_GP_param.csv","sigma",1.55158696,9,9,220
"9_9_est_GP_param.csv","mu[1]",6.670743214,9,9,220
"9_9_est_GP_param.csv","mu[2]",-0.828531274,9,9,220
"9_9_est_GP_param.csv","mu[3]",3.453565214,9,9,220
"9_9_est_GP_param.csv","mu[4]",1.528563214,9,9,220
"9_9_est_GP_param.csv","mu[5]",-2.199482197,9,9,220
"10_10_est_GP_param.csv","alpha",3.232548145,10,10,150
"10_10_est_GP_param.csv","rho",1.885067044,10,10,150
"10_10_est_GP_param.csv","sigma",2.707341007,10,10,150
"10_10_est_GP_param.csv","mu[1]",-1.864523044,10,10,150
"10_10_est_GP_param.csv","mu[2]",0.627688345,10,10,150
"10_10_est_GP_param.csv","mu[3]",-2.01666253,10,10,150
"10_10_est_GP_param.csv","mu[4]",-0.644270147,10,10,150
"10_10_est_GP_param.csv","mu[5]",1.702601976,10,10,150
"10_11_est_GP_param.csv","alpha",3.013150369,10,11,150
"10_11_est_GP_param.csv","rho",-1.792525771,10,11,150
"10_11_est_GP_param.csv","sigma",1.352811707,10,11,150
"10_11_est_GP_param.csv","mu[1]",-2.080342382,10,11,150
"10_11_est_GP_param.csv","mu[2]",-4.133368796,10,11,150
"10_11_est_GP_param.csv","mu[3]",-4.383367771,10,11,150
"10_11_est_GP_param.csv","mu[4]",-0.82200413,10,11,150
"10_11_est_GP_param.csv","mu[5]",-3.265839502,10,11,150
"10_12_est_GP_param.csv","alpha",3.123377881,10,12,150
"10_12_est_GP_param.csv","rho",-2.539461882,10,12,150
"10_12_est_GP_param.csv","sigma",0.741438294,10,12,150
"10_12_est_GP_param.csv","mu[1]",1.351448118,10,12,150
"10_12_est_GP_param.csv","mu[2]",-4.152971798,10,12,150
"10_12_est_GP_param.csv","mu[3]",4.69954087,10,12,150
"10_12_est_GP_param.csv","mu[4]",-2.624760415,10,12,150
"10_12_est_GP_param.csv","mu[5]",-2.535312509,10,12,150
"10_13_est_GP_param.csv","alpha",3.789889186,10,13,150
"10_13_est_GP_param.csv","rho",1.771167164,10,13,150
"10_13_est_GP_param.csv","sigma",2.8471292,10,13,150
"10_13_est_GP_param.csv","mu[1]",-2.592140912,10,13,150
"10_13_est_GP_param.csv","mu[2]",1.90008369,10,13,150
"10_13_est_GP_param.csv","mu[3]",0.513145666,10,13,150
"10_13_est_GP_param.csv","mu[4]",3.266386469,10,13,150
"10_13_est_GP_param.csv","mu[5]",5.073120532,10,13,150
"10_14_est_GP_param.csv","alpha",3.19132661,10,14,150
"10_14_est_GP_param.csv","rho",-2.320063279,10,14,150
"10_14_est_GP_param.csv","sigma",0.624301575,10,14,150
"10_14_est_GP_param.csv","mu[1]",1.13780901,10,14,150
"10_14_est_GP_param.csv","mu[2]",-0.144487919,10,14,150
"10_14_est_GP_param.csv","mu[3]",3.546053889,10,14,150
"10_14_est_GP_param.csv","mu[4]",-0.129893253,10,14,150
"10_14_est_GP_param.csv","mu[5]",-0.270357904,10,14,150
"10_15_est_GP_param.csv","alpha",2.856628715,10,15,150
"10_15_est_GP_param.csv","rho",1.402680533,10,15,150
"10_15_est_GP_param.csv","sigma",2.780092554,10,15,150
"10_15_est_GP_param.csv","mu[1]",-0.695237935,10,15,150
"10_15_est_GP_param.csv","mu[2]",-1.073952602,10,15,150
"10_15_est_GP_param.csv","mu[3]",-2.702585119,10,15,150
"10_15_est_GP_param.csv","mu[4]",3.35881397,10,15,150
"10_15_est_GP_param.csv","mu[5]",-0.566294589,10,15,150
"10_16_est_GP_param.csv","alpha",3.061562741,10,16,150
"10_16_est_GP_param.csv","rho",-0.283316593,10,16,150
"10_16_est_GP_param.csv","sigma",1.936291692,10,16,150
"10_16_est_GP_param.csv","mu[1]",-2.617118817,10,16,150
"10_16_est_GP_param.csv","mu[2]",-1.004140042,10,16,150
"10_16_est_GP_param.csv","mu[3]",0.976250556,10,16,150
"10_16_est_GP_param.csv","mu[4]",-0.036033554,10,16,150
"10_16_est_GP_param.csv","mu[5]",-1.123502346,10,16,150
"10_17_est_GP_param.csv","alpha",3.219919209,10,17,150
"10_17_est_GP_param.csv","rho",1.492570877,10,17,150
"10_17_est_GP_param.csv","sigma",3.057316549,10,17,150
"10_17_est_GP_param.csv","mu[1]",0.93263328,10,17,150
"10_17_est_GP_param.csv","mu[2]",2.02989978,10,17,150
"10_17_est_GP_param.csv","mu[3]",-2.699699958,10,17,150
"10_17_est_GP_param.csv","mu[4]",0.487973037,10,17,150
"10_17_est_GP_param.csv","mu[5]",-3.264365536,10,17,150
"10_18_est_GP_param.csv","alpha",2.651400129,10,18,150
"10_18_est_GP_param.csv","rho",0.445159233,10,18,150
"10_18_est_GP_param.csv","sigma",2.675233865,10,18,150
"10_18_est_GP_param.csv","mu[1]",-0.853221224,10,18,150
"10_18_est_GP_param.csv","mu[2]",0.922347248,10,18,150
"10_18_est_GP_param.csv","mu[3]",-0.74157293,10,18,150
"10_18_est_GP_param.csv","mu[4]",-0.528000109,10,18,150
"10_18_est_GP_param.csv","mu[5]",-1.394273305,10,18,150
"10_19_est_GP_param.csv","alpha",3.018981788,10,19,150
"10_19_est_GP_param.csv","rho",1.024991504,10,19,150
"10_19_est_GP_param.csv","sigma",2.753078121,10,19,150
"10_19_est_GP_param.csv","mu[1]",-1.070666105,10,19,150
"10_19_est_GP_param.csv","mu[2]",0.077138414,10,19,150
"10_19_est_GP_param.csv","mu[3]",1.771889198,10,19,150
"10_19_est_GP_param.csv","mu[4]",2.272181538,10,19,150
"10_19_est_GP_param.csv","mu[5]",4.706768756,10,19,150
"10_2_est_GP_param.csv","alpha",3.411365418,10,2,150
"10_2_est_GP_param.csv","rho",1.400804539,10,2,150
"10_2_est_GP_param.csv","sigma",2.980024745,10,2,150
"10_2_est_GP_param.csv","mu[1]",-0.327894079,10,2,150
"10_2_est_GP_param.csv","mu[2]",4.368249146,10,2,150
"10_2_est_GP_param.csv","mu[3]",1.057758885,10,2,150
"10_2_est_GP_param.csv","mu[4]",1.013260563,10,2,150
"10_2_est_GP_param.csv","mu[5]",-1.66375015,10,2,150
"10_20_est_GP_param.csv","alpha",2.440653282,10,20,150
"10_20_est_GP_param.csv","rho",-0.054195097,10,20,150
"10_20_est_GP_param.csv","sigma",2.675917811,10,20,150
"10_20_est_GP_param.csv","mu[1]",-0.487532976,10,20,150
"10_20_est_GP_param.csv","mu[2]",3.050188531,10,20,150
"10_20_est_GP_param.csv","mu[3]",0.236767201,10,20,150
"10_20_est_GP_param.csv","mu[4]",3.114482552,10,20,150
"10_20_est_GP_param.csv","mu[5]",2.243981946,10,20,150
"10_3_est_GP_param.csv","alpha",3.972139515,10,3,150
"10_3_est_GP_param.csv","rho",2.075364023,10,3,150
"10_3_est_GP_param.csv","sigma",2.738637104,10,3,150
"10_3_est_GP_param.csv","mu[1]",-2.420179471,10,3,150
"10_3_est_GP_param.csv","mu[2]",3.203164328,10,3,150
"10_3_est_GP_param.csv","mu[3]",6.945063499,10,3,150
"10_3_est_GP_param.csv","mu[4]",-2.83247657,10,3,150
"10_3_est_GP_param.csv","mu[5]",0.560029919,10,3,150
"10_4_est_GP_param.csv","alpha",3.200591973,10,4,150
"10_4_est_GP_param.csv","rho",1.595254824,10,4,150
"10_4_est_GP_param.csv","sigma",2.620897327,10,4,150
"10_4_est_GP_param.csv","mu[1]",4.486671789,10,4,150
"10_4_est_GP_param.csv","mu[2]",0.615989959,10,4,150
"10_4_est_GP_param.csv","mu[3]",1.393978638,10,4,150
"10_4_est_GP_param.csv","mu[4]",-3.309284075,10,4,150
"10_4_est_GP_param.csv","mu[5]",-1.015992202,10,4,150
"10_5_est_GP_param.csv","alpha",2.56421629,10,5,150
"10_5_est_GP_param.csv","rho",-1.009500137,10,5,150
"10_5_est_GP_param.csv","sigma",2.328468471,10,5,150
"10_5_est_GP_param.csv","mu[1]",-3.687391837,10,5,150
"10_5_est_GP_param.csv","mu[2]",-2.64469296,10,5,150
"10_5_est_GP_param.csv","mu[3]",1.431317837,10,5,150
"10_5_est_GP_param.csv","mu[4]",1.843402893,10,5,150
"10_5_est_GP_param.csv","mu[5]",3.64604546,10,5,150
"10_6_est_GP_param.csv","alpha",3.499895802,10,6,150
"10_6_est_GP_param.csv","rho",0.556326912,10,6,150
"10_6_est_GP_param.csv","sigma",2.268738857,10,6,150
"10_6_est_GP_param.csv","mu[1]",-3.390081863,10,6,150
"10_6_est_GP_param.csv","mu[2]",0.455608505,10,6,150
"10_6_est_GP_param.csv","mu[3]",-1.61278525,10,6,150
"10_6_est_GP_param.csv","mu[4]",-2.858610502,10,6,150
"10_6_est_GP_param.csv","mu[5]",6.626413266,10,6,150
"10_7_est_GP_param.csv","alpha",3.166561542,10,7,150
"10_7_est_GP_param.csv","rho",0.926127768,10,7,150
"10_7_est_GP_param.csv","sigma",3.216135643,10,7,150
"10_7_est_GP_param.csv","mu[1]",5.347375005,10,7,150
"10_7_est_GP_param.csv","mu[2]",0.225107097,10,7,150
"10_7_est_GP_param.csv","mu[3]",-2.035931529,10,7,150
"10_7_est_GP_param.csv","mu[4]",-0.895593896,10,7,150
"10_7_est_GP_param.csv","mu[5]",-1.395482205,10,7,150
"10_8_est_GP_param.csv","alpha",2.842532173,10,8,150
"10_8_est_GP_param.csv","rho",0.576918393,10,8,150
"10_8_est_GP_param.csv","sigma",2.503821006,10,8,150
"10_8_est_GP_param.csv","mu[1]",0.086340938,10,8,150
"10_8_est_GP_param.csv","mu[2]",-0.020870545,10,8,150
"10_8_est_GP_param.csv","mu[3]",8.371243256,10,8,150
"10_8_est_GP_param.csv","mu[4]",2.580599515,10,8,150
"10_8_est_GP_param.csv","mu[5]",-0.23421384,10,8,150
"10_9_est_GP_param.csv","alpha",3.065906277,10,9,150
"10_9_est_GP_param.csv","rho",-0.023253814,10,9,150
"10_9_est_GP_param.csv","sigma",2.438197871,10,9,150
"10_9_est_GP_param.csv","mu[1]",-0.197368856,10,9,150
"10_9_est_GP_param.csv","mu[2]",-3.215557605,10,9,150
"10_9_est_GP_param.csv","mu[3]",-1.905558743,10,9,150
"10_9_est_GP_param.csv","mu[4]",-1.514111808,10,9,150
"10_9_est_GP_param.csv","mu[5]",-0.893490514,10,9,150
"11_10_est_GP_param.csv","alpha",3.066267825,11,10,150
"11_10_est_GP_param.csv","rho",-2.727845732,11,10,150
"11_10_est_GP_param.csv","sigma",0.795713774,11,10,150
"11_10_est_GP_param.csv","mu[1]",0.178737142,11,10,150
"11_10_est_GP_param.csv","mu[2]",-3.214812512,11,10,150
"11_10_est_GP_param.csv","mu[3]",-4.087412927,11,10,150
"11_10_est_GP_param.csv","mu[4]",5.435416767,11,10,150
"11_10_est_GP_param.csv","mu[5]",6.353700756,11,10,150
"11_11_est_GP_param.csv","alpha",2.119174706,11,11,150
"11_11_est_GP_param.csv","rho",-1.532401743,11,11,150
"11_11_est_GP_param.csv","sigma",1.632636209,11,11,150
"11_11_est_GP_param.csv","mu[1]",2.128973836,11,11,150
"11_11_est_GP_param.csv","mu[2]",2.195648189,11,11,150
"11_11_est_GP_param.csv","mu[3]",1.099268961,11,11,150
"11_11_est_GP_param.csv","mu[4]",2.116368506,11,11,150
"11_11_est_GP_param.csv","mu[5]",-1.079164276,11,11,150
"11_12_est_GP_param.csv","alpha",2.943614626,11,12,150
"11_12_est_GP_param.csv","rho",1.618051818,11,12,150
"11_12_est_GP_param.csv","sigma",2.856843063,11,12,150
"11_12_est_GP_param.csv","mu[1]",-0.549059428,11,12,150
"11_12_est_GP_param.csv","mu[2]",0.588878125,11,12,150
"11_12_est_GP_param.csv","mu[3]",-1.756757363,11,12,150
"11_12_est_GP_param.csv","mu[4]",-0.659634067,11,12,150
"11_12_est_GP_param.csv","mu[5]",2.660391753,11,12,150
"11_13_est_GP_param.csv","alpha",3.002552068,11,13,150
"11_13_est_GP_param.csv","rho",1.109210888,11,13,150
"11_13_est_GP_param.csv","sigma",2.44593803,11,13,150
"11_13_est_GP_param.csv","mu[1]",2.206257469,11,13,150
"11_13_est_GP_param.csv","mu[2]",-2.606410197,11,13,150
"11_13_est_GP_param.csv","mu[3]",-0.21296808,11,13,150
"11_13_est_GP_param.csv","mu[4]",3.048679544,11,13,150
"11_13_est_GP_param.csv","mu[5]",-3.804536684,11,13,150
"11_14_est_GP_param.csv","alpha",3.407869053,11,14,150
"11_14_est_GP_param.csv","rho",1.785872314,11,14,150
"11_14_est_GP_param.csv","sigma",2.622879271,11,14,150
"11_14_est_GP_param.csv","mu[1]",-0.344838358,11,14,150
"11_14_est_GP_param.csv","mu[2]",-1.957435437,11,14,150
"11_14_est_GP_param.csv","mu[3]",-0.434035703,11,14,150
"11_14_est_GP_param.csv","mu[4]",-3.468340011,11,14,150
"11_14_est_GP_param.csv","mu[5]",1.140701482,11,14,150
"11_15_est_GP_param.csv","alpha",2.842424182,11,15,150
"11_15_est_GP_param.csv","rho",-0.992488439,11,15,150
"11_15_est_GP_param.csv","sigma",1.855825831,11,15,150
"11_15_est_GP_param.csv","mu[1]",0.895358724,11,15,150
"11_15_est_GP_param.csv","mu[2]",-1.29931907,11,15,150
"11_15_est_GP_param.csv","mu[3]",-2.139765346,11,15,150
"11_15_est_GP_param.csv","mu[4]",7.69038287,11,15,150
"11_15_est_GP_param.csv","mu[5]",-2.291491321,11,15,150
"11_16_est_GP_param.csv","alpha",3.627261078,11,16,150
"11_16_est_GP_param.csv","rho",2.127085342,11,16,150
"11_16_est_GP_param.csv","sigma",2.811504576,11,16,150
"11_16_est_GP_param.csv","mu[1]",0.418919542,11,16,150
"11_16_est_GP_param.csv","mu[2]",1.170794326,11,16,150
"11_16_est_GP_param.csv","mu[3]",-0.822626063,11,16,150
"11_16_est_GP_param.csv","mu[4]",-3.077732559,11,16,150
"11_16_est_GP_param.csv","mu[5]",0.824153749,11,16,150
"11_17_est_GP_param.csv","alpha",2.74863515,11,17,150
"11_17_est_GP_param.csv","rho",0.766144011,11,17,150
"11_17_est_GP_param.csv","sigma",2.349965984,11,17,150
"11_17_est_GP_param.csv","mu[1]",-0.489227435,11,17,150
"11_17_est_GP_param.csv","mu[2]",-0.345996627,11,17,150
"11_17_est_GP_param.csv","mu[3]",-3.805698005,11,17,150
"11_17_est_GP_param.csv","mu[4]",4.18525934,11,17,150
"11_17_est_GP_param.csv","mu[5]",-1.844081214,11,17,150
"11_18_est_GP_param.csv","alpha",1.978846128,11,18,150
"11_18_est_GP_param.csv","rho",0.21767119,11,18,150
"11_18_est_GP_param.csv","sigma",2.479402459,11,18,150
"11_18_est_GP_param.csv","mu[1]",2.126885362,11,18,150
"11_18_est_GP_param.csv","mu[2]",0.167812624,11,18,150
"11_18_est_GP_param.csv","mu[3]",0.549627551,11,18,150
"11_18_est_GP_param.csv","mu[4]",-0.062981242,11,18,150
"11_18_est_GP_param.csv","mu[5]",2.183921211,11,18,150
"11_19_est_GP_param.csv","alpha",3.438051492,11,19,150
"11_19_est_GP_param.csv","rho",2.304457314,11,19,150
"11_19_est_GP_param.csv","sigma",3.087893682,11,19,150
"11_19_est_GP_param.csv","mu[1]",-2.122109914,11,19,150
"11_19_est_GP_param.csv","mu[2]",-2.545277937,11,19,150
"11_19_est_GP_param.csv","mu[3]",1.200530503,11,19,150
"11_19_est_GP_param.csv","mu[4]",-1.903395653,11,19,150
"11_19_est_GP_param.csv","mu[5]",5.070226152,11,19,150
"11_2_est_GP_param.csv","alpha",3.276976567,11,2,150
"11_2_est_GP_param.csv","rho",2.058904924,11,2,150
"11_2_est_GP_param.csv","sigma",2.915610335,11,2,150
"11_2_est_GP_param.csv","mu[1]",3.40171892,11,2,150
"11_2_est_GP_param.csv","mu[2]",2.122804385,11,2,150
"11_2_est_GP_param.csv","mu[3]",1.662696304,11,2,150
"11_2_est_GP_param.csv","mu[4]",-1.866888077,11,2,150
"11_2_est_GP_param.csv","mu[5]",-2.958046683,11,2,150
"11_20_est_GP_param.csv","alpha",3.105825461,11,20,150
"11_20_est_GP_param.csv","rho",2.006593513,11,20,150
"11_20_est_GP_param.csv","sigma",2.647416757,11,20,150
"11_20_est_GP_param.csv","mu[1]",-2.896887365,11,20,150
"11_20_est_GP_param.csv","mu[2]",-2.262931356,11,20,150
"11_20_est_GP_param.csv","mu[3]",-1.889095498,11,20,150
"11_20_est_GP_param.csv","mu[4]",-1.084755365,11,20,150
"11_20_est_GP_param.csv","mu[5]",-0.373393862,11,20,150
"11_3_est_GP_param.csv","alpha",2.418711922,11,3,150
"11_3_est_GP_param.csv","rho",-1.855462807,11,3,150
"11_3_est_GP_param.csv","sigma",1.693134198,11,3,150
"11_3_est_GP_param.csv","mu[1]",1.294025568,11,3,150
"11_3_est_GP_param.csv","mu[2]",2.185233525,11,3,150
"11_3_est_GP_param.csv","mu[3]",-4.443074247,11,3,150
"11_3_est_GP_param.csv","mu[4]",0.575019464,11,3,150
"11_3_est_GP_param.csv","mu[5]",-4.315592185,11,3,150
"11_4_est_GP_param.csv","alpha",3.082385641,11,4,150
"11_4_est_GP_param.csv","rho",-1.022746921,11,4,150
"11_4_est_GP_param.csv","sigma",1.462889251,11,4,150
"11_4_est_GP_param.csv","mu[1]",0.081054477,11,4,150
"11_4_est_GP_param.csv","mu[2]",-4.407610995,11,4,150
"11_4_est_GP_param.csv","mu[3]",-1.505188801,11,4,150
"11_4_est_GP_param.csv","mu[4]",3.178116145,11,4,150
"11_4_est_GP_param.csv","mu[5]",1.22467944,11,4,150
"11_5_est_GP_param.csv","alpha",2.069373697,11,5,150
"11_5_est_GP_param.csv","rho",0.016109068,11,5,150
"11_5_est_GP_param.csv","sigma",2.596092455,11,5,150
"11_5_est_GP_param.csv","mu[1]",0.228906623,11,5,150
"11_5_est_GP_param.csv","mu[2]",2.841563063,11,5,150
"11_5_est_GP_param.csv","mu[3]",1.846521298,11,5,150
"11_5_est_GP_param.csv","mu[4]",-0.737501634,11,5,150
"11_5_est_GP_param.csv","mu[5]",-0.258015653,11,5,150
"11_6_est_GP_param.csv","alpha",3.900503507,11,6,150
"11_6_est_GP_param.csv","rho",2.667322874,11,6,150
"11_6_est_GP_param.csv","sigma",3.061344387,11,6,150
"11_6_est_GP_param.csv","mu[1]",3.184919037,11,6,150
"11_6_est_GP_param.csv","mu[2]",2.382736475,11,6,150
"11_6_est_GP_param.csv","mu[3]",-3.347296542,11,6,150
"11_6_est_GP_param.csv","mu[4]",1.093502746,11,6,150
"11_6_est_GP_param.csv","mu[5]",0.748691924,11,6,150
"11_7_est_GP_param.csv","alpha",2.691150466,11,7,150
"11_7_est_GP_param.csv","rho",1.115765258,11,7,150
"11_7_est_GP_param.csv","sigma",2.634050887,11,7,150
"11_7_est_GP_param.csv","mu[1]",-1.13456014,11,7,150
"11_7_est_GP_param.csv","mu[2]",-1.462242034,11,7,150
"11_7_est_GP_param.csv","mu[3]",-2.976993688,11,7,150
"11_7_est_GP_param.csv","mu[4]",6.281920641,11,7,150
"11_7_est_GP_param.csv","mu[5]",3.001447089,11,7,150
"11_8_est_GP_param.csv","alpha",2.982942864,11,8,150
"11_8_est_GP_param.csv","rho",-2.432599715,11,8,150
"11_8_est_GP_param.csv","sigma",0.904631764,11,8,150
"11_8_est_GP_param.csv","mu[1]",3.255287653,11,8,150
"11_8_est_GP_param.csv","mu[2]",-1.286918701,11,8,150
"11_8_est_GP_param.csv","mu[3]",-3.226911418,11,8,150
"11_8_est_GP_param.csv","mu[4]",-2.801632278,11,8,150
"11_8_est_GP_param.csv","mu[5]",-0.823711067,11,8,150
"11_9_est_GP_param.csv","alpha",2.37949574,11,9,150
"11_9_est_GP_param.csv","rho",-0.871612339,11,9,150
"11_9_est_GP_param.csv","sigma",2.241760789,11,9,150
"11_9_est_GP_param.csv","mu[1]",-2.736334832,11,9,150
"11_9_est_GP_param.csv","mu[2]",-0.089698313,11,9,150
"11_9_est_GP_param.csv","mu[3]",-0.042762083,11,9,150
"11_9_est_GP_param.csv","mu[4]",-2.880329552,11,9,150
"11_9_est_GP_param.csv","mu[5]",-3.415296972,11,9,150
"12_10_est_GP_param.csv","alpha",3.045481451,12,10,150
"12_10_est_GP_param.csv","rho",-2.518574221,12,10,150
"12_10_est_GP_param.csv","sigma",0.91436917,12,10,150
"12_10_est_GP_param.csv","mu[1]",3.754214926,12,10,150
"12_10_est_GP_param.csv","mu[2]",-4.483139566,12,10,150
"12_10_est_GP_param.csv","mu[3]",-0.281585152,12,10,150
"12_10_est_GP_param.csv","mu[4]",-3.04393609,12,10,150
"12_10_est_GP_param.csv","mu[5]",1.110646833,12,10,150
"12_11_est_GP_param.csv","alpha",2.836119433,12,11,150
"12_11_est_GP_param.csv","rho",1.821630057,12,11,150
"12_11_est_GP_param.csv","sigma",2.745858478,12,11,150
"12_11_est_GP_param.csv","mu[1]",-0.378142906,12,11,150
"12_11_est_GP_param.csv","mu[2]",0.161894479,12,11,150
"12_11_est_GP_param.csv","mu[3]",1.546571515,12,11,150
"12_11_est_GP_param.csv","mu[4]",3.365597985,12,11,150
"12_11_est_GP_param.csv","mu[5]",1.981551494,12,11,150
"12_12_est_GP_param.csv","alpha",2.458181094,12,12,150
"12_12_est_GP_param.csv","rho",-1.201196763,12,12,150
"12_12_est_GP_param.csv","sigma",1.981267979,12,12,150
"12_12_est_GP_param.csv","mu[1]",2.120299594,12,12,150
"12_12_est_GP_param.csv","mu[2]",-0.251527838,12,12,150
"12_12_est_GP_param.csv","mu[3]",-4.301637977,12,12,150
"12_12_est_GP_param.csv","mu[4]",-4.047798914,12,12,150
"12_12_est_GP_param.csv","mu[5]",-0.655628703,12,12,150
"12_13_est_GP_param.csv","alpha",3.030664717,12,13,150
"12_13_est_GP_param.csv","rho",-2.142105155,12,13,150
"12_13_est_GP_param.csv","sigma",1.37724808,12,13,150
"12_13_est_GP_param.csv","mu[1]",-0.659814585,12,13,150
"12_13_est_GP_param.csv","mu[2]",2.649875505,12,13,150
"12_13_est_GP_param.csv","mu[3]",-2.721008497,12,13,150
"12_13_est_GP_param.csv","mu[4]",-4.348444381,12,13,150
"12_13_est_GP_param.csv","mu[5]",2.243489285,12,13,150
"12_14_est_GP_param.csv","alpha",2.723258646,12,14,150
"12_14_est_GP_param.csv","rho",-1.454004847,12,14,150
"12_14_est_GP_param.csv","sigma",1.92404344,12,14,150
"12_14_est_GP_param.csv","mu[1]",8.575536354,12,14,150
"12_14_est_GP_param.csv","mu[2]",-1.007634787,12,14,150
"12_14_est_GP_param.csv","mu[3]",-2.569378809,12,14,150
"12_14_est_GP_param.csv","mu[4]",2.550879988,12,14,150
"12_14_est_GP_param.csv","mu[5]",-4.402558746,12,14,150
"12_15_est_GP_param.csv","alpha",2.545283317,12,15,150
"12_15_est_GP_param.csv","rho",0.56715414,12,15,150
"12_15_est_GP_param.csv","sigma",2.534808017,12,15,150
"12_15_est_GP_param.csv","mu[1]",1.239880221,12,15,150
"12_15_est_GP_param.csv","mu[2]",4.276376583,12,15,150
"12_15_est_GP_param.csv","mu[3]",-4.065235735,12,15,150
"12_15_est_GP_param.csv","mu[4]",1.385479494,12,15,150
"12_15_est_GP_param.csv","mu[5]",-3.358143267,12,15,150
"12_16_est_GP_param.csv","alpha",3.737999616,12,16,150
"12_16_est_GP_param.csv","rho",2.43406702,12,16,150
"12_16_est_GP_param.csv","sigma",3.27220655,12,16,150
"12_16_est_GP_param.csv","mu[1]",-2.724078862,12,16,150
"12_16_est_GP_param.csv","mu[2]",4.881184214,12,16,150
"12_16_est_GP_param.csv","mu[3]",0.626880213,12,16,150
"12_16_est_GP_param.csv","mu[4]",5.453922602,12,16,150
"12_16_est_GP_param.csv","mu[5]",0.308227015,12,16,150
"12_17_est_GP_param.csv","alpha",2.603415907,12,17,150
"12_17_est_GP_param.csv","rho",-0.918948492,12,17,150
"12_17_est_GP_param.csv","sigma",2.16651312,12,17,150
"12_17_est_GP_param.csv","mu[1]",1.297742128,12,17,150
"12_17_est_GP_param.csv","mu[2]",-3.431448111,12,17,150
"12_17_est_GP_param.csv","mu[3]",-3.282780079,12,17,150
"12_17_est_GP_param.csv","mu[4]",0.618427689,12,17,150
"12_17_est_GP_param.csv","mu[5]",-1.458788878,12,17,150
"12_18_est_GP_param.csv","alpha",3.513775249,12,18,150
"12_18_est_GP_param.csv","rho",1.876488853,12,18,150
"12_18_est_GP_param.csv","sigma",2.988172946,12,18,150
"12_18_est_GP_param.csv","mu[1]",-1.125479084,12,18,150
"12_18_est_GP_param.csv","mu[2]",0.59001262,12,18,150
"12_18_est_GP_param.csv","mu[3]",-2.508320604,12,18,150
"12_18_est_GP_param.csv","mu[4]",4.936973065,12,18,150
"12_18_est_GP_param.csv","mu[5]",2.010945744,12,18,150
"12_19_est_GP_param.csv","alpha",2.49811562,12,19,150
"12_19_est_GP_param.csv","rho",-0.696854279,12,19,150
"12_19_est_GP_param.csv","sigma",1.967473277,12,19,150
"12_19_est_GP_param.csv","mu[1]",-0.656434094,12,19,150
"12_19_est_GP_param.csv","mu[2]",-3.930587508,12,19,150
"12_19_est_GP_param.csv","mu[3]",-0.39121308,12,19,150
"12_19_est_GP_param.csv","mu[4]",-4.049404582,12,19,150
"12_19_est_GP_param.csv","mu[5]",1.257728915,12,19,150
"12_2_est_GP_param.csv","alpha",2.421903596,12,2,150
"12_2_est_GP_param.csv","rho",0.24884619,12,2,150
"12_2_est_GP_param.csv","sigma",2.537277545,12,2,150
"12_2_est_GP_param.csv","mu[1]",-2.464292566,12,2,150
"12_2_est_GP_param.csv","mu[2]",-1.556701022,12,2,150
"12_2_est_GP_param.csv","mu[3]",-1.773516773,12,2,150
"12_2_est_GP_param.csv","mu[4]",2.20464046,12,2,150
"12_2_est_GP_param.csv","mu[5]",-1.962777556,12,2,150
"12_20_est_GP_param.csv","alpha",2.393492924,12,20,150
"12_20_est_GP_param.csv","rho",-2.226599045,12,20,150
"12_20_est_GP_param.csv","sigma",1.508732498,12,20,150
"12_20_est_GP_param.csv","mu[1]",0.383304719,12,20,150
"12_20_est_GP_param.csv","mu[2]",2.773405392,12,20,150
"12_20_est_GP_param.csv","mu[3]",-1.219348251,12,20,150
"12_20_est_GP_param.csv","mu[4]",3.32346432,12,20,150
"12_20_est_GP_param.csv","mu[5]",1.967140975,12,20,150
"12_3_est_GP_param.csv","alpha",2.738684663,12,3,150
"12_3_est_GP_param.csv","rho",-2.267185759,12,3,150
"12_3_est_GP_param.csv","sigma",1.147535782,12,3,150
"12_3_est_GP_param.csv","mu[1]",-1.609206209,12,3,150
"12_3_est_GP_param.csv","mu[2]",0.099911483,12,3,150
"12_3_est_GP_param.csv","mu[3]",-1.266960488,12,3,150
"12_3_est_GP_param.csv","mu[4]",3.226500557,12,3,150
"12_3_est_GP_param.csv","mu[5]",0.296554638,12,3,150
"12_4_est_GP_param.csv","alpha",2.500840706,12,4,150
"12_4_est_GP_param.csv","rho",-0.744502963,12,4,150
"12_4_est_GP_param.csv","sigma",1.930085892,12,4,150
"12_4_est_GP_param.csv","mu[1]",7.760809378,12,4,150
"12_4_est_GP_param.csv","mu[2]",0.072890634,12,4,150
"12_4_est_GP_param.csv","mu[3]",1.728552262,12,4,150
"12_4_est_GP_param.csv","mu[4]",-1.979859404,12,4,150
"12_4_est_GP_param.csv","mu[5]",-2.974319156,12,4,150
"12_5_est_GP_param.csv","alpha",3.653608718,12,5,150
"12_5_est_GP_param.csv","rho",2.542087518,12,5,150
"12_5_est_GP_param.csv","sigma",3.037632515,12,5,150
"12_5_est_GP_param.csv","mu[1]",-0.587748963,12,5,150
"12_5_est_GP_param.csv","mu[2]",-0.600801715,12,5,150
"12_5_est_GP_param.csv","mu[3]",3.579030944,12,5,150
"12_5_est_GP_param.csv","mu[4]",-2.987119738,12,5,150
"12_5_est_GP_param.csv","mu[5]",1.475470035,12,5,150
"12_6_est_GP_param.csv","alpha",3.170719611,12,6,150
"12_6_est_GP_param.csv","rho",-2.561339931,12,6,150
"12_6_est_GP_param.csv","sigma",0.721270883,12,6,150
"12_6_est_GP_param.csv","mu[1]",1.690013773,12,6,150
"12_6_est_GP_param.csv","mu[2]",-1.855775753,12,6,150
"12_6_est_GP_param.csv","mu[3]",3.042088055,12,6,150
"12_6_est_GP_param.csv","mu[4]",-0.07744439,12,6,150
"12_6_est_GP_param.csv","mu[5]",-1.219944311,12,6,150
"12_7_est_GP_param.csv","alpha",2.272034392,12,7,150
"12_7_est_GP_param.csv","rho",-1.544956904,12,7,150
"12_7_est_GP_param.csv","sigma",1.710078248,12,7,150
"12_7_est_GP_param.csv","mu[1]",4.294922895,12,7,150
"12_7_est_GP_param.csv","mu[2]",-3.812018097,12,7,150
"12_7_est_GP_param.csv","mu[3]",-0.96857472,12,7,150
"12_7_est_GP_param.csv","mu[4]",2.28737523,12,7,150
"12_7_est_GP_param.csv","mu[5]",-0.812869754,12,7,150
"12_8_est_GP_param.csv","alpha",3.206195884,12,8,150
"12_8_est_GP_param.csv","rho",-2.305271763,12,8,150
"12_8_est_GP_param.csv","sigma",0.66694372,12,8,150
"12_8_est_GP_param.csv","mu[1]",0.018411272,12,8,150
"12_8_est_GP_param.csv","mu[2]",-0.302893376,12,8,150
"12_8_est_GP_param.csv","mu[3]",0.332751735,12,8,150
"12_8_est_GP_param.csv","mu[4]",5.390712285,12,8,150
"12_8_est_GP_param.csv","mu[5]",1.483087851,12,8,150
"12_9_est_GP_param.csv","alpha",2.948683818,12,9,150
"12_9_est_GP_param.csv","rho",-2.43304074,12,9,150
"12_9_est_GP_param.csv","sigma",1.698057089,12,9,150
"12_9_est_GP_param.csv","mu[1]",-0.487485699,12,9,150
"12_9_est_GP_param.csv","mu[2]",3.441562057,12,9,150
"12_9_est_GP_param.csv","mu[3]",1.576858963,12,9,150
"12_9_est_GP_param.csv","mu[4]",-2.743110307,12,9,150
"12_9_est_GP_param.csv","mu[5]",-4.442894154,12,9,150
"2_10_est_GP_param.csv","alpha",3.121784657,2,10,150
"2_10_est_GP_param.csv","rho",-1.342187411,2,10,150
"2_10_est_GP_param.csv","sigma",2.309865898,2,10,150
"2_10_est_GP_param.csv","mu[1]",2.633273498,2,10,150
"2_10_est_GP_param.csv","mu[2]",8.66414984,2,10,150
"2_10_est_GP_param.csv","mu[3]",4.495847739,2,10,150
"2_10_est_GP_param.csv","mu[4]",-3.655353436,2,10,150
"2_10_est_GP_param.csv","mu[5]",5.487649547,2,10,150
"2_11_est_GP_param.csv","alpha",3.690126216,2,11,150
"2_11_est_GP_param.csv","rho",-2.538285758,2,11,150
"2_11_est_GP_param.csv","sigma",0.792154266,2,11,150
"2_11_est_GP_param.csv","mu[1]",-2.349680409,2,11,150
"2_11_est_GP_param.csv","mu[2]",-0.220382459,2,11,150
"2_11_est_GP_param.csv","mu[3]",-1.916364526,2,11,150
"2_11_est_GP_param.csv","mu[4]",-0.408524462,2,11,150
"2_11_est_GP_param.csv","mu[5]",3.286238059,2,11,150
"2_12_est_GP_param.csv","alpha",3.551347221,2,12,150
"2_12_est_GP_param.csv","rho",-2.671565503,2,12,150
"2_12_est_GP_param.csv","sigma",1.04710863,2,12,150
"2_12_est_GP_param.csv","mu[1]",4.407452487,2,12,150
"2_12_est_GP_param.csv","mu[2]",-2.716565423,2,12,150
"2_12_est_GP_param.csv","mu[3]",-4.725822887,2,12,150
"2_12_est_GP_param.csv","mu[4]",3.050539782,2,12,150
"2_12_est_GP_param.csv","mu[5]",-0.865668211,2,12,150
"2_13_est_GP_param.csv","alpha",3.256709012,2,13,150
"2_13_est_GP_param.csv","rho",-2.126267189,2,13,150
"2_13_est_GP_param.csv","sigma",0.891543148,2,13,150
"2_13_est_GP_param.csv","mu[1]",5.315490456,2,13,150
"2_13_est_GP_param.csv","mu[2]",-4.262768731,2,13,150
"2_13_est_GP_param.csv","mu[3]",-2.322246563,2,13,150
"2_13_est_GP_param.csv","mu[4]",-0.265233167,2,13,150
"2_13_est_GP_param.csv","mu[5]",0.579415842,2,13,150
"2_14_est_GP_param.csv","alpha",3.301885922,2,14,150
"2_14_est_GP_param.csv","rho",-2.243857313,2,14,150
"2_14_est_GP_param.csv","sigma",1.338598021,2,14,150
"2_14_est_GP_param.csv","mu[1]",-3.38082772,2,14,150
"2_14_est_GP_param.csv","mu[2]",3.758829676,2,14,150
"2_14_est_GP_param.csv","mu[3]",0.854135046,2,14,150
"2_14_est_GP_param.csv","mu[4]",-1.10370747,2,14,150
"2_14_est_GP_param.csv","mu[5]",0.46194678,2,14,150
"2_15_est_GP_param.csv","alpha",3.26068176,2,15,150
"2_15_est_GP_param.csv","rho",-2.525031989,2,15,150
"2_15_est_GP_param.csv","sigma",1.049130655,2,15,150
"2_15_est_GP_param.csv","mu[1]",6.124991318,2,15,150
"2_15_est_GP_param.csv","mu[2]",-2.676550023,2,15,150
"2_15_est_GP_param.csv","mu[3]",3.405213633,2,15,150
"2_15_est_GP_param.csv","mu[4]",-3.437230997,2,15,150
"2_15_est_GP_param.csv","mu[5]",1.182900464,2,15,150
"2_16_est_GP_param.csv","alpha",2.976010819,2,16,150
"2_16_est_GP_param.csv","rho",-2.32925065,2,16,150
"2_16_est_GP_param.csv","sigma",1.427592473,2,16,150
"2_16_est_GP_param.csv","mu[1]",1.496486934,2,16,150
"2_16_est_GP_param.csv","mu[2]",-0.243358868,2,16,150
"2_16_est_GP_param.csv","mu[3]",-0.32703097,2,16,150
"2_16_est_GP_param.csv","mu[4]",-2.945582802,2,16,150
"2_16_est_GP_param.csv","mu[5]",2.865669905,2,16,150
"2_17_est_GP_param.csv","alpha",2.918440997,2,17,150
"2_17_est_GP_param.csv","rho",-0.848133971,2,17,150
"2_17_est_GP_param.csv","sigma",2.214801237,2,17,150
"2_17_est_GP_param.csv","mu[1]",-4.293626239,2,17,150
"2_17_est_GP_param.csv","mu[2]",4.276348955,2,17,150
"2_17_est_GP_param.csv","mu[3]",-4.005524795,2,17,150
"2_17_est_GP_param.csv","mu[4]",0.120966187,2,17,150
"2_17_est_GP_param.csv","mu[5]",1.751882226,2,17,150
"2_18_est_GP_param.csv","alpha",3.157141104,2,18,150
"2_18_est_GP_param.csv","rho",-2.602822769,2,18,150
"2_18_est_GP_param.csv","sigma",1.006924624,2,18,150
"2_18_est_GP_param.csv","mu[1]",-2.678619547,2,18,150
"2_18_est_GP_param.csv","mu[2]",0.352566209,2,18,150
"2_18_est_GP_param.csv","mu[3]",0.029507057,2,18,150
"2_18_est_GP_param.csv","mu[4]",3.39663688,2,18,150
"2_18_est_GP_param.csv","mu[5]",-0.681101381,2,18,150
"2_19_est_GP_param.csv","alpha",2.714258557,2,19,150
"2_19_est_GP_param.csv","rho",-1.978942078,2,19,150
"2_19_est_GP_param.csv","sigma",2.447905144,2,19,150
"2_19_est_GP_param.csv","mu[1]",0.812150153,2,19,150
"2_19_est_GP_param.csv","mu[2]",-2.037312205,2,19,150
"2_19_est_GP_param.csv","mu[3]",1.900567051,2,19,150
"2_19_est_GP_param.csv","mu[4]",6.078767356,2,19,150
"2_19_est_GP_param.csv","mu[5]",-4.329884694,2,19,150
"2_2_est_GP_param.csv","alpha",2.847929947,2,2,150
"2_2_est_GP_param.csv","rho",-1.331722999,2,2,150
"2_2_est_GP_param.csv","sigma",2.694296775,2,2,150
"2_2_est_GP_param.csv","mu[1]",0.550211151,2,2,150
"2_2_est_GP_param.csv","mu[2]",1.345041256,2,2,150
"2_2_est_GP_param.csv","mu[3]",-4.360817343,2,2,150
"2_2_est_GP_param.csv","mu[4]",-3.33415061,2,2,150
"2_2_est_GP_param.csv","mu[5]",-0.440185479,2,2,150
"2_20_est_GP_param.csv","alpha",2.885690378,2,20,150
"2_20_est_GP_param.csv","rho",-2.096836131,2,20,150
"2_20_est_GP_param.csv","sigma",1.928817518,2,20,150
"2_20_est_GP_param.csv","mu[1]",4.477488789,2,20,150
"2_20_est_GP_param.csv","mu[2]",0.140419163,2,20,150
"2_20_est_GP_param.csv","mu[3]",-4.219193144,2,20,150
"2_20_est_GP_param.csv","mu[4]",-1.751829471,2,20,150
"2_20_est_GP_param.csv","mu[5]",1.958589862,2,20,150
"2_3_est_GP_param.csv","alpha",3.449934604,2,3,150
"2_3_est_GP_param.csv","rho",-2.501849853,2,3,150
"2_3_est_GP_param.csv","sigma",0.749830732,2,3,150
"2_3_est_GP_param.csv","mu[1]",-0.716231868,2,3,150
"2_3_est_GP_param.csv","mu[2]",5.645016417,2,3,150
"2_3_est_GP_param.csv","mu[3]",5.422092282,2,3,150
"2_3_est_GP_param.csv","mu[4]",0.357625031,2,3,150
"2_3_est_GP_param.csv","mu[5]",0.977174247,2,3,150
"2_4_est_GP_param.csv","alpha",2.847924988,2,4,150
"2_4_est_GP_param.csv","rho",-0.458480904,2,4,150
"2_4_est_GP_param.csv","sigma",2.759343685,2,4,150
"2_4_est_GP_param.csv","mu[1]",-1.106730113,2,4,150
"2_4_est_GP_param.csv","mu[2]",3.212081565,2,4,150
"2_4_est_GP_param.csv","mu[3]",1.476945085,2,4,150
"2_4_est_GP_param.csv","mu[4]",-4.095924703,2,4,150
"2_4_est_GP_param.csv","mu[5]",-0.593254136,2,4,150
"2_5_est_GP_param.csv","alpha",2.727763512,2,5,150
"2_5_est_GP_param.csv","rho",-1.252721392,2,5,150
"2_5_est_GP_param.csv","sigma",2.507620958,2,5,150
"2_5_est_GP_param.csv","mu[1]",2.684737608,2,5,150
"2_5_est_GP_param.csv","mu[2]",-0.524520057,2,5,150
"2_5_est_GP_param.csv","mu[3]",-0.883449299,2,5,150
"2_5_est_GP_param.csv","mu[4]",4.619539302,2,5,150
"2_5_est_GP_param.csv","mu[5]",-0.295503907,2,5,150
"2_6_est_GP_param.csv","alpha",3.196711205,2,6,150
"2_6_est_GP_param.csv","rho",-2.435207224,2,6,150
"2_6_est_GP_param.csv","sigma",0.977533741,2,6,150
"2_6_est_GP_param.csv","mu[1]",-0.064573625,2,6,150
"2_6_est_GP_param.csv","mu[2]",-2.816932072,2,6,150
"2_6_est_GP_param.csv","mu[3]",2.163058753,2,6,150
"2_6_est_GP_param.csv","mu[4]",-1.536668134,2,6,150
"2_6_est_GP_param.csv","mu[5]",2.975849914,2,6,150
"2_7_est_GP_param.csv","alpha",3.080968465,2,7,150
"2_7_est_GP_param.csv","rho",-2.463254009,2,7,150
"2_7_est_GP_param.csv","sigma",1.287932165,2,7,150
"2_7_est_GP_param.csv","mu[1]",2.18290151,2,7,150
"2_7_est_GP_param.csv","mu[2]",7.944567434,2,7,150
"2_7_est_GP_param.csv","mu[3]",-1.527189999,2,7,150
"2_7_est_GP_param.csv","mu[4]",2.626438495,2,7,150
"2_7_est_GP_param.csv","mu[5]",4.803297202,2,7,150
"2_8_est_GP_param.csv","alpha",3.211541335,2,8,150
"2_8_est_GP_param.csv","rho",-1.906105077,2,8,150
"2_8_est_GP_param.csv","sigma",1.932299412,2,8,150
"2_8_est_GP_param.csv","mu[1]",-2.399208914,2,8,150
"2_8_est_GP_param.csv","mu[2]",4.02728148,2,8,150
"2_8_est_GP_param.csv","mu[3]",0.464109689,2,8,150
"2_8_est_GP_param.csv","mu[4]",0.684767082,2,8,150
"2_8_est_GP_param.csv","mu[5]",3.241245212,2,8,150
"2_9_est_GP_param.csv","alpha",3.510722364,2,9,150
"2_9_est_GP_param.csv","rho",-2.493240471,2,9,150
"2_9_est_GP_param.csv","sigma",1.35895948,2,9,150
"2_9_est_GP_param.csv","mu[1]",-3.061120249,2,9,150
"2_9_est_GP_param.csv","mu[2]",-0.460145745,2,9,150
"2_9_est_GP_param.csv","mu[3]",0.463251184,2,9,150
"2_9_est_GP_param.csv","mu[4]",-3.695073603,2,9,150
"2_9_est_GP_param.csv","mu[5]",0.717487986,2,9,150
"3_10_est_GP_param.csv","alpha",3.318150649,3,10,150
"3_10_est_GP_param.csv","rho",-2.243423493,3,10,150
"3_10_est_GP_param.csv","sigma",1.935836093,3,10,150
"3_10_est_GP_param.csv","mu[1]",-2.316226452,3,10,150
"3_10_est_GP_param.csv","mu[2]",2.2287137,3,10,150
"3_10_est_GP_param.csv","mu[3]",2.236820153,3,10,150
"3_10_est_GP_param.csv","mu[4]",-0.461836822,3,10,150
"3_10_est_GP_param.csv","mu[5]",3.016749115,3,10,150
"3_11_est_GP_param.csv","alpha",3.140370407,3,11,150
"3_11_est_GP_param.csv","rho",-1.65043308,3,11,150
"3_11_est_GP_param.csv","sigma",1.915245505,3,11,150
"3_11_est_GP_param.csv","mu[1]",-0.797745864,3,11,150
"3_11_est_GP_param.csv","mu[2]",-2.42725871,3,11,150
"3_11_est_GP_param.csv","mu[3]",-4.448226157,3,11,150
"3_11_est_GP_param.csv","mu[4]",1.586604248,3,11,150
"3_11_est_GP_param.csv","mu[5]",-3.455240569,3,11,150
"3_12_est_GP_param.csv","alpha",3.266416338,3,12,150
"3_12_est_GP_param.csv","rho",-2.56587264,3,12,150
"3_12_est_GP_param.csv","sigma",0.919743437,3,12,150
"3_12_est_GP_param.csv","mu[1]",4.883934467,3,12,150
"3_12_est_GP_param.csv","mu[2]",1.280926388,3,12,150
"3_12_est_GP_param.csv","mu[3]",1.930965945,3,12,150
"3_12_est_GP_param.csv","mu[4]",3.625228954,3,12,150
"3_12_est_GP_param.csv","mu[5]",-0.981516057,3,12,150
"3_13_est_GP_param.csv","alpha",3.169893757,3,13,150
"3_13_est_GP_param.csv","rho",-2.180330928,3,13,150
"3_13_est_GP_param.csv","sigma",1.805876245,3,13,150
"3_13_est_GP_param.csv","mu[1]",-1.995695031,3,13,150
"3_13_est_GP_param.csv","mu[2]",-2.248485721,3,13,150
"3_13_est_GP_param.csv","mu[3]",-0.064117227,3,13,150
"3_13_est_GP_param.csv","mu[4]",1.222554931,3,13,150
"3_13_est_GP_param.csv","mu[5]",-1.417499016,3,13,150
"3_14_est_GP_param.csv","alpha",3.593925225,3,14,150
"3_14_est_GP_param.csv","rho",-2.723142944,3,14,150
"3_14_est_GP_param.csv","sigma",0.92665866,3,14,150
"3_14_est_GP_param.csv","mu[1]",-4.087041107,3,14,150
"3_14_est_GP_param.csv","mu[2]",-1.539253605,3,14,150
"3_14_est_GP_param.csv","mu[3]",-0.337715809,3,14,150
"3_14_est_GP_param.csv","mu[4]",-3.462456463,3,14,150
"3_14_est_GP_param.csv","mu[5]",5.657919909,3,14,150
"3_15_est_GP_param.csv","alpha",3.729542763,3,15,150
"3_15_est_GP_param.csv","rho",-2.061744553,3,15,150
"3_15_est_GP_param.csv","sigma",0.743860423,3,15,150
"3_15_est_GP_param.csv","mu[1]",-0.368109352,3,15,150
"3_15_est_GP_param.csv","mu[2]",3.975843053,3,15,150
"3_15_est_GP_param.csv","mu[3]",-1.730605529,3,15,150
"3_15_est_GP_param.csv","mu[4]",0.697797248,3,15,150
"3_15_est_GP_param.csv","mu[5]",5.31141187,3,15,150
"3_16_est_GP_param.csv","alpha",2.696143318,3,16,150
"3_16_est_GP_param.csv","rho",-1.668912767,3,16,150
"3_16_est_GP_param.csv","sigma",2.306623949,3,16,150
"3_16_est_GP_param.csv","mu[1]",0.309243818,3,16,150
"3_16_est_GP_param.csv","mu[2]",2.398478536,3,16,150
"3_16_est_GP_param.csv","mu[3]",0.505842257,3,16,150
"3_16_est_GP_param.csv","mu[4]",1.076230299,3,16,150
"3_16_est_GP_param.csv","mu[5]",-2.151701606,3,16,150
"3_17_est_GP_param.csv","alpha",3.210993156,3,17,150
"3_17_est_GP_param.csv","rho",-1.658203999,3,17,150
"3_17_est_GP_param.csv","sigma",2.097041896,3,17,150
"3_17_est_GP_param.csv","mu[1]",-0.302809549,3,17,150
"3_17_est_GP_param.csv","mu[2]",3.638484155,3,17,150
"3_17_est_GP_param.csv","mu[3]",-2.171964946,3,17,150
"3_17_est_GP_param.csv","mu[4]",1.9060534,3,17,150
"3_17_est_GP_param.csv","mu[5]",-0.941175567,3,17,150
"3_18_est_GP_param.csv","alpha",2.845364478,3,18,150
"3_18_est_GP_param.csv","rho",-0.896300793,3,18,150
"3_18_est_GP_param.csv","sigma",2.985218638,3,18,150
"3_18_est_GP_param.csv","mu[1]",1.921049485,3,18,150
"3_18_est_GP_param.csv","mu[2]",4.141144138,3,18,150
"3_18_est_GP_param.csv","mu[3]",2.223191357,3,18,150
"3_18_est_GP_param.csv","mu[4]",1.202476657,3,18,150
"3_18_est_GP_param.csv","mu[5]",1.421818495,3,18,150
"3_19_est_GP_param.csv","alpha",3.007842222,3,19,150
"3_19_est_GP_param.csv","rho",-2.389494714,3,19,150
"3_19_est_GP_param.csv","sigma",1.768078035,3,19,150
"3_19_est_GP_param.csv","mu[1]",-0.584271464,3,19,150
"3_19_est_GP_param.csv","mu[2]",5.302981371,3,19,150
"3_19_est_GP_param.csv","mu[3]",0.696070688,3,19,150
"3_19_est_GP_param.csv","mu[4]",-2.953305344,3,19,150
"3_19_est_GP_param.csv","mu[5]",-3.484761478,3,19,150
"3_2_est_GP_param.csv","alpha",2.504556658,3,2,150
"3_2_est_GP_param.csv","rho",-0.499794145,3,2,150
"3_2_est_GP_param.csv","sigma",3.278427344,3,2,150
"3_2_est_GP_param.csv","mu[1]",-0.563628178,3,2,150
"3_2_est_GP_param.csv","mu[2]",5.185799576,3,2,150
"3_2_est_GP_param.csv","mu[3]",-2.297752071,3,2,150
"3_2_est_GP_param.csv","mu[4]",-0.278780426,3,2,150
"3_2_est_GP_param.csv","mu[5]",1.938375647,3,2,150
"3_20_est_GP_param.csv","alpha",3.417103483,3,20,150
"3_20_est_GP_param.csv","rho",-2.027630267,3,20,150
"3_20_est_GP_param.csv","sigma",0.913737769,3,20,150
"3_20_est_GP_param.csv","mu[1]",0.085120183,3,20,150
"3_20_est_GP_param.csv","mu[2]",-2.12052466,3,20,150
"3_20_est_GP_param.csv","mu[3]",-0.118414579,3,20,150
"3_20_est_GP_param.csv","mu[4]",7.908084314,3,20,150
"3_20_est_GP_param.csv","mu[5]",5.125973524,3,20,150
"3_3_est_GP_param.csv","alpha",3.117095008,3,3,150
"3_3_est_GP_param.csv","rho",-2.186715311,3,3,150
"3_3_est_GP_param.csv","sigma",1.042008788,3,3,150
"3_3_est_GP_param.csv","mu[1]",1.912291152,3,3,150
"3_3_est_GP_param.csv","mu[2]",-2.990807203,3,3,150
"3_3_est_GP_param.csv","mu[3]",-1.987618291,3,3,150
"3_3_est_GP_param.csv","mu[4]",-1.845428433,3,3,150
"3_3_est_GP_param.csv","mu[5]",-2.388866225,3,3,150
"3_4_est_GP_param.csv","alpha",2.557489404,3,4,150
"3_4_est_GP_param.csv","rho",-0.881261343,3,4,150
"3_4_est_GP_param.csv","sigma",2.575684863,3,4,150
"3_4_est_GP_param.csv","mu[1]",6.303660107,3,4,150
"3_4_est_GP_param.csv","mu[2]",0.06560861,3,4,150
"3_4_est_GP_param.csv","mu[3]",4.660369283,3,4,150
"3_4_est_GP_param.csv","mu[4]",-1.169740072,3,4,150
"3_4_est_GP_param.csv","mu[5]",-2.799086218,3,4,150
"3_5_est_GP_param.csv","alpha",3.262395347,3,5,150
"3_5_est_GP_param.csv","rho",1.533870324,3,5,150
"3_5_est_GP_param.csv","sigma",3.217183313,3,5,150
"3_5_est_GP_param.csv","mu[1]",2.665267175,3,5,150
"3_5_est_GP_param.csv","mu[2]",-0.233825899,3,5,150
"3_5_est_GP_param.csv","mu[3]",-3.381011631,3,5,150
"3_5_est_GP_param.csv","mu[4]",4.782283166,3,5,150
"3_5_est_GP_param.csv","mu[5]",-2.586433431,3,5,150
"3_6_est_GP_param.csv","alpha",2.892275618,3,6,150
"3_6_est_GP_param.csv","rho",-1.976698736,3,6,150
"3_6_est_GP_param.csv","sigma",1.50220737,3,6,150
"3_6_est_GP_param.csv","mu[1]",1.436895963,3,6,150
"3_6_est_GP_param.csv","mu[2]",-4.020729644,3,6,150
"3_6_est_GP_param.csv","mu[3]",2.386158722,3,6,150
"3_6_est_GP_param.csv","mu[4]",3.012394454,3,6,150
"3_6_est_GP_param.csv","mu[5]",-3.030291353,3,6,150
"3_7_est_GP_param.csv","alpha",3.257955181,3,7,150
"3_7_est_GP_param.csv","rho",-2.628316356,3,7,150
"3_7_est_GP_param.csv","sigma",1.187324767,3,7,150
"3_7_est_GP_param.csv","mu[1]",3.626438209,3,7,150
"3_7_est_GP_param.csv","mu[2]",-4.107252797,3,7,150
"3_7_est_GP_param.csv","mu[3]",3.980314004,3,7,150
"3_7_est_GP_param.csv","mu[4]",1.972378991,3,7,150
"3_7_est_GP_param.csv","mu[5]",2.732595815,3,7,150
"3_8_est_GP_param.csv","alpha",2.972361007,3,8,150
"3_8_est_GP_param.csv","rho",-0.860781044,3,8,150
"3_8_est_GP_param.csv","sigma",2.778563793,3,8,150
"3_8_est_GP_param.csv","mu[1]",1.418137994,3,8,150
"3_8_est_GP_param.csv","mu[2]",6.464160009,3,8,150
"3_8_est_GP_param.csv","mu[3]",2.381839298,3,8,150
"3_8_est_GP_param.csv","mu[4]",0.339549022,3,8,150
"3_8_est_GP_param.csv","mu[5]",7.320442053,3,8,150
"3_9_est_GP_param.csv","alpha",2.714982345,3,9,150
"3_9_est_GP_param.csv","rho",-1.773621373,3,9,150
"3_9_est_GP_param.csv","sigma",2.064275039,3,9,150
"3_9_est_GP_param.csv","mu[1]",-3.28007742,3,9,150
"3_9_est_GP_param.csv","mu[2]",-1.589948407,3,9,150
"3_9_est_GP_param.csv","mu[3]",-0.875059046,3,9,150
"3_9_est_GP_param.csv","mu[4]",-2.162953286,3,9,150
"3_9_est_GP_param.csv","mu[5]",-3.397717969,3,9,150
"4_10_est_GP_param.csv","alpha",3.022487182,4,10,150
"4_10_est_GP_param.csv","rho",-0.613576794,4,10,150
"4_10_est_GP_param.csv","sigma",2.864813787,4,10,150
"4_10_est_GP_param.csv","mu[1]",4.311199539,4,10,150
"4_10_est_GP_param.csv","mu[2]",-1.031511761,4,10,150
"4_10_est_GP_param.csv","mu[3]",1.077697695,4,10,150
"4_10_est_GP_param.csv","mu[4]",2.015222352,4,10,150
"4_10_est_GP_param.csv","mu[5]",1.528784135,4,10,150
"4_11_est_GP_param.csv","alpha",3.028432926,4,11,150
"4_11_est_GP_param.csv","rho",-1.178480591,4,11,150
"4_11_est_GP_param.csv","sigma",2.299953307,4,11,150
"4_11_est_GP_param.csv","mu[1]",2.480550506,4,11,150
"4_11_est_GP_param.csv","mu[2]",0.185681276,4,11,150
"4_11_est_GP_param.csv","mu[3]",-2.903994398,4,11,150
"4_11_est_GP_param.csv","mu[4]",1.257819732,4,11,150
"4_11_est_GP_param.csv","mu[5]",3.24133963,4,11,150
"4_12_est_GP_param.csv","alpha",3.539504537,4,12,150
"4_12_est_GP_param.csv","rho",-1.628853041,4,12,150
"4_12_est_GP_param.csv","sigma",1.417463165,4,12,150
"4_12_est_GP_param.csv","mu[1]",-0.849138465,4,12,150
"4_12_est_GP_param.csv","mu[2]",2.397968862,4,12,150
"4_12_est_GP_param.csv","mu[3]",0.37090719,4,12,150
"4_12_est_GP_param.csv","mu[4]",0.44141613,4,12,150
"4_12_est_GP_param.csv","mu[5]",-0.503177352,4,12,150
"4_13_est_GP_param.csv","alpha",3.066450786,4,13,150
"4_13_est_GP_param.csv","rho",-2.188268948,4,13,150
"4_13_est_GP_param.csv","sigma",1.618032861,4,13,150
"4_13_est_GP_param.csv","mu[1]",-0.940206466,4,13,150
"4_13_est_GP_param.csv","mu[2]",2.914226356,4,13,150
"4_13_est_GP_param.csv","mu[3]",0.295647604,4,13,150
"4_13_est_GP_param.csv","mu[4]",-2.450510969,4,13,150
"4_13_est_GP_param.csv","mu[5]",3.625348186,4,13,150
"4_14_est_GP_param.csv","alpha",3.091026079,4,14,150
"4_14_est_GP_param.csv","rho",-1.262950827,4,14,150
"4_14_est_GP_param.csv","sigma",2.446716183,4,14,150
"4_14_est_GP_param.csv","mu[1]",-2.350259275,4,14,150
"4_14_est_GP_param.csv","mu[2]",-2.123985043,4,14,150
"4_14_est_GP_param.csv","mu[3]",2.982061947,4,14,150
"4_14_est_GP_param.csv","mu[4]",-1.054749455,4,14,150
"4_14_est_GP_param.csv","mu[5]",3.584133739,4,14,150
"4_15_est_GP_param.csv","alpha",3.983425741,4,15,150
"4_15_est_GP_param.csv","rho",1.532402279,4,15,150
"4_15_est_GP_param.csv","sigma",3.366414921,4,15,150
"4_15_est_GP_param.csv","mu[1]",-3.577608791,4,15,150
"4_15_est_GP_param.csv","mu[2]",2.209416662,4,15,150
"4_15_est_GP_param.csv","mu[3]",-0.689367789,4,15,150
"4_15_est_GP_param.csv","mu[4]",2.195963015,4,15,150
"4_15_est_GP_param.csv","mu[5]",1.316732846,4,15,150
"4_16_est_GP_param.csv","alpha",3.502993506,4,16,150
"4_16_est_GP_param.csv","rho",-2.510872762,4,16,150
"4_16_est_GP_param.csv","sigma",0.856360962,4,16,150
"4_16_est_GP_param.csv","mu[1]",2.013016126,4,16,150
"4_16_est_GP_param.csv","mu[2]",0.429674479,4,16,150
"4_16_est_GP_param.csv","mu[3]",1.898092193,4,16,150
"4_16_est_GP_param.csv","mu[4]",-0.023393621,4,16,150
"4_16_est_GP_param.csv","mu[5]",-0.783801883,4,16,150
"4_17_est_GP_param.csv","alpha",3.382754665,4,17,150
"4_17_est_GP_param.csv","rho",-2.007704362,4,17,150
"4_17_est_GP_param.csv","sigma",0.699126751,4,17,150
"4_17_est_GP_param.csv","mu[1]",-3.230801806,4,17,150
"4_17_est_GP_param.csv","mu[2]",-2.674556798,4,17,150
"4_17_est_GP_param.csv","mu[3]",-0.842173578,4,17,150
"4_17_est_GP_param.csv","mu[4]",1.430528273,4,17,150
"4_17_est_GP_param.csv","mu[5]",-2.01898414,4,17,150
"4_18_est_GP_param.csv","alpha",2.229665014,4,18,150
"4_18_est_GP_param.csv","rho",-0.314911304,4,18,150
"4_18_est_GP_param.csv","sigma",2.624519409,4,18,150
"4_18_est_GP_param.csv","mu[1]",-1.37941741,4,18,150
"4_18_est_GP_param.csv","mu[2]",-0.134910557,4,18,150
"4_18_est_GP_param.csv","mu[3]",1.720019661,4,18,150
"4_18_est_GP_param.csv","mu[4]",-3.068410288,4,18,150
"4_18_est_GP_param.csv","mu[5]",1.030395903,4,18,150
"4_19_est_GP_param.csv","alpha",2.18100511,4,19,150
"4_19_est_GP_param.csv","rho",-0.985399531,4,19,150
"4_19_est_GP_param.csv","sigma",2.716965827,4,19,150
"4_19_est_GP_param.csv","mu[1]",-3.63422964,4,19,150
"4_19_est_GP_param.csv","mu[2]",1.527184594,4,19,150
"4_19_est_GP_param.csv","mu[3]",1.262404478,4,19,150
"4_19_est_GP_param.csv","mu[4]",-0.882289453,4,19,150
"4_19_est_GP_param.csv","mu[5]",-1.87035879,4,19,150
"4_2_est_GP_param.csv","alpha",2.311566887,4,2,150
"4_2_est_GP_param.csv","rho",-0.243378828,4,2,150
"4_2_est_GP_param.csv","sigma",2.776951091,4,2,150
"4_2_est_GP_param.csv","mu[1]",2.426557695,4,2,150
"4_2_est_GP_param.csv","mu[2]",-2.831858058,4,2,150
"4_2_est_GP_param.csv","mu[3]",-3.55246764,4,2,150
"4_2_est_GP_param.csv","mu[4]",0.070809196,4,2,150
"4_2_est_GP_param.csv","mu[5]",0.36920848,4,2,150
"4_20_est_GP_param.csv","alpha",3.085782956,4,20,150
"4_20_est_GP_param.csv","rho",-1.014229001,4,20,150
"4_20_est_GP_param.csv","sigma",2.695524172,4,20,150
"4_20_est_GP_param.csv","mu[1]",0.75842703,4,20,150
"4_20_est_GP_param.csv","mu[2]",0.32505294,4,20,150
"4_20_est_GP_param.csv","mu[3]",-0.760028386,4,20,150
"4_20_est_GP_param.csv","mu[4]",0.53533602,4,20,150
"4_20_est_GP_param.csv","mu[5]",-1.977362895,4,20,150
"4_3_est_GP_param.csv","alpha",3.462459057,4,3,150
"4_3_est_GP_param.csv","rho",-2.149537369,4,3,150
"4_3_est_GP_param.csv","sigma",1.484845603,4,3,150
"4_3_est_GP_param.csv","mu[1]",-4.422789219,4,3,150
"4_3_est_GP_param.csv","mu[2]",-0.550640713,4,3,150
"4_3_est_GP_param.csv","mu[3]",-3.627577142,4,3,150
"4_3_est_GP_param.csv","mu[4]",2.017896501,4,3,150
"4_3_est_GP_param.csv","mu[5]",-3.937393587,4,3,150
"4_4_est_GP_param.csv","alpha",2.914174363,4,4,150
"4_4_est_GP_param.csv","rho",0.860065545,4,4,150
"4_4_est_GP_param.csv","sigma",2.69027129,4,4,150
"4_4_est_GP_param.csv","mu[1]",-0.461496545,4,4,150
"4_4_est_GP_param.csv","mu[2]",3.157143969,4,4,150
"4_4_est_GP_param.csv","mu[3]",0.208782044,4,4,150
"4_4_est_GP_param.csv","mu[4]",-3.976365987,4,4,150
"4_4_est_GP_param.csv","mu[5]",-2.225770107,4,4,150
"4_5_est_GP_param.csv","alpha",2.994197973,4,5,150
"4_5_est_GP_param.csv","rho",-1.758541329,4,5,150
"4_5_est_GP_param.csv","sigma",1.952456941,4,5,150
"4_5_est_GP_param.csv","mu[1]",2.993107414,4,5,150
"4_5_est_GP_param.csv","mu[2]",1.607334336,4,5,150
"4_5_est_GP_param.csv","mu[3]",-3.209889471,4,5,150
"4_5_est_GP_param.csv","mu[4]",-2.236258405,4,5,150
"4_5_est_GP_param.csv","mu[5]",-0.655247834,4,5,150
"4_6_est_GP_param.csv","alpha",2.626496967,4,6,150
"4_6_est_GP_param.csv","rho",-1.764500424,4,6,150
"4_6_est_GP_param.csv","sigma",2.084852421,4,6,150
"4_6_est_GP_param.csv","mu[1]",0.897075982,4,6,150
"4_6_est_GP_param.csv","mu[2]",1.30925907,4,6,150
"4_6_est_GP_param.csv","mu[3]",-2.766831591,4,6,150
"4_6_est_GP_param.csv","mu[4]",-0.719178887,4,6,150
"4_6_est_GP_param.csv","mu[5]",-1.361194186,4,6,150
"4_7_est_GP_param.csv","alpha",3.198108526,4,7,150
"4_7_est_GP_param.csv","rho",-2.587820533,4,7,150
"4_7_est_GP_param.csv","sigma",1.035441403,4,7,150
"4_7_est_GP_param.csv","mu[1]",2.860827,4,7,150
"4_7_est_GP_param.csv","mu[2]",-1.886146995,4,7,150
"4_7_est_GP_param.csv","mu[3]",-2.638621036,4,7,150
"4_7_est_GP_param.csv","mu[4]",-2.523924394,4,7,150
"4_7_est_GP_param.csv","mu[5]",-1.744740262,4,7,150
"4_8_est_GP_param.csv","alpha",3.268455317,4,8,150
"4_8_est_GP_param.csv","rho",-1.911956848,4,8,150
"4_8_est_GP_param.csv","sigma",0.828133885,4,8,150
"4_8_est_GP_param.csv","mu[1]",1.3754959,4,8,150
"4_8_est_GP_param.csv","mu[2]",2.404073924,4,8,150
"4_8_est_GP_param.csv","mu[3]",9.298312954,4,8,150
"4_8_est_GP_param.csv","mu[4]",1.957781519,4,8,150
"4_8_est_GP_param.csv","mu[5]",-2.994168097,4,8,150
"4_9_est_GP_param.csv","alpha",3.067637046,4,9,150
"4_9_est_GP_param.csv","rho",0.290129962,4,9,150
"4_9_est_GP_param.csv","sigma",3.173278378,4,9,150
"4_9_est_GP_param.csv","mu[1]",2.890274796,4,9,150
"4_9_est_GP_param.csv","mu[2]",4.9454127,4,9,150
"4_9_est_GP_param.csv","mu[3]",-2.385412504,4,9,150
"4_9_est_GP_param.csv","mu[4]",-3.631117417,4,9,150
"4_9_est_GP_param.csv","mu[5]",-3.663293003,4,9,150
"5_10_est_GP_param.csv","alpha",2.655694726,5,10,150
"5_10_est_GP_param.csv","rho",-0.623517891,5,10,150
"5_10_est_GP_param.csv","sigma",2.581046716,5,10,150
"5_10_est_GP_param.csv","mu[1]",2.412037589,5,10,150
"5_10_est_GP_param.csv","mu[2]",1.230991527,5,10,150
"5_10_est_GP_param.csv","mu[3]",-4.096238177,5,10,150
"5_10_est_GP_param.csv","mu[4]",0.448910038,5,10,150
"5_10_est_GP_param.csv","mu[5]",3.147366797,5,10,150
"5_11_est_GP_param.csv","alpha",2.675407334,5,11,150
"5_11_est_GP_param.csv","rho",-1.289521435,5,11,150
"5_11_est_GP_param.csv","sigma",2.314744065,5,11,150
"5_11_est_GP_param.csv","mu[1]",2.872934851,5,11,150
"5_11_est_GP_param.csv","mu[2]",-1.492975671,5,11,150
"5_11_est_GP_param.csv","mu[3]",-0.490419908,5,11,150
"5_11_est_GP_param.csv","mu[4]",6.333298484,5,11,150
"5_11_est_GP_param.csv","mu[5]",-0.438530803,5,11,150
"5_12_est_GP_param.csv","alpha",2.729311214,5,12,150
"5_12_est_GP_param.csv","rho",-1.400736579,5,12,150
"5_12_est_GP_param.csv","sigma",2.22088059,5,12,150
"5_12_est_GP_param.csv","mu[1]",-2.806430655,5,12,150
"5_12_est_GP_param.csv","mu[2]",0.19252726,5,12,150
"5_12_est_GP_param.csv","mu[3]",-0.883174087,5,12,150
"5_12_est_GP_param.csv","mu[4]",0.289156312,5,12,150
"5_12_est_GP_param.csv","mu[5]",2.988028396,5,12,150
"5_13_est_GP_param.csv","alpha",2.626181941,5,13,150
"5_13_est_GP_param.csv","rho",0.098981951,5,13,150
"5_13_est_GP_param.csv","sigma",2.955572138,5,13,150
"5_13_est_GP_param.csv","mu[1]",1.497310488,5,13,150
"5_13_est_GP_param.csv","mu[2]",-0.046651531,5,13,150
"5_13_est_GP_param.csv","mu[3]",0.909865306,5,13,150
"5_13_est_GP_param.csv","mu[4]",1.971070139,5,13,150
"5_13_est_GP_param.csv","mu[5]",0.495276856,5,13,150
"5_14_est_GP_param.csv","alpha",2.76153938,5,14,150
"5_14_est_GP_param.csv","rho",-0.866108233,5,14,150
"5_14_est_GP_param.csv","sigma",2.533797477,5,14,150
"5_14_est_GP_param.csv","mu[1]",3.951452393,5,14,150
"5_14_est_GP_param.csv","mu[2]",-2.209887691,5,14,150
"5_14_est_GP_param.csv","mu[3]",3.879728011,5,14,150
"5_14_est_GP_param.csv","mu[4]",1.993430373,5,14,150
"5_14_est_GP_param.csv","mu[5]",-0.297724245,5,14,150
"5_15_est_GP_param.csv","alpha",2.651568576,5,15,150
"5_15_est_GP_param.csv","rho",-0.423107038,5,15,150
"5_15_est_GP_param.csv","sigma",2.785264597,5,15,150
"5_15_est_GP_param.csv","mu[1]",-0.833932029,5,15,150
"5_15_est_GP_param.csv","mu[2]",-3.735268225,5,15,150
"5_15_est_GP_param.csv","mu[3]",-4.400507061,5,15,150
"5_15_est_GP_param.csv","mu[4]",-1.282469915,5,15,150
"5_15_est_GP_param.csv","mu[5]",-3.197926441,5,15,150
"5_16_est_GP_param.csv","alpha",2.924646284,5,16,150
"5_16_est_GP_param.csv","rho",-1.432320936,5,16,150
"5_16_est_GP_param.csv","sigma",1.719579685,5,16,150
"5_16_est_GP_param.csv","mu[1]",0.88437964,5,16,150
"5_16_est_GP_param.csv","mu[2]",1.968519652,5,16,150
"5_16_est_GP_param.csv","mu[3]",-4.511045273,5,16,150
"5_16_est_GP_param.csv","mu[4]",0.155334348,5,16,150
"5_16_est_GP_param.csv","mu[5]",3.802933519,5,16,150
"5_17_est_GP_param.csv","alpha",3.049329882,5,17,150
"5_17_est_GP_param.csv","rho",-1.52824545,5,17,150
"5_17_est_GP_param.csv","sigma",1.640364887,5,17,150
"5_17_est_GP_param.csv","mu[1]",-0.673751074,5,17,150
"5_17_est_GP_param.csv","mu[2]",-0.595259722,5,17,150
"5_17_est_GP_param.csv","mu[3]",1.379203207,5,17,150
"5_17_est_GP_param.csv","mu[4]",-0.237743412,5,17,150
"5_17_est_GP_param.csv","mu[5]",-4.464426669,5,17,150
"5_18_est_GP_param.csv","alpha",3.03190236,5,18,150
"5_18_est_GP_param.csv","rho",-1.301646011,5,18,150
"5_18_est_GP_param.csv","sigma",2.266901966,5,18,150
"5_18_est_GP_param.csv","mu[1]",-1.584396864,5,18,150
"5_18_est_GP_param.csv","mu[2]",0.596811681,5,18,150
"5_18_est_GP_param.csv","mu[3]",-0.504462839,5,18,150
"5_18_est_GP_param.csv","mu[4]",3.48115503,5,18,150
"5_18_est_GP_param.csv","mu[5]",2.112452692,5,18,150
"5_19_est_GP_param.csv","alpha",3.098423383,5,19,150
"5_19_est_GP_param.csv","rho",-2.704976897,5,19,150
"5_19_est_GP_param.csv","sigma",0.937028238,5,19,150
"5_19_est_GP_param.csv","mu[1]",1.737706665,5,19,150
"5_19_est_GP_param.csv","mu[2]",0.155264367,5,19,150
"5_19_est_GP_param.csv","mu[3]",-0.503142238,5,19,150
"5_19_est_GP_param.csv","mu[4]",-1.079167868,5,19,150
"5_19_est_GP_param.csv","mu[5]",3.995296239,5,19,150
"5_2_est_GP_param.csv","alpha",2.597420668,5,2,150
"5_2_est_GP_param.csv","rho",-1.237643709,5,2,150
"5_2_est_GP_param.csv","sigma",2.285646545,5,2,150
"5_2_est_GP_param.csv","mu[1]",-0.614616237,5,2,150
"5_2_est_GP_param.csv","mu[2]",4.277736293,5,2,150
"5_2_est_GP_param.csv","mu[3]",0.951099303,5,2,150
"5_2_est_GP_param.csv","mu[4]",4.836308703,5,2,150
"5_2_est_GP_param.csv","mu[5]",1.682517785,5,2,150
"5_20_est_GP_param.csv","alpha",2.70860006,5,20,150
"5_20_est_GP_param.csv","rho",-0.33623223,5,20,150
"5_20_est_GP_param.csv","sigma",3.129706008,5,20,150
"5_20_est_GP_param.csv","mu[1]",1.365865159,5,20,150
"5_20_est_GP_param.csv","mu[2]",0.614232914,5,20,150
"5_20_est_GP_param.csv","mu[3]",0.044243753,5,20,150
"5_20_est_GP_param.csv","mu[4]",4.054243211,5,20,150
"5_20_est_GP_param.csv","mu[5]",-1.189352315,5,20,150
"5_3_est_GP_param.csv","alpha",3.523707787,5,3,150
"5_3_est_GP_param.csv","rho",-1.918809911,5,3,150
"5_3_est_GP_param.csv","sigma",1.650380955,5,3,150
"5_3_est_GP_param.csv","mu[1]",0.240730424,5,3,150
"5_3_est_GP_param.csv","mu[2]",2.670575113,5,3,150
"5_3_est_GP_param.csv","mu[3]",1.215729684,5,3,150
"5_3_est_GP_param.csv","mu[4]",-2.798318851,5,3,150
"5_3_est_GP_param.csv","mu[5]",3.415053832,5,3,150
"5_4_est_GP_param.csv","alpha",2.444713178,5,4,150
"5_4_est_GP_param.csv","rho",-0.164275164,5,4,150
"5_4_est_GP_param.csv","sigma",3.050474744,5,4,150
"5_4_est_GP_param.csv","mu[1]",4.965157255,5,4,150
"5_4_est_GP_param.csv","mu[2]",1.34034617,5,4,150
"5_4_est_GP_param.csv","mu[3]",-3.984351832,5,4,150
"5_4_est_GP_param.csv","mu[4]",-3.299956701,5,4,150
"5_4_est_GP_param.csv","mu[5]",-2.753492326,5,4,150
"5_5_est_GP_param.csv","alpha",2.823857788,5,5,150
"5_5_est_GP_param.csv","rho",-1.529556792,5,5,150
"5_5_est_GP_param.csv","sigma",1.937395544,5,5,150
"5_5_est_GP_param.csv","mu[1]",-0.919989483,5,5,150
"5_5_est_GP_param.csv","mu[2]",-0.021135616,5,5,150
"5_5_est_GP_param.csv","mu[3]",2.078162138,5,5,150
"5_5_est_GP_param.csv","mu[4]",3.27497937,5,5,150
"5_5_est_GP_param.csv","mu[5]",-0.552744684,5,5,150
"5_6_est_GP_param.csv","alpha",3.562270238,5,6,150
"5_6_est_GP_param.csv","rho",-1.994108574,5,6,150
"5_6_est_GP_param.csv","sigma",1.081900188,5,6,150
"5_6_est_GP_param.csv","mu[1]",-3.72051842,5,6,150
"5_6_est_GP_param.csv","mu[2]",2.390119236,5,6,150
"5_6_est_GP_param.csv","mu[3]",1.934070414,5,6,150
"5_6_est_GP_param.csv","mu[4]",-0.500541466,5,6,150
"5_6_est_GP_param.csv","mu[5]",-2.471290115,5,6,150
"5_7_est_GP_param.csv","alpha",2.843933728,5,7,150
"5_7_est_GP_param.csv","rho",-0.373499564,5,7,150
"5_7_est_GP_param.csv","sigma",2.68561035,5,7,150
"5_7_est_GP_param.csv","mu[1]",-2.316754135,5,7,150
"5_7_est_GP_param.csv","mu[2]",-1.408965526,5,7,150
"5_7_est_GP_param.csv","mu[3]",5.399101414,5,7,150
"5_7_est_GP_param.csv","mu[4]",-0.195685039,5,7,150
"5_7_est_GP_param.csv","mu[5]",2.611643198,5,7,150
"5_8_est_GP_param.csv","alpha",3.298970225,5,8,150
"5_8_est_GP_param.csv","rho",-1.719617972,5,8,150
"5_8_est_GP_param.csv","sigma",1.146487206,5,8,150
"5_8_est_GP_param.csv","mu[1]",1.126741261,5,8,150
"5_8_est_GP_param.csv","mu[2]",0.569342025,5,8,150
"5_8_est_GP_param.csv","mu[3]",-0.088372447,5,8,150
"5_8_est_GP_param.csv","mu[4]",-2.070750156,5,8,150
"5_8_est_GP_param.csv","mu[5]",3.547316632,5,8,150
"5_9_est_GP_param.csv","alpha",2.919732534,5,9,150
"5_9_est_GP_param.csv","rho",-0.174235304,5,9,150
"5_9_est_GP_param.csv","sigma",2.540720581,5,9,150
"5_9_est_GP_param.csv","mu[1]",-0.569630374,5,9,150
"5_9_est_GP_param.csv","mu[2]",-2.391263617,5,9,150
"5_9_est_GP_param.csv","mu[3]",3.987430195,5,9,150
"5_9_est_GP_param.csv","mu[4]",0.147652503,5,9,150
"5_9_est_GP_param.csv","mu[5]",0.334181944,5,9,150
"6_10_est_GP_param.csv","alpha",2.864368388,6,10,150
"6_10_est_GP_param.csv","rho",-0.835878466,6,10,150
"6_10_est_GP_param.csv","sigma",2.018633723,6,10,150
"6_10_est_GP_param.csv","mu[1]",-4.088898049,6,10,150
"6_10_est_GP_param.csv","mu[2]",0.656300806,6,10,150
"6_10_est_GP_param.csv","mu[3]",0.181510768,6,10,150
"6_10_est_GP_param.csv","mu[4]",-3.324557375,6,10,150
"6_10_est_GP_param.csv","mu[5]",-1.3878715,6,10,150
"6_11_est_GP_param.csv","alpha",3.149880231,6,11,150
"6_11_est_GP_param.csv","rho",-2.567934023,6,11,150
"6_11_est_GP_param.csv","sigma",0.922840948,6,11,150
"6_11_est_GP_param.csv","mu[1]",-1.7139657,6,11,150
"6_11_est_GP_param.csv","mu[2]",0.039574317,6,11,150
"6_11_est_GP_param.csv","mu[3]",3.089161333,6,11,150
"6_11_est_GP_param.csv","mu[4]",0.778889043,6,11,150
"6_11_est_GP_param.csv","mu[5]",1.377559616,6,11,150
"6_12_est_GP_param.csv","alpha",2.447875032,6,12,150
"6_12_est_GP_param.csv","rho",-0.346552983,6,12,150
"6_12_est_GP_param.csv","sigma",2.668929394,6,12,150
"6_12_est_GP_param.csv","mu[1]",7.579153191,6,12,150
"6_12_est_GP_param.csv","mu[2]",-0.521026347,6,12,150
"6_12_est_GP_param.csv","mu[3]",-4.310326408,6,12,150
"6_12_est_GP_param.csv","mu[4]",4.185452288,6,12,150
"6_12_est_GP_param.csv","mu[5]",-0.230952802,6,12,150
"6_13_est_GP_param.csv","alpha",2.696794103,6,13,150
"6_13_est_GP_param.csv","rho",-0.035875425,6,13,150
"6_13_est_GP_param.csv","sigma",2.999064606,6,13,150
"6_13_est_GP_param.csv","mu[1]",-0.022590993,6,13,150
"6_13_est_GP_param.csv","mu[2]",2.975295783,6,13,150
"6_13_est_GP_param.csv","mu[3]",-1.528291465,6,13,150
"6_13_est_GP_param.csv","mu[4]",8.643849732,6,13,150
"6_13_est_GP_param.csv","mu[5]",-2.127101267,6,13,150
"6_14_est_GP_param.csv","alpha",2.600033073,6,14,150
"6_14_est_GP_param.csv","rho",-0.412366201,6,14,150
"6_14_est_GP_param.csv","sigma",2.693756287,6,14,150
"6_14_est_GP_param.csv","mu[1]",0.355220943,6,14,150
"6_14_est_GP_param.csv","mu[2]",0.265826675,6,14,150
"6_14_est_GP_param.csv","mu[3]",0.609412394,6,14,150
"6_14_est_GP_param.csv","mu[4]",-1.640936472,6,14,150
"6_14_est_GP_param.csv","mu[5]",3.340656629,6,14,150
"6_15_est_GP_param.csv","alpha",2.372883413,6,15,150
"6_15_est_GP_param.csv","rho",0.044559942,6,15,150
"6_15_est_GP_param.csv","sigma",2.631113359,6,15,150
"6_15_est_GP_param.csv","mu[1]",1.49747287,6,15,150
"6_15_est_GP_param.csv","mu[2]",1.742856077,6,15,150
"6_15_est_GP_param.csv","mu[3]",1.974729707,6,15,150
"6_15_est_GP_param.csv","mu[4]",2.477895864,6,15,150
"6_15_est_GP_param.csv","mu[5]",-2.350754998,6,15,150
"6_16_est_GP_param.csv","alpha",2.825681577,6,16,150
"6_16_est_GP_param.csv","rho",0.078265349,6,16,150
"6_16_est_GP_param.csv","sigma",2.621151479,6,16,150
"6_16_est_GP_param.csv","mu[1]",-0.22324746,6,16,150
"6_16_est_GP_param.csv","mu[2]",-0.394925885,6,16,150
"6_16_est_GP_param.csv","mu[3]",-2.256753461,6,16,150
"6_16_est_GP_param.csv","mu[4]",0.271455901,6,16,150
"6_16_est_GP_param.csv","mu[5]",4.138136836,6,16,150
"6_17_est_GP_param.csv","alpha",2.292491845,6,17,150
"6_17_est_GP_param.csv","rho",-1.164154055,6,17,150
"6_17_est_GP_param.csv","sigma",1.954247638,6,17,150
"6_17_est_GP_param.csv","mu[1]",3.203817237,6,17,150
"6_17_est_GP_param.csv","mu[2]",1.915297838,6,17,150
"6_17_est_GP_param.csv","mu[3]",-1.043121883,6,17,150
"6_17_est_GP_param.csv","mu[4]",2.256932359,6,17,150
"6_17_est_GP_param.csv","mu[5]",7.432969074,6,17,150
"6_18_est_GP_param.csv","alpha",3.091153552,6,18,150
"6_18_est_GP_param.csv","rho",-1.493694118,6,18,150
"6_18_est_GP_param.csv","sigma",1.838636566,6,18,150
"6_18_est_GP_param.csv","mu[1]",-0.234496916,6,18,150
"6_18_est_GP_param.csv","mu[2]",-0.783942648,6,18,150
"6_18_est_GP_param.csv","mu[3]",-0.849486069,6,18,150
"6_18_est_GP_param.csv","mu[4]",-0.174967365,6,18,150
"6_18_est_GP_param.csv","mu[5]",-3.13085414,6,18,150
"6_19_est_GP_param.csv","alpha",2.351774214,6,19,150
"6_19_est_GP_param.csv","rho",-0.452220383,6,19,150
"6_19_est_GP_param.csv","sigma",2.62658368,6,19,150
"6_19_est_GP_param.csv","mu[1]",-4.030507183,6,19,150
"6_19_est_GP_param.csv","mu[2]",0.964530515,6,19,150
"6_19_est_GP_param.csv","mu[3]",-1.22015046,6,19,150
"6_19_est_GP_param.csv","mu[4]",2.792364938,6,19,150
"6_19_est_GP_param.csv","mu[5]",-3.138262899,6,19,150
"6_2_est_GP_param.csv","alpha",2.927623674,6,2,150
"6_2_est_GP_param.csv","rho",-1.754493945,6,2,150
"6_2_est_GP_param.csv","sigma",1.875989731,6,2,150
"6_2_est_GP_param.csv","mu[1]",-1.778128841,6,2,150
"6_2_est_GP_param.csv","mu[2]",1.985397175,6,2,150
"6_2_est_GP_param.csv","mu[3]",-4.266895529,6,2,150
"6_2_est_GP_param.csv","mu[4]",-2.590891486,6,2,150
"6_2_est_GP_param.csv","mu[5]",0.343358381,6,2,150
"6_20_est_GP_param.csv","alpha",2.742075497,6,20,150
"6_20_est_GP_param.csv","rho",0.166028132,6,20,150
"6_20_est_GP_param.csv","sigma",2.668452442,6,20,150
"6_20_est_GP_param.csv","mu[1]",0.902474842,6,20,150
"6_20_est_GP_param.csv","mu[2]",-1.84967605,6,20,150
"6_20_est_GP_param.csv","mu[3]",3.673072642,6,20,150
"6_20_est_GP_param.csv","mu[4]",-1.850335554,6,20,150
"6_20_est_GP_param.csv","mu[5]",-0.550313082,6,20,150
"6_3_est_GP_param.csv","alpha",2.782257878,6,3,150
"6_3_est_GP_param.csv","rho",-0.945056221,6,3,150
"6_3_est_GP_param.csv","sigma",2.094106636,6,3,150
"6_3_est_GP_param.csv","mu[1]",-3.551394377,6,3,150
"6_3_est_GP_param.csv","mu[2]",5.586188543,6,3,150
"6_3_est_GP_param.csv","mu[3]",2.183027316,6,3,150
"6_3_est_GP_param.csv","mu[4]",4.463134268,6,3,150
"6_3_est_GP_param.csv","mu[5]",4.879832266,6,3,150
"6_4_est_GP_param.csv","alpha",2.852796539,6,4,150
"6_4_est_GP_param.csv","rho",0.539708015,6,4,150
"6_4_est_GP_param.csv","sigma",2.691564967,6,4,150
"6_4_est_GP_param.csv","mu[1]",-2.170275021,6,4,150
"6_4_est_GP_param.csv","mu[2]",-1.392488756,6,4,150
"6_4_est_GP_param.csv","mu[3]",-2.33942722,6,4,150
"6_4_est_GP_param.csv","mu[4]",-1.645656517,6,4,150
"6_4_est_GP_param.csv","mu[5]",-0.139369454,6,4,150
"6_5_est_GP_param.csv","alpha",2.96331877,6,5,150
"6_5_est_GP_param.csv","rho",-0.026158422,6,5,150
"6_5_est_GP_param.csv","sigma",2.720497355,6,5,150
"6_5_est_GP_param.csv","mu[1]",1.585344526,6,5,150
"6_5_est_GP_param.csv","mu[2]",0.70128015,6,5,150
"6_5_est_GP_param.csv","mu[3]",0.401933951,6,5,150
"6_5_est_GP_param.csv","mu[4]",1.164209122,6,5,150
"6_5_est_GP_param.csv","mu[5]",-3.955179864,6,5,150
"6_6_est_GP_param.csv","alpha",2.598498184,6,6,150
"6_6_est_GP_param.csv","rho",-0.393629296,6,6,150
"6_6_est_GP_param.csv","sigma",2.629614249,6,6,150
"6_6_est_GP_param.csv","mu[1]",6.0794434,6,6,150
"6_6_est_GP_param.csv","mu[2]",-3.246849475,6,6,150
"6_6_est_GP_param.csv","mu[3]",-3.5703234,6,6,150
"6_6_est_GP_param.csv","mu[4]",4.12403809,6,6,150
"6_6_est_GP_param.csv","mu[5]",5.205560117,6,6,150
"6_7_est_GP_param.csv","alpha",2.589017443,6,7,150
"6_7_est_GP_param.csv","rho",0.19580137,6,7,150
"6_7_est_GP_param.csv","sigma",2.829015788,6,7,150
"6_7_est_GP_param.csv","mu[1]",-3.461630526,6,7,150
"6_7_est_GP_param.csv","mu[2]",5.680315331,6,7,150
"6_7_est_GP_param.csv","mu[3]",-0.9381271,6,7,150
"6_7_est_GP_param.csv","mu[4]",-1.667162066,6,7,150
"6_7_est_GP_param.csv","mu[5]",2.734827951,6,7,150
"6_8_est_GP_param.csv","alpha",3.245135691,6,8,150
"6_8_est_GP_param.csv","rho",-0.70103153,6,8,150
"6_8_est_GP_param.csv","sigma",2.057503223,6,8,150
"6_8_est_GP_param.csv","mu[1]",2.747057569,6,8,150
"6_8_est_GP_param.csv","mu[2]",1.44569648,6,8,150
"6_8_est_GP_param.csv","mu[3]",-3.556254976,6,8,150
"6_8_est_GP_param.csv","mu[4]",-1.755708112,6,8,150
"6_8_est_GP_param.csv","mu[5]",2.676907679,6,8,150
"6_9_est_GP_param.csv","alpha",2.802882114,6,9,150
"6_9_est_GP_param.csv","rho",-0.00932369,6,9,150
"6_9_est_GP_param.csv","sigma",2.715962888,6,9,150
"6_9_est_GP_param.csv","mu[1]",4.371870423,6,9,150
"6_9_est_GP_param.csv","mu[2]",-0.102697024,6,9,150
"6_9_est_GP_param.csv","mu[3]",-1.012918788,6,9,150
"6_9_est_GP_param.csv","mu[4]",-3.708333928,6,9,150
"6_9_est_GP_param.csv","mu[5]",2.487284026,6,9,150
"7_10_est_GP_param.csv","alpha",3.336405649,7,10,150
"7_10_est_GP_param.csv","rho",1.243273077,7,10,150
"7_10_est_GP_param.csv","sigma",2.935714478,7,10,150
"7_10_est_GP_param.csv","mu[1]",0.598444622,7,10,150
"7_10_est_GP_param.csv","mu[2]",2.515385059,7,10,150
"7_10_est_GP_param.csv","mu[3]",-0.037259167,7,10,150
"7_10_est_GP_param.csv","mu[4]",0.879125783,7,10,150
"7_10_est_GP_param.csv","mu[5]",3.505365183,7,10,150
"7_11_est_GP_param.csv","alpha",3.007350564,7,11,150
"7_11_est_GP_param.csv","rho",0.762514077,7,11,150
"7_11_est_GP_param.csv","sigma",2.769583291,7,11,150
"7_11_est_GP_param.csv","mu[1]",0.166268414,7,11,150
"7_11_est_GP_param.csv","mu[2]",-0.751565974,7,11,150
"7_11_est_GP_param.csv","mu[3]",2.021107331,7,11,150
"7_11_est_GP_param.csv","mu[4]",-3.542533466,7,11,150
"7_11_est_GP_param.csv","mu[5]",2.056546329,7,11,150
"7_12_est_GP_param.csv","alpha",2.877292564,7,12,150
"7_12_est_GP_param.csv","rho",-0.839758434,7,12,150
"7_12_est_GP_param.csv","sigma",2.224826962,7,12,150
"7_12_est_GP_param.csv","mu[1]",-2.652837715,7,12,150
"7_12_est_GP_param.csv","mu[2]",-4.366105256,7,12,150
"7_12_est_GP_param.csv","mu[3]",5.466812747,7,12,150
"7_12_est_GP_param.csv","mu[4]",-2.214251448,7,12,150
"7_12_est_GP_param.csv","mu[5]",-0.536537916,7,12,150
"7_13_est_GP_param.csv","alpha",3.20199878,7,13,150
"7_13_est_GP_param.csv","rho",0.435515651,7,13,150
"7_13_est_GP_param.csv","sigma",2.739576506,7,13,150
"7_13_est_GP_param.csv","mu[1]",1.187902179,7,13,150
"7_13_est_GP_param.csv","mu[2]",4.237568994,7,13,150
"7_13_est_GP_param.csv","mu[3]",-3.695871433,7,13,150
"7_13_est_GP_param.csv","mu[4]",-0.653198375,7,13,150
"7_13_est_GP_param.csv","mu[5]",0.792883406,7,13,150
"7_14_est_GP_param.csv","alpha",3.624094671,7,14,150
"7_14_est_GP_param.csv","rho",0.846748706,7,14,150
"7_14_est_GP_param.csv","sigma",2.712313647,7,14,150
"7_14_est_GP_param.csv","mu[1]",2.509038261,7,14,150
"7_14_est_GP_param.csv","mu[2]",-1.708052375,7,14,150
"7_14_est_GP_param.csv","mu[3]",-1.325510492,7,14,150
"7_14_est_GP_param.csv","mu[4]",1.584692582,7,14,150
"7_14_est_GP_param.csv","mu[5]",-3.941989816,7,14,150
"7_15_est_GP_param.csv","alpha",2.821332633,7,15,150
"7_15_est_GP_param.csv","rho",0.945772606,7,15,150
"7_15_est_GP_param.csv","sigma",2.916982107,7,15,150
"7_15_est_GP_param.csv","mu[1]",2.900339005,7,15,150
"7_15_est_GP_param.csv","mu[2]",-3.461398363,7,15,150
"7_15_est_GP_param.csv","mu[3]",-2.022491894,7,15,150
"7_15_est_GP_param.csv","mu[4]",-1.207579298,7,15,150
"7_15_est_GP_param.csv","mu[5]",-1.94997512,7,15,150
"7_16_est_GP_param.csv","alpha",2.715916524,7,16,150
"7_16_est_GP_param.csv","rho",0.48720096,7,16,150
"7_16_est_GP_param.csv","sigma",2.857659559,7,16,150
"7_16_est_GP_param.csv","mu[1]",-2.108215713,7,16,150
"7_16_est_GP_param.csv","mu[2]",0.57399833,7,16,150
"7_16_est_GP_param.csv","mu[3]",-0.919488758,7,16,150
"7_16_est_GP_param.csv","mu[4]",0.502794367,7,16,150
"7_16_est_GP_param.csv","mu[5]",6.200169251,7,16,150
"7_17_est_GP_param.csv","alpha",3.210181758,7,17,150
"7_17_est_GP_param.csv","rho",-1.608947178,7,17,150
"7_17_est_GP_param.csv","sigma",0.875080954,7,17,150
"7_17_est_GP_param.csv","mu[1]",1.680604393,7,17,150
"7_17_est_GP_param.csv","mu[2]",0.957085291,7,17,150
"7_17_est_GP_param.csv","mu[3]",-0.861961717,7,17,150
"7_17_est_GP_param.csv","mu[4]",-0.948722866,7,17,150
"7_17_est_GP_param.csv","mu[5]",-0.558447133,7,17,150
"7_18_est_GP_param.csv","alpha",3.950527087,7,18,150
"7_18_est_GP_param.csv","rho",1.868529114,7,18,150
"7_18_est_GP_param.csv","sigma",3.034176594,7,18,150
"7_18_est_GP_param.csv","mu[1]",1.689645792,7,18,150
"7_18_est_GP_param.csv","mu[2]",-2.854997343,7,18,150
"7_18_est_GP_param.csv","mu[3]",3.073861341,7,18,150
"7_18_est_GP_param.csv","mu[4]",2.234617666,7,18,150
"7_18_est_GP_param.csv","mu[5]",-3.225628925,7,18,150
"7_19_est_GP_param.csv","alpha",3.333576766,7,19,150
"7_19_est_GP_param.csv","rho",1.18061814,7,19,150
"7_19_est_GP_param.csv","sigma",2.944106189,7,19,150
"7_19_est_GP_param.csv","mu[1]",-2.493350073,7,19,150
"7_19_est_GP_param.csv","mu[2]",-0.203328736,7,19,150
"7_19_est_GP_param.csv","mu[3]",-2.882836252,7,19,150
"7_19_est_GP_param.csv","mu[4]",-1.638167451,7,19,150
"7_19_est_GP_param.csv","mu[5]",-1.410998852,7,19,150
"7_2_est_GP_param.csv","alpha",2.876432942,7,2,150
"7_2_est_GP_param.csv","rho",1.285459771,7,2,150
"7_2_est_GP_param.csv","sigma",2.937724642,7,2,150
"7_2_est_GP_param.csv","mu[1]",-0.521433675,7,2,150
"7_2_est_GP_param.csv","mu[2]",1.978143027,7,2,150
"7_2_est_GP_param.csv","mu[3]",0.540700511,7,2,150
"7_2_est_GP_param.csv","mu[4]",3.662527696,7,2,150
"7_2_est_GP_param.csv","mu[5]",1.469523015,7,2,150
"7_20_est_GP_param.csv","alpha",2.817417615,7,20,150
"7_20_est_GP_param.csv","rho",0.256823676,7,20,150
"7_20_est_GP_param.csv","sigma",2.921439916,7,20,150
"7_20_est_GP_param.csv","mu[1]",0.402850861,7,20,150
"7_20_est_GP_param.csv","mu[2]",-3.196940578,7,20,150
"7_20_est_GP_param.csv","mu[3]",3.831127602,7,20,150
"7_20_est_GP_param.csv","mu[4]",-3.396804286,7,20,150
"7_20_est_GP_param.csv","mu[5]",0.987218778,7,20,150
"7_3_est_GP_param.csv","alpha",2.337743303,7,3,150
"7_3_est_GP_param.csv","rho",0.346968901,7,3,150
"7_3_est_GP_param.csv","sigma",2.716971588,7,3,150
"7_3_est_GP_param.csv","mu[1]",0.275714089,7,3,150
"7_3_est_GP_param.csv","mu[2]",3.694542769,7,3,150
"7_3_est_GP_param.csv","mu[3]",1.519989487,7,3,150
"7_3_est_GP_param.csv","mu[4]",-0.619945404,7,3,150
"7_3_est_GP_param.csv","mu[5]",3.113091272,7,3,150
"7_4_est_GP_param.csv","alpha",3.01943735,7,4,150
"7_4_est_GP_param.csv","rho",1.137895853,7,4,150
"7_4_est_GP_param.csv","sigma",2.997714103,7,4,150
"7_4_est_GP_param.csv","mu[1]",1.808310543,7,4,150
"7_4_est_GP_param.csv","mu[2]",2.309878941,7,4,150
"7_4_est_GP_param.csv","mu[3]",2.367772276,7,4,150
"7_4_est_GP_param.csv","mu[4]",-3.078544126,7,4,150
"7_4_est_GP_param.csv","mu[5]",-1.90246815,7,4,150
"7_5_est_GP_param.csv","alpha",3.06807596,7,5,150
"7_5_est_GP_param.csv","rho",0.775365181,7,5,150
"7_5_est_GP_param.csv","sigma",2.830775628,7,5,150
"7_5_est_GP_param.csv","mu[1]",-2.446376264,7,5,150
"7_5_est_GP_param.csv","mu[2]",4.088448072,7,5,150
"7_5_est_GP_param.csv","mu[3]",4.756348271,7,5,150
"7_5_est_GP_param.csv","mu[4]",0.229222837,7,5,150
"7_5_est_GP_param.csv","mu[5]",-2.736485759,7,5,150
"7_6_est_GP_param.csv","alpha",2.847151519,7,6,150
"7_6_est_GP_param.csv","rho",1.163336079,7,6,150
"7_6_est_GP_param.csv","sigma",3.164735989,7,6,150
"7_6_est_GP_param.csv","mu[1]",-2.631479741,7,6,150
"7_6_est_GP_param.csv","mu[2]",-0.759538169,7,6,150
"7_6_est_GP_param.csv","mu[3]",5.000664063,7,6,150
"7_6_est_GP_param.csv","mu[4]",2.872518298,7,6,150
"7_6_est_GP_param.csv","mu[5]",2.667957195,7,6,150
"7_7_est_GP_param.csv","alpha",2.350089825,7,7,150
"7_7_est_GP_param.csv","rho",0.867593653,7,7,150
"7_7_est_GP_param.csv","sigma",2.734921046,7,7,150
"7_7_est_GP_param.csv","mu[1]",-0.369772041,7,7,150
"7_7_est_GP_param.csv","mu[2]",6.028668902,7,7,150
"7_7_est_GP_param.csv","mu[3]",-2.046340793,7,7,150
"7_7_est_GP_param.csv","mu[4]",0.752989309,7,7,150
"7_7_est_GP_param.csv","mu[5]",0.660520252,7,7,150
"7_8_est_GP_param.csv","alpha",3.055839619,7,8,150
"7_8_est_GP_param.csv","rho",0.712690491,7,8,150
"7_8_est_GP_param.csv","sigma",2.44189784,7,8,150
"7_8_est_GP_param.csv","mu[1]",1.676624653,7,8,150
"7_8_est_GP_param.csv","mu[2]",-2.653014226,7,8,150
"7_8_est_GP_param.csv","mu[3]",2.268700349,7,8,150
"7_8_est_GP_param.csv","mu[4]",-2.770154682,7,8,150
"7_8_est_GP_param.csv","mu[5]",-3.740795543,7,8,150
"7_9_est_GP_param.csv","alpha",3.29759253,7,9,150
"7_9_est_GP_param.csv","rho",-0.767725299,7,9,150
"7_9_est_GP_param.csv","sigma",1.968872031,7,9,150
"7_9_est_GP_param.csv","mu[1]",2.49969299,7,9,150
"7_9_est_GP_param.csv","mu[2]",5.786940319,7,9,150
"7_9_est_GP_param.csv","mu[3]",-2.828267918,7,9,150
"7_9_est_GP_param.csv","mu[4]",2.789796738,7,9,150
"7_9_est_GP_param.csv","mu[5]",3.461650721,7,9,150
"8_10_est_GP_param.csv","alpha",3.001589397,8,10,150
"8_10_est_GP_param.csv","rho",0.538296137,8,10,150
"8_10_est_GP_param.csv","sigma",2.723227735,8,10,150
"8_10_est_GP_param.csv","mu[1]",-0.80472552,8,10,150
"8_10_est_GP_param.csv","mu[2]",-3.448817426,8,10,150
"8_10_est_GP_param.csv","mu[3]",-1.597211608,8,10,150
"8_10_est_GP_param.csv","mu[4]",4.923915961,8,10,150
"8_10_est_GP_param.csv","mu[5]",2.866033955,8,10,150
"8_11_est_GP_param.csv","alpha",2.582006694,8,11,150
"8_11_est_GP_param.csv","rho",0.429763981,8,11,150
"8_11_est_GP_param.csv","sigma",3.031014964,8,11,150
"8_11_est_GP_param.csv","mu[1]",-1.812495292,8,11,150
"8_11_est_GP_param.csv","mu[2]",0.326720107,8,11,150
"8_11_est_GP_param.csv","mu[3]",-2.931015512,8,11,150
"8_11_est_GP_param.csv","mu[4]",-3.386799096,8,11,150
"8_11_est_GP_param.csv","mu[5]",-2.511685211,8,11,150
"8_12_est_GP_param.csv","alpha",3.12655373,8,12,150
"8_12_est_GP_param.csv","rho",0.990449759,8,12,150
"8_12_est_GP_param.csv","sigma",2.639217306,8,12,150
"8_12_est_GP_param.csv","mu[1]",-0.008569172,8,12,150
"8_12_est_GP_param.csv","mu[2]",3.547043688,8,12,150
"8_12_est_GP_param.csv","mu[3]",1.534635085,8,12,150
"8_12_est_GP_param.csv","mu[4]",-3.376554301,8,12,150
"8_12_est_GP_param.csv","mu[5]",2.561491159,8,12,150
"8_13_est_GP_param.csv","alpha",2.722644349,8,13,150
"8_13_est_GP_param.csv","rho",-0.264900575,8,13,150
"8_13_est_GP_param.csv","sigma",2.39135123,8,13,150
"8_13_est_GP_param.csv","mu[1]",1.029579778,8,13,150
"8_13_est_GP_param.csv","mu[2]",-2.409025486,8,13,150
"8_13_est_GP_param.csv","mu[3]",2.821559221,8,13,150
"8_13_est_GP_param.csv","mu[4]",5.841518181,8,13,150
"8_13_est_GP_param.csv","mu[5]",-1.827872463,8,13,150
"8_14_est_GP_param.csv","alpha",3.315657843,8,14,150
"8_14_est_GP_param.csv","rho",0.97789922,8,14,150
"8_14_est_GP_param.csv","sigma",3.112690702,8,14,150
"8_14_est_GP_param.csv","mu[1]",-3.716840133,8,14,150
"8_14_est_GP_param.csv","mu[2]",2.883189661,8,14,150
"8_14_est_GP_param.csv","mu[3]",-1.284304681,8,14,150
"8_14_est_GP_param.csv","mu[4]",-1.685961668,8,14,150
"8_14_est_GP_param.csv","mu[5]",-1.753857022,8,14,150
"8_15_est_GP_param.csv","alpha",3.188086982,8,15,150
"8_15_est_GP_param.csv","rho",1.335656658,8,15,150
"8_15_est_GP_param.csv","sigma",2.939338736,8,15,150
"8_15_est_GP_param.csv","mu[1]",0.646706294,8,15,150
"8_15_est_GP_param.csv","mu[2]",2.66537743,8,15,150
"8_15_est_GP_param.csv","mu[3]",3.638315384,8,15,150
"8_15_est_GP_param.csv","mu[4]",-2.428115969,8,15,150
"8_15_est_GP_param.csv","mu[5]",-0.816017261,8,15,150
"8_16_est_GP_param.csv","alpha",2.609753336,8,16,150
"8_16_est_GP_param.csv","rho",0.039156049,8,16,150
"8_16_est_GP_param.csv","sigma",2.960369336,8,16,150
"8_16_est_GP_param.csv","mu[1]",-2.735192165,8,16,150
"8_16_est_GP_param.csv","mu[2]",-1.502751223,8,16,150
"8_16_est_GP_param.csv","mu[3]",0.548455337,8,16,150
"8_16_est_GP_param.csv","mu[4]",-3.876329602,8,16,150
"8_16_est_GP_param.csv","mu[5]",0.044817052,8,16,150
"8_17_est_GP_param.csv","alpha",3.071847563,8,17,150
"8_17_est_GP_param.csv","rho",-1.184883385,8,17,150
"8_17_est_GP_param.csv","sigma",1.763686893,8,17,150
"8_17_est_GP_param.csv","mu[1]",2.305474463,8,17,150
"8_17_est_GP_param.csv","mu[2]",-2.485803743,8,17,150
"8_17_est_GP_param.csv","mu[3]",-1.802031806,8,17,150
"8_17_est_GP_param.csv","mu[4]",2.970868411,8,17,150
"8_17_est_GP_param.csv","mu[5]",-1.282377907,8,17,150
"8_18_est_GP_param.csv","alpha",3.095355562,8,18,150
"8_18_est_GP_param.csv","rho",-1.466272289,8,18,150
"8_18_est_GP_param.csv","sigma",1.861957332,8,18,150
"8_18_est_GP_param.csv","mu[1]",-2.904128234,8,18,150
"8_18_est_GP_param.csv","mu[2]",4.071009288,8,18,150
"8_18_est_GP_param.csv","mu[3]",2.516799829,8,18,150
"8_18_est_GP_param.csv","mu[4]",-4.121637667,8,18,150
"8_18_est_GP_param.csv","mu[5]",1.704946541,8,18,150
"8_19_est_GP_param.csv","alpha",3.447483324,8,19,150
"8_19_est_GP_param.csv","rho",0.536772174,8,19,150
"8_19_est_GP_param.csv","sigma",2.657120372,8,19,150
"8_19_est_GP_param.csv","mu[1]",0.74711252,8,19,150
"8_19_est_GP_param.csv","mu[2]",3.569905569,8,19,150
"8_19_est_GP_param.csv","mu[3]",-0.554758125,8,19,150
"8_19_est_GP_param.csv","mu[4]",-0.309432158,8,19,150
"8_19_est_GP_param.csv","mu[5]",-0.282305054,8,19,150
"8_2_est_GP_param.csv","alpha",2.375437462,8,2,150
"8_2_est_GP_param.csv","rho",-1.550774843,8,2,150
"8_2_est_GP_param.csv","sigma",1.935749627,8,2,150
"8_2_est_GP_param.csv","mu[1]",0.251816769,8,2,150
"8_2_est_GP_param.csv","mu[2]",1.771130706,8,2,150
"8_2_est_GP_param.csv","mu[3]",5.963185538,8,2,150
"8_2_est_GP_param.csv","mu[4]",1.248018648,8,2,150
"8_2_est_GP_param.csv","mu[5]",-3.940963948,8,2,150
"8_20_est_GP_param.csv","alpha",3.466804991,8,20,150
"8_20_est_GP_param.csv","rho",1.03601909,8,20,150
"8_20_est_GP_param.csv","sigma",2.842231579,8,20,150
"8_20_est_GP_param.csv","mu[1]",3.849838452,8,20,150
"8_20_est_GP_param.csv","mu[2]",-1.994402643,8,20,150
"8_20_est_GP_param.csv","mu[3]",3.800786921,8,20,150
"8_20_est_GP_param.csv","mu[4]",2.311546488,8,20,150
"8_20_est_GP_param.csv","mu[5]",-0.16846671,8,20,150
"8_3_est_GP_param.csv","alpha",2.453376629,8,3,150
"8_3_est_GP_param.csv","rho",-0.604262142,8,3,150
"8_3_est_GP_param.csv","sigma",2.271977577,8,3,150
"8_3_est_GP_param.csv","mu[1]",1.222074094,8,3,150
"8_3_est_GP_param.csv","mu[2]",-0.358728676,8,3,150
"8_3_est_GP_param.csv","mu[3]",-0.638290562,8,3,150
"8_3_est_GP_param.csv","mu[4]",0.723304417,8,3,150
"8_3_est_GP_param.csv","mu[5]",1.738647567,8,3,150
"8_4_est_GP_param.csv","alpha",3.702216731,8,4,150
"8_4_est_GP_param.csv","rho",1.852678371,8,4,150
"8_4_est_GP_param.csv","sigma",2.892531286,8,4,150
"8_4_est_GP_param.csv","mu[1]",-3.184635396,8,4,150
"8_4_est_GP_param.csv","mu[2]",3.494009813,8,4,150
"8_4_est_GP_param.csv","mu[3]",-0.538183063,8,4,150
"8_4_est_GP_param.csv","mu[4]",1.727387397,8,4,150
"8_4_est_GP_param.csv","mu[5]",7.299267835,8,4,150
"8_5_est_GP_param.csv","alpha",2.701165181,8,5,150
"8_5_est_GP_param.csv","rho",-1.114529983,8,5,150
"8_5_est_GP_param.csv","sigma",2.714897847,8,5,150
"8_5_est_GP_param.csv","mu[1]",-1.519644259,8,5,150
"8_5_est_GP_param.csv","mu[2]",1.278251179,8,5,150
"8_5_est_GP_param.csv","mu[3]",-1.692423318,8,5,150
"8_5_est_GP_param.csv","mu[4]",-2.942876298,8,5,150
"8_5_est_GP_param.csv","mu[5]",-3.435271105,8,5,150
"8_6_est_GP_param.csv","alpha",2.176660784,8,6,150
"8_6_est_GP_param.csv","rho",0.157777709,8,6,150
"8_6_est_GP_param.csv","sigma",2.457954333,8,6,150
"8_6_est_GP_param.csv","mu[1]",-1.289028989,8,6,150
"8_6_est_GP_param.csv","mu[2]",0.524431514,8,6,150
"8_6_est_GP_param.csv","mu[3]",1.622824794,8,6,150
"8_6_est_GP_param.csv","mu[4]",-1.14907118,8,6,150
"8_6_est_GP_param.csv","mu[5]",-0.167884992,8,6,150
"8_7_est_GP_param.csv","alpha",3.817432677,8,7,150
"8_7_est_GP_param.csv","rho",1.806600296,8,7,150
"8_7_est_GP_param.csv","sigma",3.209551712,8,7,150
"8_7_est_GP_param.csv","mu[1]",3.175935358,8,7,150
"8_7_est_GP_param.csv","mu[2]",-3.295112596,8,7,150
"8_7_est_GP_param.csv","mu[3]",-0.870506293,8,7,150
"8_7_est_GP_param.csv","mu[4]",-1.982288339,8,7,150
"8_7_est_GP_param.csv","mu[5]",1.038334248,8,7,150
"8_8_est_GP_param.csv","alpha",2.969873425,8,8,150
"8_8_est_GP_param.csv","rho",0.820388844,8,8,150
"8_8_est_GP_param.csv","sigma",2.982966921,8,8,150
"8_8_est_GP_param.csv","mu[1]",-2.249078554,8,8,150
"8_8_est_GP_param.csv","mu[2]",1.859290031,8,8,150
"8_8_est_GP_param.csv","mu[3]",3.889268092,8,8,150
"8_8_est_GP_param.csv","mu[4]",0.487024035,8,8,150
"8_8_est_GP_param.csv","mu[5]",1.240029561,8,8,150
"8_9_est_GP_param.csv","alpha",3.313215006,8,9,150
"8_9_est_GP_param.csv","rho",-1.640725774,8,9,150
"8_9_est_GP_param.csv","sigma",0.808444754,8,9,150
"8_9_est_GP_param.csv","mu[1]",-2.352762988,8,9,150
"8_9_est_GP_param.csv","mu[2]",5.037818514,8,9,150
"8_9_est_GP_param.csv","mu[3]",-4.357211309,8,9,150
"8_9_est_GP_param.csv","mu[4]",-1.491984667,8,9,150
"8_9_est_GP_param.csv","mu[5]",1.590431509,8,9,150
"9_10_est_GP_param.csv","alpha",3.44228986,9,10,150
"9_10_est_GP_param.csv","rho",1.594350519,9,10,150
"9_10_est_GP_param.csv","sigma",2.872580217,9,10,150
"9_10_est_GP_param.csv","mu[1]",0.416623619,9,10,150
"9_10_est_GP_param.csv","mu[2]",-1.470513279,9,10,150
"9_10_est_GP_param.csv","mu[3]",-1.742441005,9,10,150
"9_10_est_GP_param.csv","mu[4]",0.508383538,9,10,150
"9_10_est_GP_param.csv","mu[5]",-1.469964734,9,10,150
"9_11_est_GP_param.csv","alpha",4.559479291,9,11,150
"9_11_est_GP_param.csv","rho",1.637075473,9,11,150
"9_11_est_GP_param.csv","sigma",2.870519398,9,11,150
"9_11_est_GP_param.csv","mu[1]",0.783770961,9,11,150
"9_11_est_GP_param.csv","mu[2]",0.479986149,9,11,150
"9_11_est_GP_param.csv","mu[3]",0.96138549,9,11,150
"9_11_est_GP_param.csv","mu[4]",-3.31154062,9,11,150
"9_11_est_GP_param.csv","mu[5]",0.360770929,9,11,150
"9_12_est_GP_param.csv","alpha",2.36500143,9,12,150
"9_12_est_GP_param.csv","rho",-0.555525946,9,12,150
"9_12_est_GP_param.csv","sigma",2.474885117,9,12,150
"9_12_est_GP_param.csv","mu[1]",3.957523126,9,12,150
"9_12_est_GP_param.csv","mu[2]",3.747078927,9,12,150
"9_12_est_GP_param.csv","mu[3]",1.056622367,9,12,150
"9_12_est_GP_param.csv","mu[4]",2.366691197,9,12,150
"9_12_est_GP_param.csv","mu[5]",-0.966839457,9,12,150
"9_13_est_GP_param.csv","alpha",2.671330214,9,13,150
"9_13_est_GP_param.csv","rho",1.001654558,9,13,150
"9_13_est_GP_param.csv","sigma",3.091045214,9,13,150
"9_13_est_GP_param.csv","mu[1]",5.526795749,9,13,150
"9_13_est_GP_param.csv","mu[2]",1.83419793,9,13,150
"9_13_est_GP_param.csv","mu[3]",1.777753722,9,13,150
"9_13_est_GP_param.csv","mu[4]",0.042972802,9,13,150
"9_13_est_GP_param.csv","mu[5]",0.679248925,9,13,150
"9_14_est_GP_param.csv","alpha",3.197402947,9,14,150
"9_14_est_GP_param.csv","rho",1.361230126,9,14,150
"9_14_est_GP_param.csv","sigma",2.980820026,9,14,150
"9_14_est_GP_param.csv","mu[1]",-0.099619649,9,14,150
"9_14_est_GP_param.csv","mu[2]",0.744022704,9,14,150
"9_14_est_GP_param.csv","mu[3]",4.867406519,9,14,150
"9_14_est_GP_param.csv","mu[4]",1.870617804,9,14,150
"9_14_est_GP_param.csv","mu[5]",5.726034764,9,14,150
"9_15_est_GP_param.csv","alpha",3.734265232,9,15,150
"9_15_est_GP_param.csv","rho",1.603773183,9,15,150
"9_15_est_GP_param.csv","sigma",2.843100459,9,15,150
"9_15_est_GP_param.csv","mu[1]",0.195370834,9,15,150
"9_15_est_GP_param.csv","mu[2]",-1.635101631,9,15,150
"9_15_est_GP_param.csv","mu[3]",-2.971212356,9,15,150
"9_15_est_GP_param.csv","mu[4]",-2.486907859,9,15,150
"9_15_est_GP_param.csv","mu[5]",-1.483806333,9,15,150
"9_16_est_GP_param.csv","alpha",2.771661381,9,16,150
"9_16_est_GP_param.csv","rho",1.660619309,9,16,150
"9_16_est_GP_param.csv","sigma",2.760956995,9,16,150
"9_16_est_GP_param.csv","mu[1]",-0.970355533,9,16,150
"9_16_est_GP_param.csv","mu[2]",-1.704289834,9,16,150
"9_16_est_GP_param.csv","mu[3]",4.258750217,9,16,150
"9_16_est_GP_param.csv","mu[4]",4.833999719,9,16,150
"9_16_est_GP_param.csv","mu[5]",0.167784504,9,16,150
"9_17_est_GP_param.csv","alpha",3.609600263,9,17,150
"9_17_est_GP_param.csv","rho",1.910310521,9,17,150
"9_17_est_GP_param.csv","sigma",2.758830009,9,17,150
"9_17_est_GP_param.csv","mu[1]",-1.005617245,9,17,150
"9_17_est_GP_param.csv","mu[2]",3.484269467,9,17,150
"9_17_est_GP_param.csv","mu[3]",5.758430831,9,17,150
"9_17_est_GP_param.csv","mu[4]",0.184971229,9,17,150
"9_17_est_GP_param.csv","mu[5]",1.943289714,9,17,150
"9_18_est_GP_param.csv","alpha",2.770149188,9,18,150
"9_18_est_GP_param.csv","rho",0.662668072,9,18,150
"9_18_est_GP_param.csv","sigma",2.689077761,9,18,150
"9_18_est_GP_param.csv","mu[1]",-0.267170957,9,18,150
"9_18_est_GP_param.csv","mu[2]",3.40738655,9,18,150
"9_18_est_GP_param.csv","mu[3]",1.517701131,9,18,150
"9_18_est_GP_param.csv","mu[4]",-1.12315447,9,18,150
"9_18_est_GP_param.csv","mu[5]",0.362043622,9,18,150
"9_19_est_GP_param.csv","alpha",3.099435654,9,19,150
"9_19_est_GP_param.csv","rho",1.506232001,9,19,150
"9_19_est_GP_param.csv","sigma",2.897520806,9,19,150
"9_19_est_GP_param.csv","mu[1]",-0.067931098,9,19,150
"9_19_est_GP_param.csv","mu[2]",2.265858116,9,19,150
"9_19_est_GP_param.csv","mu[3]",2.638038315,9,19,150
"9_19_est_GP_param.csv","mu[4]",-0.543349095,9,19,150
"9_19_est_GP_param.csv","mu[5]",0.661461375,9,19,150
"9_2_est_GP_param.csv","alpha",2.378386415,9,2,150
"9_2_est_GP_param.csv","rho",0.871333056,9,2,150
"9_2_est_GP_param.csv","sigma",2.61127651,9,2,150
"9_2_est_GP_param.csv","mu[1]",-2.024559352,9,2,150
"9_2_est_GP_param.csv","mu[2]",-2.608697483,9,2,150
"9_2_est_GP_param.csv","mu[3]",4.230688232,9,2,150
"9_2_est_GP_param.csv","mu[4]",-0.542199371,9,2,150
"9_2_est_GP_param.csv","mu[5]",-2.226842357,9,2,150
"9_20_est_GP_param.csv","alpha",3.069290759,9,20,150
"9_20_est_GP_param.csv","rho",1.266138138,9,20,150
"9_20_est_GP_param.csv","sigma",2.703626232,9,20,150
"9_20_est_GP_param.csv","mu[1]",2.838662635,9,20,150
"9_20_est_GP_param.csv","mu[2]",-2.850580467,9,20,150
"9_20_est_GP_param.csv","mu[3]",-1.415230531,9,20,150
"9_20_est_GP_param.csv","mu[4]",-0.388244705,9,20,150
"9_20_est_GP_param.csv","mu[5]",-2.127024174,9,20,150
"9_3_est_GP_param.csv","alpha",2.834816796,9,3,150
"9_3_est_GP_param.csv","rho",1.239839251,9,3,150
"9_3_est_GP_param.csv","sigma",2.728833568,9,3,150
"9_3_est_GP_param.csv","mu[1]",0.852538515,9,3,150
"9_3_est_GP_param.csv","mu[2]",-1.075550204,9,3,150
"9_3_est_GP_param.csv","mu[3]",0.550740674,9,3,150
"9_3_est_GP_param.csv","mu[4]",1.085809592,9,3,150
"9_3_est_GP_param.csv","mu[5]",2.170095352,9,3,150
"9_4_est_GP_param.csv","alpha",3.074218515,9,4,150
"9_4_est_GP_param.csv","rho",-2.365448756,9,4,150
"9_4_est_GP_param.csv","sigma",0.654450063,9,4,150
"9_4_est_GP_param.csv","mu[1]",4.682047897,9,4,150
"9_4_est_GP_param.csv","mu[2]",3.584907185,9,4,150
"9_4_est_GP_param.csv","mu[3]",-3.087458426,9,4,150
"9_4_est_GP_param.csv","mu[4]",-3.018791024,9,4,150
"9_4_est_GP_param.csv","mu[5]",-1.898641704,9,4,150
"9_5_est_GP_param.csv","alpha",2.297054801,9,5,150
"9_5_est_GP_param.csv","rho",-0.988664323,9,5,150
"9_5_est_GP_param.csv","sigma",2.16321064,9,5,150
"9_5_est_GP_param.csv","mu[1]",-3.85282629,9,5,150
"9_5_est_GP_param.csv","mu[2]",2.307835096,9,5,150
"9_5_est_GP_param.csv","mu[3]",3.151607551,9,5,150
"9_5_est_GP_param.csv","mu[4]",-0.997201308,9,5,150
"9_5_est_GP_param.csv","mu[5]",0.734467962,9,5,150
"9_6_est_GP_param.csv","alpha",3.197476485,9,6,150
"9_6_est_GP_param.csv","rho",1.639829542,9,6,150
"9_6_est_GP_param.csv","sigma",2.583132399,9,6,150
"9_6_est_GP_param.csv","mu[1]",-1.756394727,9,6,150
"9_6_est_GP_param.csv","mu[2]",-0.621961419,9,6,150
"9_6_est_GP_param.csv","mu[3]",2.458755484,9,6,150
"9_6_est_GP_param.csv","mu[4]",-0.285688634,9,6,150
"9_6_est_GP_param.csv","mu[5]",-2.491306644,9,6,150
"9_7_est_GP_param.csv","alpha",2.61283262,9,7,150
"9_7_est_GP_param.csv","rho",0.93302607,9,7,150
"9_7_est_GP_param.csv","sigma",2.891883393,9,7,150
"9_7_est_GP_param.csv","mu[1]",4.652859926,9,7,150
"9_7_est_GP_param.csv","mu[2]",-1.002791131,9,7,150
"9_7_est_GP_param.csv","mu[3]",3.525542395,9,7,150
"9_7_est_GP_param.csv","mu[4]",-0.471730767,9,7,150
"9_7_est_GP_param.csv","mu[5]",2.092243289,9,7,150
"9_8_est_GP_param.csv","alpha",3.111194962,9,8,150
"9_8_est_GP_param.csv","rho",-2.302410291,9,8,150
"9_8_est_GP_param.csv","sigma",1.18168661,9,8,150
"9_8_est_GP_param.csv","mu[1]",1.157376237,9,8,150
"9_8_est_GP_param.csv","mu[2]",0.86874589,9,8,150
"9_8_est_GP_param.csv","mu[3]",-0.791742441,9,8,150
"9_8_est_GP_param.csv","mu[4]",-2.879814182,9,8,150
"9_8_est_GP_param.csv","mu[5]",1.230057275,9,8,150
"9_9_est_GP_param.csv","alpha",3.250018987,9,9,150
"9_9_est_GP_param.csv","rho",-2.133749106,9,9,150
"9_9_est_GP_param.csv","sigma",0.81514541,9,9,150
"9_9_est_GP_param.csv","mu[1]",7.15573311,9,9,150
"9_9_est_GP_param.csv","mu[2]",-0.652533318,9,9,150
"9_9_est_GP_param.csv","mu[3]",4.426469294,9,9,150
"9_9_est_GP_param.csv","mu[4]",1.469655792,9,9,150
"9_9_est_GP_param.csv","mu[5]",-2.344880519,9,9,150
