"","parameter","value"
"1","alpha",4
"2","rho",5
"3","sigma_sim",3
"4","0",-2.28263826591621
"5","50",-0.203295519578849
"6","150",-0.37438395317281
"7","300",-1.14140902330261
"8","500",-1.55024827167945
