"","parameter","value"
"1","alpha",4
"2","rho",5
"3","sigma_sim",3
"4","0",-8.48316220320936
"5","50",1.76098791854943
"6","150",3.17211184077241
"7","300",4.61340166416566
"8","500",7.65823691226383
