"","parameter","value"
"1","alpha",4
"2","rho",5
"3","sigma_sim",3
"4","0",-3.82951844510486
"5","50",0.732513128085399
"6","150",-3.34356023034296
"7","300",-1.29026184740081
"8","500",4.14920696071713
