"","parameter","value"
"1","alpha",4
"2","rho",5
"3","sigma_sim",3
"4","0",1.22608877648013
"5","50",-4.4844959985659
"6","150",4.6676425601488
"7","300",-3.93153738469856
"8","500",-2.36064964530971
