"","parameter","value"
"1","alpha",4
"2","rho",5
"3","sigma_sim",3
"4","0",-1.20237236111676
"5","50",0.0792166313636859
"6","150",1.13089601161342
"7","300",3.41327816070285
"8","500",4.94292660405454
