"","parameter","value"
"1","alpha",4
"2","rho",5
"3","sigma_sim",3
"4","0",-0.511128884399676
"5","50",-3.07391710394124
"6","150",-3.43934083369559
"7","300",3.20812978893627
"8","500",-0.547039620138275
