"","parameter","value"
"1","alpha",4
"2","rho",5
"3","sigma_sim",3
"4","0",3.32480598807873
"5","50",2.78789856966774
"6","150",-4.27678964294615
"7","300",0.39083471358191
"8","500",-5.95761219310755
