"","parameter","value"
"1","alpha",4
"2","rho",5
"3","sigma_sim",3
"4","0",1.9646423288057
"5","50",-3.87456601324832
"6","150",0.0520265024686444
"7","300",2.2799758235001
"8","500",-4.61652023042917
