"","parameter","value"
"1","alpha",4
"2","rho",5
"3","sigma_sim",3
"4","0",0.420256440204935
"5","50",-0.0848180238344919
"6","150",3.17574900044771
"7","300",0.616787481949773
"8","500",-1.41575182563776
