"","parameter","value"
"1","alpha",4
"2","rho",5
"3","sigma_sim",3
"4","0",-1.85108084033003
"5","50",-4.75806501755518
"6","150",-4.81712080652944
"7","300",-1.22918009648098
"8","500",-4.6648231969806
