"","parameter","value"
"1","alpha",4
"2","rho",5
"3","sigma_sim",3
"4","0",-2.96120976091207
"5","50",-1.40091194041818
"6","150",0.659266210949814
"7","300",0.594364970154012
"8","500",-0.634475225839993
