"","parameter","value"
"1","alpha",4
"2","rho",5
"3","sigma_sim",3
"4","0",-0.80695709169818
"5","50",4.4592744169704
"6","150",0.0229665163229625
"7","300",-0.567377769231207
"8","500",-1.85347145811154
