"","parameter","value"
"1","alpha",4
"2","rho",5
"3","sigma_sim",3
"4","0",-0.705425876096482
"5","50",3.67168174303547
"6","150",1.11667328179715
"7","300",3.57227533633361
"8","500",2.04868011833517
