"","parameter","value"
"1","alpha",4
"2","rho",5
"3","sigma_sim",3
"4","0",-7.89745484241411
"5","50",7.20148774884616
"6","150",10.4475487544242
"7","300",-7.28758225118818
"8","500",1.04498265471616
