"","parameter","value"
"1","alpha",4
"2","rho",5
"3","sigma_sim",3
"4","0",7.69035369690353
"5","50",-0.509105392953555
"6","150",2.47594083746513
"7","300",-6.48511552632435
"8","500",-1.62339599074969
