"","parameter","value"
"1","alpha",4
"2","rho",5
"3","sigma_sim",3
"4","0",-4.6179821415753
"5","50",-3.41990733239178
"6","150",0.839989484533194
"7","300",1.735496420707
"8","500",3.68136604780562
