"","parameter","value"
"1","alpha",4
"2","rho",5
"3","sigma_sim",3
"4","0",-5.8362011519257
"5","50",1.70150927145617
"6","150",-1.74310982519921
"7","300",-6.30425713003477
"8","500",9.2356869734884
