"","parameter","value"
"1","alpha",4
"2","rho",5
"3","sigma_sim",3
"4","0",6.90929726215146
"5","50",-0.391251739395216
"6","150",-2.92107015397445
"7","300",-0.282030149602865
"8","500",-1.90840060006301
