"","parameter","value"
"1","alpha",4
"2","rho",5
"3","sigma_sim",3
"4","0",0.507309227606455
"5","50",-0.104969339297668
"6","150",9.12271588450849
"7","300",2.8958760750337
"8","500",-0.449500317777325
