"","parameter","value"
"1","alpha",4
"2","rho",5
"3","sigma_sim",3
"4","0",0.0694150265205297
"5","50",-3.73431185402564
"6","150",-1.40657639134916
"7","300",-1.73714032527191
"8","500",-0.486363361644895
