"","parameter","value"
"1","alpha",4
"2","rho",8
"3","sigma_sim",3
"4","0",3.05945379864544
"5","50",-4.75107552724469
"6","150",-0.911787186152112
"7","300",4.78734098576316
"8","500",-6.15611665380825
