"","parameter","value"
"1","alpha",4
"2","rho",8
"3","sigma_sim",3
"4","0",0.801876808027057
"5","50",-3.48777328576173
"6","150",-2.41760116826254
"7","300",7.94346547903612
"8","500",-3.09592572884205
