"","parameter","value"
"1","alpha",4
"2","rho",8
"3","sigma_sim",3
"4","0",0.344238232690288
"5","50",-3.30988130379529
"6","150",-3.5294522656098
"7","300",5.02203083118625
"8","500",6.07498729925374
