"","parameter","value"
"1","alpha",4
"2","rho",8
"3","sigma_sim",3
"4","0",2.32401680282267
"5","50",2.06803182667116
"6","150",0.935722950242521
"7","300",1.71559433230328
"8","500",-2.11682969676447
