"","parameter","value"
"1","alpha",4
"2","rho",8
"3","sigma_sim",3
"4","0",-1.27737220739833
"5","50",-1.09737427060796
"6","150",-6.8471023858379
"7","300",4.80441389793401
"8","500",-1.95054035061961
