"","parameter","value"
"1","alpha",4
"2","rho",8
"3","sigma_sim",3
"4","0",-1.17148603040858
"5","50",-0.137872492641441
"6","150",-2.89258215121162
"7","300",-2.56669935675236
"8","500",3.53896188248408
