"","parameter","value"
"1","alpha",4
"2","rho",8
"3","sigma_sim",3
"4","0",-1.41899359020582
"5","50",-2.6899905000326
"6","150",-2.61443681763426
"7","300",-5.70453716155031
"8","500",1.42358084265122
