"","parameter","value"
"1","alpha",4
"2","rho",8
"3","sigma_sim",3
"4","0",-1.37191599726573
"5","50",-2.48081989923738
"6","150",-0.805307025007935
"7","300",-1.16529342963134
"8","500",-3.43469633308937
