"","parameter","value"
"1","alpha",4
"2","rho",8
"3","sigma_sim",3
"4","0",1.0228889264512
"5","50",1.7185390419055
"6","150",-0.552957937364266
"7","300",-9.13641688722815
"8","500",0.208914864522084
