"","parameter","value"
"1","alpha",4
"2","rho",8
"3","sigma_sim",3
"4","0",2.03424497861384
"5","50",0.0318831053537066
"6","150",0.772471921745376
"7","300",0.573851260630747
"8","500",1.48723150484193
