"","parameter","value"
"1","alpha",4
"2","rho",8
"3","sigma_sim",3
"4","0",-5.63239161935905
"5","50",-6.1889034179172
"6","150",1.53562804700766
"7","300",-3.21241058584987
"8","500",6.44080391897438
