"","parameter","value"
"1","alpha",4
"2","rho",8
"3","sigma_sim",3
"4","0",5.47308747637054
"5","50",1.31848980795196
"6","150",2.45362063396127
"7","300",-2.9108395569481
"8","500",-7.8943547219065
