"","parameter","value"
"1","alpha",4
"2","rho",8
"3","sigma_sim",3
"4","0",-6.19810325787591
"5","50",-3.72711471257294
"6","150",-2.98558930325113
"7","300",-2.08358485700405
"8","500",-0.872878192994345
