"","parameter","value"
"1","alpha",4
"2","rho",8
"3","sigma_sim",3
"4","0",0.676930362844135
"5","50",2.17517703437014
"6","150",-4.42984309846588
"7","300",-0.0945723854150529
"8","500",-4.73065914845474
