"","parameter","value"
"1","alpha",4
"2","rho",8
"3","sigma_sim",3
"4","0",-0.195688908422628
"5","50",-6.76664509162398
"6","150",-2.15417635523762
"7","300",3.65293684479651
"8","500",1.06770442224474
