"","parameter","value"
"1","alpha",4
"2","rho",8
"3","sigma_sim",3
"4","0",0.209981663334806
"5","50",2.38036844169342
"6","150",1.54547009896892
"7","300",-1.40185139289111
"8","500",0.420796595851535
