"","parameter","value"
"1","alpha",4
"2","rho",8
"3","sigma_sim",3
"4","0",5.10146109497239
"5","50",3.03311509868099
"6","150",-11.122038062835
"7","300",1.18487325038873
"8","500",1.58369263794141
