"","parameter","value"
"1","alpha",4
"2","rho",8
"3","sigma_sim",3
"4","0",-2.17614903688546
"5","50",-1.28287288200429
"6","150",-4.19764246154195
"7","300",6.2072879114286
"8","500",3.91151642140521
