"","parameter","value"
"1","alpha",4
"2","rho",8
"3","sigma_sim",3
"4","0",2.90540089424196
"5","50",-1.17923727828733
"6","150",-3.38991614962953
"7","300",-2.11103586202644
"8","500",-0.382738098582464
