"","parameter","value"
"1","alpha",4
"2","rho",8
"3","sigma_sim",3
"4","0",-2.75445095467798
"5","50",-0.565856218637318
"6","150",0.56851077837502
"7","300",-3.22644393591943
"8","500",-4.86366550379907
