"","parameter","value"
"1","alpha",4
"2","rho",10
"3","sigma_sim",3
"4","0",8.39882944753429
"5","50",-0.830455505883455
"6","150",-2.19774929660862
"7","300",2.4881738207608
"8","500",-5.00284774772568
