"","parameter","value"
"1","alpha",4
"2","rho",10
"3","sigma_sim",3
"4","0",1.3950182098853
"5","50",-3.76720977979506
"6","150",-3.83093069466587
"7","300",0.70541368227515
"8","500",-1.71602585215635
