"","parameter","value"
"1","alpha",4
"2","rho",10
"3","sigma_sim",3
"4","0",-1.04800630728675
"5","50",2.75521283769753
"6","150",-2.78488313154145
"7","300",-4.91611576841704
"8","500",1.98892159309486
