"","parameter","value"
"1","alpha",4
"2","rho",10
"3","sigma_sim",3
"4","0",-7.96811897335266
"5","50",7.92344375558668
"6","150",0.749560561685415
"7","300",7.9274345180882
"8","500",-0.307244584197505
