"","parameter","value"
"1","alpha",4
"2","rho",10
"3","sigma_sim",3
"4","0",3.52980447264907
"5","50",-4.43251094452116
"6","150",-0.293381877317743
"7","300",-3.57302099991242
"8","500",0.268060900254113
