"","parameter","value"
"1","alpha",4
"2","rho",10
"3","sigma_sim",3
"4","0",1.69974529413163
"5","50",4.9186578237335
"6","150",-6.46651340563991
"7","300",1.75650212568057
"8","500",-4.44014961082122
