"","parameter","value"
"1","alpha",4
"2","rho",10
"3","sigma_sim",3
"4","0",2.73730353720887
"5","50",0.200990646509426
"6","150",-5.50228605621956
"7","300",-4.93700331380804
"8","500",-0.999387734770122
