"","parameter","value"
"1","alpha",4
"2","rho",10
"3","sigma_sim",3
"4","0",1.4733355055893
"5","50",-1.84627840745508
"6","150",-0.792610945558039
"7","300",-0.744026525606824
"8","500",-7.91865880704801
