"","parameter","value"
"1","alpha",4
"2","rho",10
"3","sigma_sim",3
"4","0",-1.33367514375106
"5","50",1.9549281749396
"6","150",2.51906703542732
"7","300",3.91775847457575
"8","500",2.35480387978809
