"","parameter","value"
"1","alpha",4
"2","rho",10
"3","sigma_sim",3
"4","0",-2.30047673897245
"5","50",-0.192534279183411
"6","150",-5.41330524182569
"7","300",5.80088569212018
"8","500",2.3871330119183
