"","parameter","value"
"1","alpha",4
"2","rho",10
"3","sigma_sim",3
"4","0",-0.0860921443128117
"5","50",-4.64100287051651
"6","150",-0.701631077310787
"7","300",-5.27548111224967
"8","500",0.959403905619794
