"","parameter","value"
"1","alpha",4
"2","rho",10
"3","sigma_sim",3
"4","0",-3.22936618558735
"5","50",-0.822879024143027
"6","150",-1.91209043386849
"7","300",3.37108736742787
"8","500",-3.20545544287407
