"","parameter","value"
"1","alpha",4
"2","rho",10
"3","sigma_sim",3
"4","0",0.810921053868314
"5","50",2.88676549263851
"6","150",-0.693802799041935
"7","300",4.79036472704085
"8","500",2.26071881859231
