"","parameter","value"
"1","alpha",4
"2","rho",10
"3","sigma_sim",3
"4","0",-1.68183284110931
"5","50",0.313389043329632
"6","150",-1.47393059956761
"7","300",2.28732396259147
"8","500",0.979416719121353
