"","parameter","value"
"1","alpha",4
"2","rho",10
"3","sigma_sim",3
"4","0",8.67682453454135
"5","50",-0.263526571714424
"6","150",1.59129370920187
"7","300",-2.19551457244184
"8","500",-3.15992696723479
