"","parameter","value"
"1","alpha",4
"2","rho",10
"3","sigma_sim",3
"4","0",-0.481907985499789
"5","50",-1.59696449169704
"6","150",5.02587212371025
"7","300",-8.64235490092408
"8","500",1.30783751960448
