"","parameter","value"
"1","alpha",4
"2","rho",10
"3","sigma_sim",3
"4","0",1.92643011337264
"5","50",-1.96095098554766
"6","150",4.23474193970908
"7","300",-0.679148591568544
"8","500",-1.99938482379924
