"","parameter","value"
"1","alpha",4
"2","rho",10
"3","sigma_sim",3
"4","0",4.22604541253509
"5","50",-5.11476664715412
"6","150",-0.958694659477522
"7","300",1.6480723426243
"8","500",-2.08550463521974
