"","parameter","value"
"1","alpha",4
"2","rho",10
"3","sigma_sim",3
"4","0",-0.431732291600479
"5","50",0.318152892541462
"6","150",0.883928748067139
"7","300",5.04591067607253
"8","500",1.00953071849575
