"","parameter","value"
"1","alpha",4
"2","rho",10
"3","sigma_sim",3
"4","0",0.222865247467896
"5","50",4.16832748192144
"6","150",1.59556292335268
"7","300",-3.22496292290262
"8","500",-4.42396310254227
