"","parameter","value"
"1","alpha",4
"2","rho",12
"3","sigma_sim",3
"4","0",4.5293113620157
"5","50",-1.07923674071434
"6","150",0.446843961092639
"7","300",-2.54447374452894
"8","500",0.16815225277134
