"","parameter","value"
"1","alpha",4
"2","rho",12
"3","sigma_sim",3
"4","0",0.372141485258906
"5","50",0.138150369849082
"6","150",-3.04395516804284
"7","300",8.265261588489
"8","500",-5.95339556694298
