"","parameter","value"
"1","alpha",4
"2","rho",12
"3","sigma_sim",3
"4","0",-1.7026716934204
"5","50",-1.94290004795959
"6","150",1.72454314274797
"7","300",2.36403455404554
"8","500",-7.63208287410004
