"","parameter","value"
"1","alpha",4
"2","rho",12
"3","sigma_sim",3
"4","0",3.19382593525938
"5","50",-2.86809236382404
"6","150",2.5741344148383
"7","300",-5.89125850555652
"8","500",2.98986016973505
