"","parameter","value"
"1","alpha",4
"2","rho",12
"3","sigma_sim",3
"4","0",0.689374059911262
"5","50",4.07166878050714
"6","150",0.534274539055409
"7","300",1.38256336559031
"8","500",4.24938023673992
