"","parameter","value"
"1","alpha",4
"2","rho",12
"3","sigma_sim",3
"4","0",-1.50368086807306
"5","50",2.12099203121156
"6","150",1.14293036300017
"7","300",3.20115198330843
"8","500",-6.49988010797977
