"","parameter","value"
"1","alpha",4
"2","rho",12
"3","sigma_sim",3
"4","0",3.6316143399163
"5","50",-0.495683417603528
"6","150",0.382443318852117
"7","300",-1.99129520544138
"8","500",-8.45431123530936
