"","parameter","value"
"1","alpha",4
"2","rho",12
"3","sigma_sim",3
"4","0",1.17825767537921
"5","50",1.97150823889443
"6","150",4.07883294339788
"7","300",-2.07481493232739
"8","500",3.17226581523711
