"","parameter","value"
"1","alpha",4
"2","rho",12
"3","sigma_sim",3
"4","0",1.29848185966114
"5","50",1.63760499745025
"6","150",-6.94596652325218
"7","300",4.32854261405483
"8","500",0.91506844243805
