"","parameter","value"
"1","alpha",4
"2","rho",12
"3","sigma_sim",3
"4","0",1.08838883538588
"5","50",1.63986178449714
"6","150",-7.31219768647725
"7","300",-1.67399836076032
"8","500",-0.520554578693043
