"","parameter","value"
"1","alpha",4
"2","rho",12
"3","sigma_sim",3
"4","0",-1.35809861967573
"5","50",3.93376431017608
"6","150",0.639350035720164
"7","300",-1.69349910871189
"8","500",3.5149118103101
