"","parameter","value"
"1","alpha",4
"2","rho",12
"3","sigma_sim",3
"4","0",2.51860785605671
"5","50",-3.25955534111096
"6","150",-1.38956202003853
"7","300",-0.92487729097514
"8","500",-5.85499902498655
