"","parameter","value"
"1","alpha",4
"2","rho",12
"3","sigma_sim",3
"4","0",-0.867342349804501
"5","50",2.91978291730331
"6","150",-6.3738227007566
"7","300",7.86320928346782
"8","500",-0.8610117566573
