"","parameter","value"
"1","alpha",4
"2","rho",12
"3","sigma_sim",3
"4","0",4.19209739076725
"5","50",6.83635477465558
"6","150",-0.490703724003048
"7","300",-1.34051701890912
"8","500",-6.5655057761527
