"","parameter","value"
"1","alpha",4
"2","rho",12
"3","sigma_sim",3
"4","0",4.57048677060625
"5","50",1.21833173040752
"6","150",-1.81060449091871
"7","300",-0.856044392472531
"8","500",-4.3556361093657
