"","parameter","value"
"1","alpha",4
"2","rho",12
"3","sigma_sim",3
"4","0",-2.66870707549575
"5","50",-2.27562467237715
"6","150",6.70155879823575
"7","300",-2.94498630448569
"8","500",-0.506689766117816
