"","parameter","value"
"1","alpha",4
"2","rho",12
"3","sigma_sim",3
"4","0",3.4419388964524
"5","50",6.22264130066163
"6","150",7.675563028544
"7","300",-4.52980567189539
"8","500",0.998325986613923
