"","parameter","value"
"1","alpha",4
"2","rho",12
"3","sigma_sim",3
"4","0",-4.01269002868069
"5","50",-1.50447718829247
"6","150",4.57825080863474
"7","300",-0.637272305052646
"8","500",0.440368695811946
