"","parameter","value"
"1","alpha",4
"2","rho",12
"3","sigma_sim",3
"4","0",4.43918380636703
"5","50",3.10374172242207
"6","150",2.42597040381916
"7","300",-3.59566924052816
"8","500",1.43709599757554
