"","parameter","value"
"1","alpha",4
"2","rho",12
"3","sigma_sim",3
"4","0",-0.904215140644882
"5","50",-0.648615968643661
"6","150",-3.39567302410684
"7","300",1.44274586263056
"8","500",0.112215088090283
