"","parameter","value"
"1","alpha",4
"2","rho",15
"3","sigma_sim",3
"4","0",1.72512681691129
"5","50",0.419833441327408
"6","150",2.53632644605594
"7","300",-5.22268224533614
"8","500",0.632577693262828
