"","parameter","value"
"1","alpha",4
"2","rho",15
"3","sigma_sim",3
"4","0",2.20208707339642
"5","50",4.69208002066265
"6","150",4.49613493317152
"7","300",-4.31470485300445
"8","500",0.594652382101462
