"","parameter","value"
"1","alpha",4
"2","rho",15
"3","sigma_sim",3
"4","0",-2.51725099216498
"5","50",-0.0747446987480343
"6","150",1.26897275081673
"7","300",0.846626230612901
"8","500",0.391784495966702
