"","parameter","value"
"1","alpha",4
"2","rho",15
"3","sigma_sim",3
"4","0",-9.48129613248261
"5","50",-0.226983656130651
"6","150",0.296608997847707
"7","300",-2.46840121492152
"8","500",-2.83500237706711
