"","parameter","value"
"1","alpha",4
"2","rho",15
"3","sigma_sim",3
"4","0",0.371486806600217
"5","50",1.40328724854894
"6","150",-0.935385528714554
"7","300",-0.379251667193238
"8","500",-5.97031725165381
