"","parameter","value"
"1","alpha",4
"2","rho",15
"3","sigma_sim",3
"4","0",-0.931915459606098
"5","50",1.69057319855294
"6","150",-1.7475337047825
"7","300",1.50816094294481
"8","500",-6.3798989218068
