"","parameter","value"
"1","alpha",4
"2","rho",15
"3","sigma_sim",3
"4","0",2.69995534172568
"5","50",0.762564165977226
"6","150",0.0954928826842618
"7","300",-1.3845364370825
"8","500",-1.95643995834849
