"","parameter","value"
"1","alpha",4
"2","rho",15
"3","sigma_sim",3
"4","0",0.971850506461596
"5","50",3.54633896935396
"6","150",-1.1798919619724
"7","300",-3.62755036883282
"8","500",-1.71961022826216
