"","parameter","value"
"1","alpha",4
"2","rho",15
"3","sigma_sim",3
"4","0",-1.31459741851516
"5","50",-3.63484105343782
"6","150",-0.959862492952487
"7","300",-4.25886520015638
"8","500",-0.579873710160125
