"","parameter","value"
"1","alpha",4
"2","rho",15
"3","sigma_sim",3
"4","0",-0.113555316199717
"5","50",1.55324420133002
"6","150",2.16173905306697
"7","300",-0.758566258275228
"8","500",1.47154770461259
