"","parameter","value"
"1","alpha",4
"2","rho",15
"3","sigma_sim",3
"4","0",3.26109720014747
"5","50",1.46026476362599
"6","150",-0.300258202996723
"7","300",5.03029283165077
"8","500",7.21951717054132
