"","parameter","value"
"1","alpha",4
"2","rho",15
"3","sigma_sim",3
"4","0",-1.03979896517529
"5","50",-4.74022597958568
"6","150",-6.81605852842355
"7","300",-1.15277598579881
"8","500",-3.76323333784669
