"","parameter","value"
"1","alpha",4
"2","rho",15
"3","sigma_sim",3
"4","0",-4.10821659474396
"5","50",1.17656720901793
"6","150",-3.60261051215371
"7","300",1.79744631617727
"8","500",1.57234291597337
