"","parameter","value"
"1","alpha",4
"2","rho",15
"3","sigma_sim",3
"4","0",-1.79903865486235
"5","50",0.15940200625328
"6","150",-2.18498974066588
"7","300",6.28209351908135
"8","500",2.4286941493063
