"","parameter","value"
"1","alpha",4
"2","rho",15
"3","sigma_sim",3
"4","0",-3.67994458634808
"5","50",-3.23045353511418
"6","150",-1.46284058558521
"7","300",3.75733969087649
"8","500",4.71072223714277
