"","parameter","value"
"1","alpha",4
"2","rho",15
"3","sigma_sim",3
"4","0",3.61406211451165
"5","50",-0.498643888030471
"6","150",0.90591811021932
"7","300",-5.66478077329377
"8","500",-5.2361046711613
