"","parameter","value"
"1","alpha",4
"2","rho",15
"3","sigma_sim",3
"4","0",-1.89420372795229
"5","50",1.63624973235997
"6","150",-0.837678932047294
"7","300",-5.36377996479052
"8","500",-6.80684628296402
