"","parameter","value"
"1","alpha",4
"2","rho",15
"3","sigma_sim",3
"4","0",2.59148881125985
"5","50",3.11141599749037
"6","150",-2.13192115711786
"7","300",-0.361334311592494
"8","500",-4.55627669516079
