"","parameter","value"
"1","alpha",4
"2","rho",15
"3","sigma_sim",3
"4","0",-0.0907705093669763
"5","50",-5.25415160147319
"6","150",1.21006085961944
"7","300",-0.89423771007986
"8","500",-4.7478420137017
