"","parameter","value"
"1","alpha",4
"2","rho",15
"3","sigma_sim",3
"4","0",-0.0614055589908123
"5","50",-4.98463434542418
"6","150",-2.28358342212658
"7","300",-0.988233099140586
"8","500",0.844505784866265
