"","parameter","value"
"1","alpha",4
"2","rho",20
"3","sigma_sim",3
"4","0",5.88755352264338
"5","50",-2.73020224417009
"6","150",0.592800772753185
"7","300",2.28411655044625
"8","500",4.24705378787691
