"","parameter","value"
"1","alpha",4
"2","rho",20
"3","sigma_sim",3
"4","0",-2.82493108810717
"5","50",5.91091415407442
"6","150",-3.786046902067
"7","300",-7.30587061736681
"8","500",1.35651160543338
