"","parameter","value"
"1","alpha",4
"2","rho",20
"3","sigma_sim",3
"4","0",-2.65341045990909
"5","50",0.538908999506541
"6","150",0.450847097150008
"7","300",4.46655783283774
"8","500",0.632073964264664
