"","parameter","value"
"1","alpha",4
"2","rho",20
"3","sigma_sim",3
"4","0",0.904415479255956
"5","50",2.9046179556438
"6","150",4.12038708059867
"7","300",1.68277931296793
"8","500",-2.93919730187216
