"","parameter","value"
"1","alpha",4
"2","rho",20
"3","sigma_sim",3
"4","0",0.459826462975016
"5","50",1.55667938439467
"6","150",0.743901655576584
"7","300",3.97893693341631
"8","500",1.35140879751844
