"","parameter","value"
"1","alpha",4
"2","rho",20
"3","sigma_sim",3
"4","0",1.01990412259981
"5","50",-3.98200692733434
"6","150",5.78387285671179
"7","300",-0.177725291876658
"8","500",-1.81784394609459
