"","parameter","value"
"1","alpha",4
"2","rho",20
"3","sigma_sim",3
"4","0",-1.16294110913871
"5","50",-0.0631066103924727
"6","150",-5.74825308065535
"7","300",6.43809131158848
"8","500",2.15059147434319
