"","parameter","value"
"1","alpha",4
"2","rho",20
"3","sigma_sim",3
"4","0",-1.27746499663221
"5","50",-9.50833747247739
"6","150",1.39157295480013
"7","300",3.13542037794944
"8","500",5.08484323305277
