"","parameter","value"
"1","alpha",4
"2","rho",20
"3","sigma_sim",3
"4","0",-0.974902743607561
"5","50",2.49596265864085
"6","150",3.88459026565932
"7","300",-5.99065327770245
"8","500",1.23291780694986
