"","parameter","value"
"1","alpha",4
"2","rho",20
"3","sigma_sim",3
"4","0",0.00863493828841222
"5","50",1.1528901300713
"6","150",-1.97000329861294
"7","300",1.69202251527636
"8","500",2.12105737110686
