"","parameter","value"
"1","alpha",4
"2","rho",20
"3","sigma_sim",3
"4","0",0.261634425051476
"5","50",-1.24616675174981
"6","150",-2.52783108790503
"7","300",-5.53320889021139
"8","500",1.79077807688814
