"","parameter","value"
"1","alpha",4
"2","rho",20
"3","sigma_sim",3
"4","0",5.53788631740295
"5","50",0.908843268619358
"6","150",-2.55360399337656
"7","300",6.07581510646804
"8","500",-1.41924426120369
