"","parameter","value"
"1","alpha",4
"2","rho",20
"3","sigma_sim",3
"4","0",6.68534177407844
"5","50",3.79959678677511
"6","150",-0.801781662615689
"7","300",0.478249061095235
"8","500",0.412088017047135
