"","parameter","value"
"1","alpha",4
"2","rho",20
"3","sigma_sim",3
"4","0",-0.427077001061901
"5","50",1.67617427457309
"6","150",4.0340164122877
"7","300",-3.38044485964094
"8","500",-2.45900054716692
