"","parameter","value"
"1","alpha",4
"2","rho",20
"3","sigma_sim",3
"4","0",1.34816562858703
"5","50",-0.917605173654869
"6","150",0.256520939495448
"7","300",2.63729193738415
"8","500",-1.91224650269815
