"","parameter","value"
"1","alpha",4
"2","rho",20
"3","sigma_sim",3
"4","0",-4.51602237472345
"5","50",-1.08023377423437
"6","150",4.34720125718769
"7","300",4.68144523122082
"8","500",1.77001481077767
