"","parameter","value"
"1","alpha",4
"2","rho",20
"3","sigma_sim",3
"4","0",5.23537941628162
"5","50",-1.81265850743275
"6","150",3.13608093042204
"7","300",-1.99130443129858
"8","500",2.76928980260637
