"","parameter","value"
"1","alpha",4
"2","rho",20
"3","sigma_sim",3
"4","0",-1.20864177828655
"5","50",-3.31610054415853
"6","150",-1.49093156816248
"7","300",2.62727535558595
"8","500",5.73148970716829
