"","parameter","value"
"1","alpha",4
"2","rho",20
"3","sigma_sim",3
"4","0",-3.77961503207761
"5","50",2.48119681123774
"6","150",-3.96498192599648
"7","300",-5.05913210261407
"8","500",4.65761421440865
