"","parameter","value"
"1","alpha",4
"2","rho",20
"3","sigma_sim",3
"4","0",-0.972106545932412
"5","50",1.94319007094509
"6","150",2.88913737319004
"7","300",2.65650327893374
"8","500",0.636431542598198
