"","parameter","value"
"1","alpha",4
"2","rho",0.01
"3","sigma_sim",3
"4","0",-7.50157883195114
"5","50",6.32527857455014
"6","150",-0.896416745110587
"7","300",-0.229610261385877
"8","500",0.11038403441493
