"","parameter","value"
"1","alpha",4
"2","rho",0.01
"3","sigma_sim",3
"4","0",3.23917105892922
"5","50",2.06212057235239
"6","150",1.84119892971259
"7","300",1.48217488714049
"8","500",-0.959452328134313
