"","parameter","value"
"1","alpha",4
"2","rho",0.01
"3","sigma_sim",3
"4","0",-2.09509319214964
"5","50",2.01941674863543
"6","150",-2.76803503501723
"7","300",0.259150532688834
"8","500",3.25970288798423
