"","parameter","value"
"1","alpha",4
"2","rho",0.01
"3","sigma_sim",3
"4","0",-0.942874753017062
"5","50",-1.32731879468244
"6","150",-0.150415827691273
"7","300",-3.7285422890619
"8","500",1.60719285233431
