"","parameter","value"
"1","alpha",4
"2","rho",0.01
"3","sigma_sim",3
"4","0",-2.48201184766466
"5","50",-5.49320560925971
"6","150",-1.51279883557895
"7","300",-1.77731602401891
"8","500",0.090089524476076
