"","parameter","value"
"1","alpha",4
"2","rho",0.01
"3","sigma_sim",3
"4","0",-1.02129131246578
"5","50",2.24299583404467
"6","150",1.70346455487219
"7","300",0.90391088975056
"8","500",0.1532258103186
