"","parameter","value"
"1","alpha",4
"2","rho",0.01
"3","sigma_sim",3
"4","0",0.464429825980356
"5","50",5.81561469204635
"6","150",-1.70489415414186
"7","300",-3.14710051242761
"8","500",1.65898890839082
