"","parameter","value"
"1","alpha",4
"2","rho",0.01
"3","sigma_sim",3
"4","0",-4.84903524569382
"5","50",-4.6171620852596
"6","150",-2.35549428464962
"7","300",-3.62316108039716
"8","500",0.549468107812857
