"","parameter","value"
"1","alpha",4
"2","rho",0.01
"3","sigma_sim",3
"4","0",-2.33831431346204
"5","50",-3.352355395654
"6","150",1.55603969506173
"7","300",6.814569850161
"8","500",0.0251464816934251
