"","parameter","value"
"1","alpha",4
"2","rho",0.01
"3","sigma_sim",3
"4","0",-0.451905718475421
"5","50",1.76591053930261
"6","150",1.69820023833004
"7","300",-1.90632826232214
"8","500",2.16045142302481
