"","parameter","value"
"1","alpha",4
"2","rho",0.01
"3","sigma_sim",3
"4","0",0.053200324246924
"5","50",-1.72944454319542
"6","150",-0.588538494510327
"7","300",4.51042129388075
"8","500",1.69121964696452
