"","parameter","value"
"1","alpha",4
"2","rho",0.01
"3","sigma_sim",3
"4","0",5.11460244872968
"5","50",2.21786776549958
"6","150",-0.666614979652764
"7","300",-1.98552451391955
"8","500",-0.281867833528617
