"","parameter","value"
"1","alpha",4
"2","rho",0.01
"3","sigma_sim",3
"4","0",-4.36545968986584
"5","50",3.432423765615
"6","150",-3.89387579543078
"7","300",-0.113291872033776
"8","500",-3.57333435608103
