"","parameter","value"
"1","alpha",4
"2","rho",0.01
"3","sigma_sim",3
"4","0",-2.07387629894421
"5","50",-5.50287929175699
"6","150",0.365381145461334
"7","300",-3.81336042312998
"8","500",1.33715679995768
