"","parameter","value"
"1","alpha",4
"2","rho",0.01
"3","sigma_sim",3
"4","0",0.0445006830197751
"5","50",-3.26015608759838
"6","150",-1.27033731591545
"7","300",2.09036942476988
"8","500",-0.895625729148931
