"","parameter","value"
"1","alpha",4
"2","rho",0.01
"3","sigma_sim",3
"4","0",-0.477769639994514
"5","50",-3.33709813418061
"6","150",-1.93083655240153
"7","300",-3.02503202922682
"8","500",-1.30395968215235
