"","parameter","value"
"1","alpha",4
"2","rho",0.01
"3","sigma_sim",3
"4","0",-1.20684620315853
"5","50",0.677183457994777
"6","150",3.84034758048634
"7","300",0.288929867933353
"8","500",0.432737465372815
