"","parameter","value"
"1","alpha",4
"2","rho",0.01
"3","sigma_sim",3
"4","0",-4.75734807406831
"5","50",-2.12962238630185
"6","150",-1.17593196180871
"7","300",-1.46453590137537
"8","500",1.52435340675254
