"","parameter","value"
"1","alpha",4
"2","rho",0.01
"3","sigma_sim",3
"4","0",2.1867385219208
"5","50",-0.616087230754929
"6","150",-3.48762882688093
"7","300",-0.120354435295709
"8","500",1.44095240676683
