"","parameter","value"
"1","alpha",4
"2","rho",0.01
"3","sigma_sim",3
"4","0",-2.27526125845585
"5","50",-0.386334436463776
"6","150",1.65421760892966
"7","300",-6.69454749377909
"8","500",1.65910864092706
