"","parameter","value"
"1","alpha",4
"2","rho",0.1
"3","sigma_sim",3
"4","0",2.99701866141728
"5","50",9.55181335284347
"6","150",3.91659358580252
"7","300",-3.98269525109939
"8","500",5.06087455058632
