"","parameter","value"
"1","alpha",4
"2","rho",0.1
"3","sigma_sim",3
"4","0",-2.32006552815342
"5","50",0.207591887889738
"6","150",-2.1952859994336
"7","300",0.0298818033448246
"8","500",3.55681912714417
