"","parameter","value"
"1","alpha",4
"2","rho",0.1
"3","sigma_sim",3
"4","0",3.5135567988063
"5","50",-2.18189997366453
"6","150",-7.02523599509761
"7","300",1.90113087005458
"8","500",-1.0648050586124
