"","parameter","value"
"1","alpha",4
"2","rho",0.1
"3","sigma_sim",3
"4","0",4.81436379129781
"5","50",-4.16960074648923
"6","150",-2.67731482908103
"7","300",-1.08550968720977
"8","500",0.644183839172481
