"","parameter","value"
"1","alpha",4
"2","rho",0.1
"3","sigma_sim",3
"4","0",-3.41058083713727
"5","50",3.9587210594142
"6","150",-0.0877788739975126
"7","300",-0.802455866214729
"8","500",0.0665530408962467
