"","parameter","value"
"1","alpha",4
"2","rho",0.1
"3","sigma_sim",3
"4","0",6.09431747816025
"5","50",-2.94437772228088
"6","150",2.58287937507401
"7","300",-2.88660854996371
"8","500",1.56325174737993
