"","parameter","value"
"1","alpha",4
"2","rho",0.1
"3","sigma_sim",3
"4","0",1.87195230712315
"5","50",0.711159052404162
"6","150",-1.41072352196918
"7","300",-3.70611599138313
"8","500",2.61314256941802
