"","parameter","value"
"1","alpha",4
"2","rho",0.1
"3","sigma_sim",3
"4","0",-5.81075360965357
"5","50",3.49274539179643
"6","150",-5.61608279244748
"7","300",0.384670065558836
"8","500",1.05173368283764
