"","parameter","value"
"1","alpha",4
"2","rho",0.1
"3","sigma_sim",3
"4","0",-2.16795615726839
"5","50",0.407237978912066
"6","150",-1.14760606741679
"7","300",2.55982464806001
"8","500",-1.47186754594317
