"","parameter","value"
"1","alpha",4
"2","rho",0.1
"3","sigma_sim",3
"4","0",0.289301151474256
"5","50",-2.46690500044076
"6","150",1.51568143007982
"7","300",6.44430849475376
"8","500",-5.28889411186222
