"","parameter","value"
"1","alpha",4
"2","rho",0.1
"3","sigma_sim",3
"4","0",1.37651839848734
"5","50",1.08179088113759
"6","150",-4.66787741934768
"7","300",1.81538594399076
"8","500",-1.28284312754163
