"","parameter","value"
"1","alpha",4
"2","rho",0.1
"3","sigma_sim",3
"4","0",3.16216727336384
"5","50",-0.00733913960554341
"6","150",-4.45420015896547
"7","300",-1.66158273774209
"8","500",0.90608219741719
