"","parameter","value"
"1","alpha",4
"2","rho",0.1
"3","sigma_sim",3
"4","0",0.109877485538572
"5","50",1.79185325984334
"6","150",-5.38883636467551
"7","300",-3.37924809697279
"8","500",-1.0246314365448
