"","parameter","value"
"1","alpha",4
"2","rho",0.1
"3","sigma_sim",3
"4","0",-0.840251041799903
"5","50",5.65416282915884
"6","150",4.35824787230368
"7","300",0.205436015651827
"8","500",0.747557621070226
