"","parameter","value"
"1","alpha",4
"2","rho",0.1
"3","sigma_sim",3
"4","0",-2.39984884427565
"5","50",2.73076414385135
"6","150",1.05587480548948
"7","300",-5.92127478134209
"8","500",-1.21151893510545
