"","parameter","value"
"1","alpha",4
"2","rho",0.1
"3","sigma_sim",3
"4","0",2.900073936555
"5","50",-0.320441191738702
"6","150",-1.12004224195986
"7","300",3.82435104267313
"8","500",-0.37641084324688
