"","parameter","value"
"1","alpha",4
"2","rho",0.1
"3","sigma_sim",3
"4","0",-0.280785940546672
"5","50",-2.97716712261296
"6","150",2.2117923962084
"7","300",-1.98436298410159
"8","500",2.43412173828227
