"","parameter","value"
"1","alpha",4
"2","rho",0.1
"3","sigma_sim",3
"4","0",1.55587228912104
"5","50",8.20813355908082
"6","150",-0.473711173476175
"7","300",3.4557959337171
"8","500",4.68773462825793
