"","parameter","value"
"1","alpha",4
"2","rho",0.1
"3","sigma_sim",3
"4","0",-2.28284659373445
"5","50",4.09458881211653
"6","150",1.00853339815931
"7","300",0.441451128823866
"8","500",2.68039229926656
