"","parameter","value"
"1","alpha",4
"2","rho",0.1
"3","sigma_sim",3
"4","0",-2.83675315350903
"5","50",-0.871762581565328
"6","150",-0.815074135831948
"7","300",-3.43521706418866
"8","500",0.980855668942343
