"","parameter","value"
"1","alpha",4
"2","rho",0.25
"3","sigma_sim",3
"4","0",-2.23391809469382
"5","50",2.06613507997831
"6","150",2.40086698534578
"7","300",-0.673452916138631
"8","500",3.20612201724561
