"","parameter","value"
"1","alpha",4
"2","rho",0.25
"3","sigma_sim",3
"4","0",-0.3129346766424
"5","50",-2.3549432011858
"6","150",-5.30800641193981
"7","300",1.85176198150822
"8","500",-3.407800848488
