"","parameter","value"
"1","alpha",4
"2","rho",0.25
"3","sigma_sim",3
"4","0",5.190984609218
"5","50",1.34564494183237
"6","150",1.33634740006851
"7","300",3.87565363296621
"8","500",-1.60739995659915
