"","parameter","value"
"1","alpha",4
"2","rho",0.25
"3","sigma_sim",3
"4","0",-2.84061550545168
"5","50",-2.54013038073956
"6","150",-0.446551948914604
"7","300",1.65965618319971
"8","500",-0.763575374255116
