"","parameter","value"
"1","alpha",4
"2","rho",0.25
"3","sigma_sim",3
"4","0",-4.29022909643847
"5","50",-0.939908015229834
"6","150",1.22039385293949
"7","300",-2.88251322875455
"8","500",4.35116094618559
