"","parameter","value"
"1","alpha",4
"2","rho",0.25
"3","sigma_sim",3
"4","0",0.533425725754677
"5","50",4.5090072884336
"6","150",-1.60857416817536
"7","300",0.743864596852749
"8","500",5.54283552462436
