"","parameter","value"
"1","alpha",4
"2","rho",0.25
"3","sigma_sim",3
"4","0",0.485775133150788
"5","50",2.63963466550112
"6","150",0.813515615623896
"7","300",-0.558665197859695
"8","500",-3.89082198067583
