"","parameter","value"
"1","alpha",4
"2","rho",0.25
"3","sigma_sim",3
"4","0",-0.612665361423738
"5","50",4.21008909228579
"6","150",-2.83847108434408
"7","300",2.00477933288109
"8","500",-0.296736632119429
