"","parameter","value"
"1","alpha",4
"2","rho",0.25
"3","sigma_sim",3
"4","0",1.27926337270565
"5","50",4.92856849855732
"6","150",2.39734368970783
"7","300",1.05564071149409
"8","500",0.0492561167149673
