"","parameter","value"
"1","alpha",4
"2","rho",0.25
"3","sigma_sim",3
"4","0",-1.7441618128086
"5","50",4.08871414055736
"6","150",1.12635620143848
"7","300",-2.57812606169174
"8","500",-3.62839733054274
