"","parameter","value"
"1","alpha",4
"2","rho",0.25
"3","sigma_sim",3
"4","0",-2.48708036227192
"5","50",-1.02262732285777
"6","150",-4.05734562943773
"7","300",-1.05349195138738
"8","500",-3.74964937151448
