"","parameter","value"
"1","alpha",4
"2","rho",0.25
"3","sigma_sim",3
"4","0",0.0894441450484942
"5","50",-2.23946397839509
"6","150",-0.140609383263621
"7","300",7.09824212746416
"8","500",3.72870515123609
