"","parameter","value"
"1","alpha",4
"2","rho",0.25
"3","sigma_sim",3
"4","0",-0.306702766388842
"5","50",4.62105713025392
"6","150",-2.36506585771902
"7","300",-0.121225352738155
"8","500",2.78371330591747
