"","parameter","value"
"1","alpha",4
"2","rho",0.25
"3","sigma_sim",3
"4","0",2.29589766962955
"5","50",-3.7525672636363
"6","150",-1.49973332145116
"7","300",-2.18694305688314
"8","500",-3.43937448244333
