"","parameter","value"
"1","alpha",4
"2","rho",0.25
"3","sigma_sim",3
"4","0",5.62899652470992
"5","50",0.622038478389396
"6","150",5.20226412034139
"7","300",-0.0969279682294815
"8","500",-2.45399094618616
