"","parameter","value"
"1","alpha",4
"2","rho",0.25
"3","sigma_sim",3
"4","0",2.877324304203
"5","50",-0.201058750695602
"6","150",-7.76185207697148
"7","300",5.16635708494637
"8","500",-5.20175155533998
