"","parameter","value"
"1","alpha",4
"2","rho",0.25
"3","sigma_sim",3
"4","0",1.76317025633069
"5","50",-3.17185887143452
"6","150",2.43378584568952
"7","300",3.78487787018696
"8","500",-2.29717709578076
