"","parameter","value"
"1","alpha",4
"2","rho",0.25
"3","sigma_sim",3
"4","0",3.69928427654083
"5","50",-4.62041765126387
"6","150",4.01542608134218
"7","300",3.10667781025101
"8","500",2.70530753186704
