"","parameter","value"
"1","alpha",4
"2","rho",0.25
"3","sigma_sim",3
"4","0",1.36354204371594
"5","50",4.98189184200252
"6","150",3.27611410138565
"7","300",1.36879454939187
"8","500",6.87181720568732
