"","parameter","value"
"1","alpha",4
"2","rho",0.25
"3","sigma_sim",3
"4","0",-2.49760392298374
"5","50",-2.04889213930159
"6","150",-1.74542168153368
"7","300",-2.20393219491937
"8","500",-3.0576468114082
