"","parameter","value"
"1","alpha",4
"2","rho",0.5
"3","sigma_sim",3
"4","0",3.28167155517332
"5","50",-1.20212831032194
"6","150",0.461569181540501
"7","300",1.70844043886832
"8","500",2.11335957109564
