"","parameter","value"
"1","alpha",4
"2","rho",0.5
"3","sigma_sim",3
"4","0",1.84129981712575
"5","50",0.433944778259124
"6","150",-3.50041508684505
"7","300",1.51787722075524
"8","500",3.20758672643747
