"","parameter","value"
"1","alpha",4
"2","rho",0.5
"3","sigma_sim",3
"4","0",-0.657722175202637
"5","50",2.38104422472861
"6","150",0.316577835817215
"7","300",0.363437204468012
"8","500",-0.389788277305549
