"","parameter","value"
"1","alpha",4
"2","rho",0.5
"3","sigma_sim",3
"4","0",-1.62564983025202
"5","50",3.40581903101277
"6","150",0.412757053921612
"7","300",-3.06020236876003
"8","500",4.08063460771248
