"","parameter","value"
"1","alpha",4
"2","rho",0.5
"3","sigma_sim",3
"4","0",-1.76339173997261
"5","50",-1.27940521917569
"6","150",3.08720580010958
"7","300",-1.71619421062665
"8","500",3.41945851712663
