"","parameter","value"
"1","alpha",4
"2","rho",0.5
"3","sigma_sim",3
"4","0",-11.101922725874
"5","50",2.83829793416364
"6","150",-2.56181208512462
"7","300",1.56095871610886
"8","500",1.90454766244301
