"","parameter","value"
"1","alpha",4
"2","rho",0.5
"3","sigma_sim",3
"4","0",2.37379117457974
"5","50",0.123352350340024
"6","150",2.52514891645977
"7","300",0.583469876112101
"8","500",-0.642477696622832
