"","parameter","value"
"1","alpha",4
"2","rho",0.5
"3","sigma_sim",3
"4","0",-2.72612711289434
"5","50",-2.36059200815439
"6","150",-0.429942767516016
"7","300",0.574157218165559
"8","500",-1.83335746633631
