"","parameter","value"
"1","alpha",4
"2","rho",0.5
"3","sigma_sim",3
"4","0",-0.414773531054621
"5","50",0.0222866320824895
"6","150",2.39396242717799
"7","300",-2.16436840938567
"8","500",0.474007579909998
