"","parameter","value"
"1","alpha",4
"2","rho",0.5
"3","sigma_sim",3
"4","0",-3.2818962489788
"5","50",0.798965706904367
"6","150",1.30087689313821
"7","300",-0.809515486896263
"8","500",-2.89037526802121
