"","parameter","value"
"1","alpha",4
"2","rho",0.5
"3","sigma_sim",3
"4","0",-0.631028394010062
"5","50",4.76044555139935
"6","150",5.10183952852342
"7","300",-2.12266792653244
"8","500",2.36543688496097
