"","parameter","value"
"1","alpha",4
"2","rho",0.5
"3","sigma_sim",3
"4","0",0.220100964041859
"5","50",-0.00330194878466103
"6","150",0.12187639822704
"7","300",1.09163718688003
"8","500",-2.72498806960779
