"","parameter","value"
"1","alpha",4
"2","rho",0.5
"3","sigma_sim",3
"4","0",2.13581564788284
"5","50",-3.08628371999206
"6","150",-4.66736076129036
"7","300",-0.126711660386054
"8","500",-1.05248591104301
