"","parameter","value"
"1","alpha",4
"2","rho",0.5
"3","sigma_sim",3
"4","0",-5.32560389889903
"5","50",-0.920132495228382
"6","150",-4.35960459133044
"7","300",3.22389536267016
"8","500",-4.81778232980983
