"","parameter","value"
"1","alpha",4
"2","rho",0.5
"3","sigma_sim",3
"4","0",-0.673283890721352
"5","50",3.40617614914926
"6","150",-0.488526516907944
"7","300",-6.66601351403024
"8","500",-3.2150894293931
