"","parameter","value"
"1","alpha",4
"2","rho",0.5
"3","sigma_sim",3
"4","0",3.57065985240803
"5","50",1.89689583147089
"6","150",-3.05482191655942
"7","300",-1.21557207511009
"8","500",-0.463097288647696
