"","parameter","value"
"1","alpha",4
"2","rho",0.5
"3","sigma_sim",3
"4","0",1.05347532375041
"5","50",2.44288086377367
"6","150",-3.76666274389138
"7","300",0.466260386303296
"8","500",-0.788558930930913
