"","parameter","value"
"1","alpha",4
"2","rho",0.5
"3","sigma_sim",3
"4","0",3.56394335085137
"5","50",-1.48710865782949
"6","150",-2.82256798282485
"7","300",-3.80200736877687
"8","500",-1.05698148380824
