"","parameter","value"
"1","alpha",4
"2","rho",0.5
"3","sigma_sim",3
"4","0",1.40134069420778
"5","50",2.24467770797557
"6","150",9.43156753899246
"7","300",2.76647575987907
"8","500",-2.58317567338254
