"","parameter","value"
"1","alpha",4
"2","rho",0.5
"3","sigma_sim",3
"4","0",4.06020879707154
"5","50",4.25011712111033
"6","150",-1.99570114453169
"7","300",-6.42642106306744
"8","500",-5.98471914573924
