"","parameter","value"
"1","alpha",4
"2","rho",0.75
"3","sigma_sim",3
"4","0",1.93135921200185
"5","50",1.12199654952441
"6","150",-4.81543587760839
"7","300",0.0480489903940903
"8","500",3.03233262634396
