"","parameter","value"
"1","alpha",4
"2","rho",0.75
"3","sigma_sim",3
"4","0",2.17160042035494
"5","50",-0.638706646729855
"6","150",-0.871132226930775
"7","300",6.29925926050795
"8","500",-0.439517439859907
