"","parameter","value"
"1","alpha",4
"2","rho",0.75
"3","sigma_sim",3
"4","0",-2.64887310653247
"5","50",0.837303960966926
"6","150",-0.898377540585093
"7","300",1.41193349659992
"8","500",2.07173790982881
