"","parameter","value"
"1","alpha",4
"2","rho",0.75
"3","sigma_sim",3
"4","0",1.63896713083554
"5","50",-0.51310805465942
"6","150",0.945903716228852
"7","300",1.42903407138188
"8","500",0.149475774656383
