"","parameter","value"
"1","alpha",4
"2","rho",0.75
"3","sigma_sim",3
"4","0",4.13328590095416
"5","50",-3.67794773408932
"6","150",3.41214903587064
"7","300",0.622638185828387
"8","500",0.487700468722152
