"","parameter","value"
"1","alpha",4
"2","rho",0.75
"3","sigma_sim",3
"4","0",-1.7723948396776
"5","50",-3.70624074529964
"6","150",-5.24871816629482
"7","300",-3.21941229106293
"8","500",-2.98398571991191
