"","parameter","value"
"1","alpha",4
"2","rho",0.75
"3","sigma_sim",3
"4","0",0.720908694692379
"5","50",1.35478870486437
"6","150",-5.57072228901319
"7","300",0.541655161157628
"8","500",3.40426585095693
