"","parameter","value"
"1","alpha",4
"2","rho",0.75
"3","sigma_sim",3
"4","0",-1.11202482860334
"5","50",-0.62942425289882
"6","150",2.60093511322053
"7","300",-0.932933773011264
"8","500",-5.46041222518668
