"","parameter","value"
"1","alpha",4
"2","rho",0.75
"3","sigma_sim",3
"4","0",-1.65339623226279
"5","50",1.41243237249891
"6","150",-0.569379418738435
"7","300",3.13086374781597
"8","500",0.539192148906149
