"","parameter","value"
"1","alpha",4
"2","rho",0.75
"3","sigma_sim",3
"4","0",2.18133601446227
"5","50",-0.583008945822695
"6","150",0.134444446691649
"7","300",-0.189761080105253
"8","500",2.89499628350198
