"","parameter","value"
"1","alpha",4
"2","rho",0.75
"3","sigma_sim",3
"4","0",0.638692668580878
"5","50",1.16542895277584
"6","150",-1.66872134333785
"7","300",0.78473034732528
"8","500",-2.51447166732722
