"","parameter","value"
"1","alpha",4
"2","rho",0.75
"3","sigma_sim",3
"4","0",1.92855356469402
"5","50",-0.00634389632992593
"6","150",-0.487906099304487
"7","300",3.46391388167738
"8","500",-0.689813481849002
