"","parameter","value"
"1","alpha",4
"2","rho",0.75
"3","sigma_sim",3
"4","0",-0.176554752643026
"5","50",5.13927412263848
"6","150",0.716390514891376
"7","300",3.80514069846853
"8","500",3.42931083999221
