"","parameter","value"
"1","alpha",4
"2","rho",0.75
"3","sigma_sim",3
"4","0",0.125067648096
"5","50",2.27573873461876
"6","150",0.998140509663768
"7","300",-3.84831654354644
"8","500",3.18523967304277
