"","parameter","value"
"1","alpha",4
"2","rho",0.75
"3","sigma_sim",3
"4","0",6.0650201029452
"5","50",0.390705549776613
"6","150",-4.75472056070716
"7","300",-4.82745482491817
"8","500",-3.1327608638447
