"","parameter","value"
"1","alpha",4
"2","rho",0.75
"3","sigma_sim",3
"4","0",-0.314090410183939
"5","50",0.923329259330997
"6","150",1.99640590891064
"7","300",3.77678489194894
"8","500",-0.878991556495605
