"","parameter","value"
"1","alpha",4
"2","rho",0.75
"3","sigma_sim",3
"4","0",-4.47962469181937
"5","50",2.4158386696966
"6","150",1.90617232966023
"7","300",0.478075011263578
"8","500",-2.6853902490564
