"","parameter","value"
"1","alpha",4
"2","rho",0.75
"3","sigma_sim",3
"4","0",-1.34725331088289
"5","50",-2.19443188841099
"6","150",4.31983099378407
"7","300",1.4106255723114
"8","500",2.87638258092628
