"","parameter","value"
"1","alpha",4
"2","rho",0.75
"3","sigma_sim",3
"4","0",0.474898300673908
"5","50",0.210201757467376
"6","150",-0.524343542032922
"7","300",-1.60169540623059
"8","500",2.12494517880639
