"","parameter","value"
"1","alpha",4
"2","rho",0.75
"3","sigma_sim",3
"4","0",0.120923466534116
"5","50",-2.24898167799965
"6","150",3.01842909022534
"7","300",-0.410519181407703
"8","500",0.273915765675444
