"","parameter","value"
"1","alpha",4
"2","rho",1
"3","sigma_sim",3
"4","0",-4.73819044290324
"5","50",0.759750674726618
"6","150",-0.471348521977212
"7","300",-2.56067461082874
"8","500",-0.424543895109945
