"","parameter","value"
"1","alpha",4
"2","rho",1
"3","sigma_sim",3
"4","0",-2.58760721848496
"5","50",0.139890703120285
"6","150",3.38714477602549
"7","300",0.708085169495864
"8","500",2.10892965874258
