"","parameter","value"
"1","alpha",4
"2","rho",1
"3","sigma_sim",3
"4","0",5.83366227737321
"5","50",-0.145295084880374
"6","150",-5.8691097793088
"7","300",3.75290031618678
"8","500",-1.78519671186175
