"","parameter","value"
"1","alpha",4
"2","rho",1
"3","sigma_sim",3
"4","0",-0.120206838049187
"5","50",3.00617764106748
"6","150",-1.42908138287274
"7","300",7.8709647389348
"8","500",-3.72311491553809
