"","parameter","value"
"1","alpha",4
"2","rho",1
"3","sigma_sim",3
"4","0",-0.35379114644643
"5","50",0.956030068571154
"6","150",-0.17007163842585
"7","300",-2.40125572184936
"8","500",2.06719725003587
