"","parameter","value"
"1","alpha",4
"2","rho",1
"3","sigma_sim",3
"4","0",1.57237854437443
"5","50",1.70347928202174
"6","150",1.40818083657363
"7","300",3.08591939820308
"8","500",-2.3892701975746
