"","parameter","value"
"1","alpha",4
"2","rho",1
"3","sigma_sim",3
"4","0",0.702985145045398
"5","50",-0.837893585990001
"6","150",-2.48298818133495
"7","300",0.575776768004618
"8","500",4.95519418567397
