"","parameter","value"
"1","alpha",4
"2","rho",1
"3","sigma_sim",3
"4","0",3.51088526292935
"5","50",1.94841543636674
"6","150",-1.67499991404924
"7","300",1.25480728967112
"8","500",7.35147339284761
