"","parameter","value"
"1","alpha",4
"2","rho",1
"3","sigma_sim",3
"4","0",0.243274130333078
"5","50",-1.69726052381767
"6","150",-0.888578384829253
"7","300",-0.24509479948818
"8","500",-3.45473507099608
