"","parameter","value"
"1","alpha",4
"2","rho",1
"3","sigma_sim",3
"4","0",-4.55824462137646
"5","50",0.470641886912547
"6","150",-1.75945314262083
"7","300",2.24454687605527
"8","500",-2.91830924312128
