"","parameter","value"
"1","alpha",4
"2","rho",1
"3","sigma_sim",3
"4","0",1.62929172243879
"5","50",-1.66278110905
"6","150",3.0906483836841
"7","300",-0.0732421825708511
"8","500",1.99843467654532
