"","parameter","value"
"1","alpha",4
"2","rho",1
"3","sigma_sim",3
"4","0",0.602869404374229
"5","50",-2.26278587840663
"6","150",3.30932305857891
"7","300",-3.20409862065489
"8","500",-0.431735411979935
