"","parameter","value"
"1","alpha",4
"2","rho",1
"3","sigma_sim",3
"4","0",-1.09206148806138
"5","50",2.40740371461014
"6","150",-4.30318325770755
"7","300",-2.46677677124178
"8","500",1.01086556746529
