"","parameter","value"
"1","alpha",4
"2","rho",1
"3","sigma_sim",3
"4","0",-3.4113461737655
"5","50",5.89248192240637
"6","150",1.92410105672179
"7","300",4.58642697891673
"8","500",4.82895819300281
