"","parameter","value"
"1","alpha",4
"2","rho",1
"3","sigma_sim",3
"4","0",-2.00342257903752
"5","50",-1.31249352021023
"6","150",-1.15733608907369
"7","300",-2.58832930566184
"8","500",-0.428275851752192
