"","parameter","value"
"1","alpha",4
"2","rho",1
"3","sigma_sim",3
"4","0",2.24996833684867
"5","50",1.05447020541744
"6","150",1.71760176543921
"7","300",0.90313688550463
"8","500",-6.00453542590168
