"","parameter","value"
"1","alpha",4
"2","rho",1
"3","sigma_sim",3
"4","0",4.75169336186897
"5","50",-3.51622263597187
"6","150",-4.01166992717944
"7","300",4.56382548943072
"8","500",5.71256697797974
