"","parameter","value"
"1","alpha",4
"2","rho",1
"3","sigma_sim",3
"4","0",-3.63882997098323
"5","50",5.94499932834142
"6","150",-0.980788447064821
"7","300",-2.46092181705096
"8","500",2.90481532915776
