"","parameter","value"
"1","alpha",4
"2","rho",1
"3","sigma_sim",3
"4","0",2.82671585908497
"5","50",1.13612980767568
"6","150",-4.91967550258418
"7","300",-2.28249976331191
"8","500",2.43437070684862
