"","parameter","value"
"1","alpha",4
"2","rho",1
"3","sigma_sim",3
"4","0",3.70177899248191
"5","50",0.445738041301413
"6","150",-2.21011423314516
"7","300",-4.92727110524804
"8","500",2.672768249405
