"","parameter","value"
"1","alpha",4
"2","rho",2
"3","sigma_sim",3
"4","0",-0.504658316362426
"5","50",3.15627614821277
"6","150",0.487532943462076
"7","300",1.43095493858658
"8","500",4.96918590068419
