"","parameter","value"
"1","alpha",4
"2","rho",2
"3","sigma_sim",3
"4","0",-0.251788978558727
"5","50",-0.198463884459634
"6","150",3.19982838457699
"7","300",-4.99016895575756
"8","500",2.78894738281535
