"","parameter","value"
"1","alpha",4
"2","rho",2
"3","sigma_sim",3
"4","0",-3.23791655182762
"5","50",-3.9551509060624
"6","150",5.36668850592177
"7","300",-2.68309021327936
"8","500",-1.28235462093107
