"","parameter","value"
"1","alpha",4
"2","rho",2
"3","sigma_sim",3
"4","0",1.6957852684287
"5","50",4.51272124842341
"6","150",-6.49976081470218
"7","300",-1.82454852813242
"8","500",0.655583935791596
