"","parameter","value"
"1","alpha",4
"2","rho",2
"3","sigma_sim",3
"4","0",3.34877905492241
"5","50",-2.28874553112777
"6","150",-0.868466847015716
"7","300",1.52486805272289
"8","500",-8.4868198319537
