"","parameter","value"
"1","alpha",4
"2","rho",2
"3","sigma_sim",3
"4","0",2.74504254555171
"5","50",-5.52375819101549
"6","150",-3.43436637487649
"7","300",-0.145974225355424
"8","500",-2.40788925225855
