"","parameter","value"
"1","alpha",4
"2","rho",2
"3","sigma_sim",3
"4","0",-2.98968334352804
"5","50",-0.866003443625959
"6","150",-0.605426249682737
"7","300",0.896112988008347
"8","500",6.43680921615312
