"","parameter","value"
"1","alpha",4
"2","rho",2
"3","sigma_sim",3
"4","0",1.63092222984166
"5","50",-0.018700405767827
"6","150",-0.859140189948489
"7","300",-1.23622258600543
"8","500",-0.0558704819307477
