"","parameter","value"
"1","alpha",4
"2","rho",2
"3","sigma_sim",3
"4","0",2.43926071748943
"5","50",-6.77849183480168
"6","150",3.9943532457254
"7","300",3.53991740988347
"8","500",-7.81083008586761
