"","parameter","value"
"1","alpha",4
"2","rho",2
"3","sigma_sim",3
"4","0",-3.46598996433364
"5","50",-1.78936382159815
"6","150",-4.7131172531133
"7","300",-2.05686614205963
"8","500",-2.68878235505746
