"","parameter","value"
"1","alpha",4
"2","rho",2
"3","sigma_sim",3
"4","0",3.86779330108203
"5","50",4.3801946852077
"6","150",-5.54259801609043
"7","300",0.487294190653755
"8","500",0.227401393254769
