"","parameter","value"
"1","alpha",4
"2","rho",2
"3","sigma_sim",3
"4","0",-0.311009017756188
"5","50",-4.62052805084393
"6","150",4.45640912465894
"7","300",-4.50718599306101
"8","500",0.660218922145084
