"","parameter","value"
"1","alpha",4
"2","rho",2
"3","sigma_sim",3
"4","0",-0.626277662076694
"5","50",2.3036451130728
"6","150",-0.271589610692538
"7","300",3.31300201604146
"8","500",0.729424811772249
