"","parameter","value"
"1","alpha",4
"2","rho",2
"3","sigma_sim",3
"4","0",1.01821244027751
"5","50",3.99649892269475
"6","150",2.32428672205301
"7","300",0.257100068168007
"8","500",3.8256277138462
