"","parameter","value"
"1","alpha",4
"2","rho",2
"3","sigma_sim",3
"4","0",2.73199953499122
"5","50",3.59758143827167
"6","150",2.84389880184183
"7","300",-6.04948495633392
"8","500",-1.91086738537571
