"","parameter","value"
"1","alpha",4
"2","rho",2
"3","sigma_sim",3
"4","0",-2.85413588358302
"5","50",3.77473912660001
"6","150",5.35944423145031
"7","300",0.936809219048641
"8","500",-3.79977069846127
