"","parameter","value"
"1","alpha",4
"2","rho",2
"3","sigma_sim",3
"4","0",-3.98418598704607
"5","50",-1.67758477796894
"6","150",6.04445867748074
"7","300",1.96567888564693
"8","500",2.34056153864217
