"","parameter","value"
"1","alpha",4
"2","rho",2
"3","sigma_sim",3
"4","0",-0.246809439157991
"5","50",6.20366762871621
"6","150",-0.92966610131955
"7","300",1.25313606356882
"8","500",0.326919766077119
