"","parameter","value"
"1","alpha",4
"2","rho",2
"3","sigma_sim",3
"4","0",3.31243687593583
"5","50",-3.02584670433379
"6","150",4.83313612390443
"7","300",-4.81062892071698
"8","500",-7.6883594852488
