"","parameter","value"
"1","alpha",4
"2","rho",2
"3","sigma_sim",3
"4","0",2.02812016883344
"5","50",5.7882088494335
"6","150",-3.34661286525119
"7","300",3.09638010021749
"8","500",4.41808454697745
