"","parameter","value"
"1","alpha",4
"2","rho",3
"3","sigma_sim",3
"4","0",-1.35089780633018
"5","50",-3.63162706809445
"6","150",-1.12750540737364
"7","300",6.34718087735963
"8","500",3.90699667861614
