"","parameter","value"
"1","alpha",4
"2","rho",3
"3","sigma_sim",3
"4","0",-2.38487930541177
"5","50",-0.113299585037285
"6","150",-4.05297237198629
"7","300",-3.73141046931199
"8","500",-3.62518879909964
