"","parameter","value"
"1","alpha",4
"2","rho",3
"3","sigma_sim",3
"4","0",1.33017338663959
"5","50",3.50988573487157
"6","150",1.72451958851939
"7","300",-5.85168412108545
"8","500",3.52935450767271
