"","parameter","value"
"1","alpha",4
"2","rho",3
"3","sigma_sim",3
"4","0",1.16213581617295
"5","50",-3.20668538750309
"6","150",1.65239481817016
"7","300",6.60629668398229
"8","500",-2.17046126883548
