"","parameter","value"
"1","alpha",4
"2","rho",3
"3","sigma_sim",3
"4","0",-6.36276189370444
"5","50",2.97681580866406
"6","150",-2.0585241068299
"7","300",-0.636155316033977
"8","500",-3.65813250988635
