"","parameter","value"
"1","alpha",4
"2","rho",3
"3","sigma_sim",3
"4","0",0.641622910784674
"5","50",2.27744710211428
"6","150",4.51053375206315
"7","300",-3.90517209628179
"8","500",-1.94203122184529
