"","parameter","value"
"1","alpha",4
"2","rho",3
"3","sigma_sim",3
"4","0",-3.5053718053522
"5","50",-0.765082269825806
"6","150",0.645078233284237
"7","300",-3.74837430766912
"8","500",0.401841163230368
