"","parameter","value"
"1","alpha",4
"2","rho",3
"3","sigma_sim",3
"4","0",2.32864493001404
"5","50",-1.86262827813211
"6","150",-1.91550183356373
"7","300",4.44540307070089
"8","500",-2.02700181827294
