"","parameter","value"
"1","alpha",4
"2","rho",3
"3","sigma_sim",3
"4","0",-2.67862697502581
"5","50",4.82197282554286
"6","150",2.72572065478241
"7","300",-3.62789747930819
"8","500",2.83108786542883
