"","parameter","value"
"1","alpha",4
"2","rho",3
"3","sigma_sim",3
"4","0",0.0465590981011779
"5","50",4.57887569682774
"6","150",0.362696894178349
"7","300",1.04612998141013
"8","500",-0.180180567869257
