"","parameter","value"
"1","alpha",4
"2","rho",3
"3","sigma_sim",3
"4","0",-4.58396084747423
"5","50",6.31439487290109
"6","150",8.056039514412
"7","300",6.19761054515066
"8","500",-1.11014391440201
