"","parameter","value"
"1","alpha",4
"2","rho",3
"3","sigma_sim",3
"4","0",5.55137939217995
"5","50",-4.51814100237171
"6","150",3.57586407046454
"7","300",3.34796925181515
"8","500",-0.658672829855166
