"","parameter","value"
"1","alpha",4
"2","rho",3
"3","sigma_sim",3
"4","0",0.714298280486581
"5","50",1.29267820648656
"6","150",6.47608371410783
"7","300",0.745890669551523
"8","500",-4.9929543681577
