"","parameter","value"
"1","alpha",4
"2","rho",3
"3","sigma_sim",3
"4","0",1.10670947211658
"5","50",-1.12925050721677
"6","150",-0.463382168320818
"7","300",1.36510241268239
"8","500",1.75146523715472
