"","parameter","value"
"1","alpha",4
"2","rho",3
"3","sigma_sim",3
"4","0",-6.47988196393006
"5","50",3.59728755926215
"6","150",-0.496216261118208
"7","300",1.45812441985881
"8","500",7.85252864669821
