"","parameter","value"
"1","alpha",4
"2","rho",3
"3","sigma_sim",3
"4","0",-1.17132039632807
"5","50",1.36690907210882
"6","150",-1.72638657448481
"7","300",-3.44493519877517
"8","500",-3.49336413539909
