"","parameter","value"
"1","alpha",4
"2","rho",3
"3","sigma_sim",3
"4","0",-0.935212148790145
"5","50",1.00195889321084
"6","150",1.90315998271163
"7","300",-1.78796975941026
"8","500",0.10603137904729
