"","parameter","value"
"1","alpha",4
"2","rho",3
"3","sigma_sim",3
"4","0",3.28365440639872
"5","50",-8.89671780986844
"6","150",-1.66962312186196
"7","300",-4.18081961033471
"8","500",-0.378770834871005
