"","parameter","value"
"1","alpha",4
"2","rho",3
"3","sigma_sim",3
"4","0",-1.57784965887287
"5","50",1.15129464023699
"6","150",5.54924010733794
"7","300",0.257523783694268
"8","500",1.82779345063604
