"","parameter","value"
"1","alpha",4
"2","rho",3
"3","sigma_sim",3
"4","0",-2.85920972670583
"5","50",4.86507866225541
"6","150",-5.71838735090723
"7","300",-1.96661081645493
"8","500",1.24769594369962
