"","parameter","value"
"1","alpha",4
"2","rho",4
"3","sigma_sim",3
"4","0",-0.704176115769067
"5","50",-2.39910713334703
"6","150",-3.7960478321969
"7","300",-1.31741534655905
"8","500",-1.80073052828849
