"","parameter","value"
"1","alpha",4
"2","rho",4
"3","sigma_sim",3
"4","0",1.76862914706797
"5","50",1.86609023277683
"6","150",4.00997067567532
"7","300",-11.0782762171163
"8","500",0.935815306262073
