"","parameter","value"
"1","alpha",4
"2","rho",4
"3","sigma_sim",3
"4","0",3.92351220256997
"5","50",3.8034046820502
"6","150",1.32108369063511
"7","300",3.60940825045829
"8","500",-0.932966342499089
