"","parameter","value"
"1","alpha",4
"2","rho",4
"3","sigma_sim",3
"4","0",5.30537785206297
"5","50",1.1618335661441
"6","150",1.6755943937574
"7","300",-0.200458569461954
"8","500",1.51163688577152
