"","parameter","value"
"1","alpha",4
"2","rho",4
"3","sigma_sim",3
"4","0",-1.70746535615557
"5","50",2.08626601792725
"6","150",7.12517874817566
"7","300",3.03371441476418
"8","500",8.421265622058
