"","parameter","value"
"1","alpha",4
"2","rho",4
"3","sigma_sim",3
"4","0",-0.626953728660271
"5","50",-3.75770816619097
"6","150",-5.33547532630846
"7","300",-4.86146154768364
"8","500",-3.09764387767916
