"","parameter","value"
"1","alpha",4
"2","rho",4
"3","sigma_sim",3
"4","0",-0.165150754344687
"5","50",-1.51115587410909
"6","150",5.18263219800263
"7","300",5.20543047752632
"8","500",-1.17445933648315
