"","parameter","value"
"1","alpha",4
"2","rho",4
"3","sigma_sim",3
"4","0",-1.05262900818287
"5","50",5.54446676071799
"6","150",7.30345338265999
"7","300",-0.28452553253534
"8","500",2.68659369277671
