"","parameter","value"
"1","alpha",4
"2","rho",4
"3","sigma_sim",3
"4","0",-0.964585111709648
"5","50",4.73548409915888
"6","150",2.07626838521939
"7","300",-1.03801287700001
"8","500",0.528170031679512
