"","parameter","value"
"1","alpha",4
"2","rho",4
"3","sigma_sim",3
"4","0",-0.938260608868785
"5","50",2.920854876774
"6","150",2.79031262037819
"7","300",-1.21282668992154
"8","500",1.42212967376761
