"","parameter","value"
"1","alpha",4
"2","rho",4
"3","sigma_sim",3
"4","0",2.02572026387849
"5","50",3.08954641818564
"6","150",2.2877952831919
"7","300",-0.0945617528675612
"8","500",3.23706715741071
