"","parameter","value"
"1","alpha",4
"2","rho",4
"3","sigma_sim",3
"4","0",4.28496808216517
"5","50",-5.05678304681696
"6","150",-0.800495361728025
"7","300",1.48376727557216
"8","500",-3.64491475942325
