"","parameter","value"
"1","alpha",4
"2","rho",4
"3","sigma_sim",3
"4","0",-1.80533034169866
"5","50",-3.52486886676328
"6","150",5.32896628010567
"7","300",-0.0822784127586188
"8","500",-2.33852567425076
