"","parameter","value"
"1","alpha",4
"2","rho",4
"3","sigma_sim",3
"4","0",1.69925889303648
"5","50",-0.571260157381854
"6","150",1.47423529658777
"7","300",0.824373158942508
"8","500",3.02880140688049
