"","parameter","value"
"1","alpha",4
"2","rho",4
"3","sigma_sim",3
"4","0",4.47915818854337
"5","50",4.21235449832984
"6","150",-3.41986489367232
"7","300",-3.59306873809434
"8","500",-2.33990362604707
