"","parameter","value"
"1","alpha",4
"2","rho",4
"3","sigma_sim",3
"4","0",-5.28702783050251
"5","50",1.9336540629157
"6","150",2.47723559953929
"7","300",-1.2709019633679
"8","500",-0.651701368453043
