"","parameter","value"
"1","alpha",4
"2","rho",4
"3","sigma_sim",3
"4","0",-2.53425753768295
"5","50",-0.795992640558599
"6","150",5.09828506779082
"7","300",-0.0591505100644697
"8","500",-4.15117505944769
