"","parameter","value"
"1","alpha",4
"2","rho",4
"3","sigma_sim",3
"4","0",4.73084337841559
"5","50",-1.03567703317703
"6","150",4.50920358385268
"7","300",-1.19459419433282
"8","500",2.08132038365178
