"","parameter","value"
"1","alpha",4
"2","rho",4
"3","sigma_sim",3
"4","0",0.84790315044281
"5","50",0.990277709189459
"6","150",-1.14918540186193
"7","300",-3.11057230135115
"8","500",0.930482383445364
