"","parameter","value"
"1","alpha",4
"2","rho",4
"3","sigma_sim",3
"4","0",7.91465448545191
"5","50",-1.06238867707606
"6","150",4.34589380730161
"7","300",2.47769264512966
"8","500",-1.32548414836957
